time,Backup:backupCopyFilesCount,Backup:backupCopyFilesMs,BtreeOp:nBinDeltaDelete,BtreeOp:nBinDeltaGet,BtreeOp:nBinDeltaInsert,BtreeOp:nBinDeltaUpdate,BtreeOp:nRootSplits,BtreeOp:relatchesRequired,Cache:DOSBytes,Cache:adminBytes,Cache:cacheTotalBytes,Cache:dataBytes,Cache:lockBytes,Cache:lruDirtySize,Cache:lruMixedSize,Cache:nBINDeltasFetchMiss,Cache:nBINsFetch,Cache:nBINsFetchMiss,Cache:nBINsFetchMissRatio,Cache:nBinDeltaBlindOps,Cache:nBytesEvictedCACHEMODE,Cache:nBytesEvictedCRITICAL,Cache:nBytesEvictedDAEMON,Cache:nBytesEvictedEVICTORTHREAD,Cache:nBytesEvictedMANUAL,Cache:nCachedBINDeltas,Cache:nCachedBINs,Cache:nCachedUpperINs,Cache:nDirtyNodesEvicted,Cache:nEvictionRuns,Cache:nFullBINsMiss,Cache:nINCompactKey,Cache:nINNoTarget,Cache:nINSparseTarget,Cache:nLNsEvicted,Cache:nLNsFetch,Cache:nLNsFetchMiss,Cache:nNodesEvicted,Cache:nNodesMovedToDirtyLRU,Cache:nNodesMutated,Cache:nNodesPutBack,Cache:nNodesSkipped,Cache:nNodesStripped,Cache:nNodesTargeted,Cache:nRootNodesEvicted,Cache:nSharedCacheEnvironments,Cache:nThreadUnavailable,Cache:nUpperINsFetch,Cache:nUpperINsFetchMiss,Cache:sharedCacheTotalBytes,Checkpoints:lastCheckpointEnd,Checkpoints:lastCheckpointId,Checkpoints:lastCheckpointInterval,Checkpoints:lastCheckpointStart,Checkpoints:nCheckpoints,Checkpoints:nDeltaINFlush,Checkpoints:nFullBINFlush,Checkpoints:nFullINFlush,Cleaning:activeLogSize,Cleaning:availableLogSize,Cleaning:maxPredictedUtilization,Cleaning:maxUtilization,Cleaning:minPredictedUtilization,Cleaning:minUtilization,Cleaning:nBINDeltasCleaned,Cleaning:nBINDeltasDead,Cleaning:nBINDeltasMigrated,Cleaning:nBINDeltasObsolete,Cleaning:nCleanerDeletions,Cleaning:nCleanerDisksReads,Cleaning:nCleanerEntriesRead,Cleaning:nCleanerRuns,Cleaning:nINsCleaned,Cleaning:nINsDead,Cleaning:nINsMigrated,Cleaning:nINsObsolete,Cleaning:nLNQueueHits,Cleaning:nLNsCleaned,Cleaning:nLNsDead,Cleaning:nLNsExpired,Cleaning:nLNsExtinct,Cleaning:nLNsLocked,Cleaning:nLNsMarked,Cleaning:nLNsMigrated,Cleaning:nLNsObsolete,Cleaning:nPendingDBsIncomplete,Cleaning:nPendingDBsProcessed,Cleaning:nPendingLNsLocked,Cleaning:nPendingLNsProcessed,Cleaning:nRevisalRuns,Cleaning:nTwoPassRuns,Cleaning:pendingDBQueueSize,Cleaning:pendingLNQueueSize,Cleaning:protectedLogSize,Cleaning:protectedLogSizeMap,Cleaning:reservedLogSize,Cleaning:totalLogSize,Environment:environmentCreationTime,Eraser:eraserCycleEnd,Eraser:eraserCycleStart,Eraser:eraserFSyncs,Eraser:eraserFilesAlreadyDeleted,Eraser:eraserFilesDeleted,Eraser:eraserFilesErased,Eraser:eraserFilesRemaining,Eraser:eraserReadBytes,Eraser:eraserReads,Eraser:eraserWriteBytes,Eraser:eraserWrites,I/O:bufferBytes,I/O:endOfLog,I/O:fSync95Ms,I/O:fSync99Ms,I/O:fSyncAvgMs,I/O:fSyncMaxMs,I/O:nBytesReadFromWriteQueue,I/O:nBytesWrittenFromWriteQueue,I/O:nCacheMiss,I/O:nFSyncRequests,I/O:nFSyncs,I/O:nFileOpens,I/O:nGroupCommitRequests,I/O:nGrpCommitTimeouts,I/O:nLogBuffers,I/O:nLogFSyncs,I/O:nNoFreeBuffer,I/O:nNotResident,I/O:nOpenFiles,I/O:nRandomReadBytes,I/O:nRandomReads,I/O:nRandomWriteBytes,I/O:nRandomWrites,I/O:nReadsFromWriteQueue,I/O:nRepeatFaultReads,I/O:nRepeatIteratorReads,I/O:nSequentialReadBytes,I/O:nSequentialReads,I/O:nSequentialWriteBytes,I/O:nSequentialWrites,I/O:nTempBufferWrites,I/O:nWriteQueueOverflow,I/O:nWriteQueueOverflowFailures,I/O:nWritesFromWriteQueue,Jvm:G1 Concurrent GC.count,Jvm:G1 Concurrent GC.time,Jvm:G1 Old Generation.count,Jvm:G1 Old Generation.time,Jvm:G1 Young Generation.count,Jvm:G1 Young Generation.time,Jvm:heap,Jvm:loadAverage,Locks:nLatchAcquireNoWaitUnsuccessful,Locks:nLatchAcquiresNoWaitSuccessful,Locks:nLatchAcquiresNoWaiters,Locks:nLatchAcquiresSelfOwned,Locks:nLatchAcquiresWithContention,Locks:nLatchReleases,Locks:nRequests,Locks:nWaits,Node Compression:cursorsBins,Node Compression:dbClosedBins,Node Compression:inCompQueueSize,Node Compression:nonEmptyBins,Node Compression:processedBins,Node Compression:splitBins,OffHeap:offHeapAllocFailure,OffHeap:offHeapAllocOverflow,OffHeap:offHeapBINsLoaded,OffHeap:offHeapBINsStored,OffHeap:offHeapCachedBINDeltas,OffHeap:offHeapCachedBINs,OffHeap:offHeapCachedLNs,OffHeap:offHeapCriticalNodesTargeted,OffHeap:offHeapDirtyNodesEvicted,OffHeap:offHeapLNsEvicted,OffHeap:offHeapLNsLoaded,OffHeap:offHeapLNsStored,OffHeap:offHeapLruSize,OffHeap:offHeapNodesEvicted,OffHeap:offHeapNodesMutated,OffHeap:offHeapNodesSkipped,OffHeap:offHeapNodesStripped,OffHeap:offHeapNodesTargeted,OffHeap:offHeapThreadUnavailable,OffHeap:offHeapTotalBlocks,OffHeap:offHeapTotalBytes,Op:priDelete,Op:priDeleteFail,Op:priInsert,Op:priInsertFail,Op:priPosition,Op:priSearch,Op:priSearchFail,Op:priUpdate,Op:secDelete,Op:secInsert,Op:secPosition,Op:secSearch,Op:secSearchFail,Op:secUpdate,TaskCoordinator:nApplicationPermits,TaskCoordinator:nDeficitPermits,TaskCoordinator:nRealPermits
2024-10-18 08:10:31.966 UTC, , , , , , , , , ,125,3217005,68352,2800, ,11, ,4, , , , , , , , , ,11,11, , , ,6,6,14, ,2, , , , , , , , , , , , , , ,59218,6, ,58940, , , , ,59266,229479272448,21,21,21,21, , , , , , , , , , , , , , , , , , , , , , , , , , , , , , , , ,59266,1729236077981,,, , , , , , , , , ,3145728,59218, , , , , , , , , , , , ,3, , , ,1, , , , , , , , , , , , , , , , , , , , , ,120057464,2, , , , , , ,4, , , , , , , , , , , , , , , , , , , , , , , , , , , , , , , , , ,4, , , , , , , , , , , 
2024-10-18 08:11:32.031 UTC, , , , , , , , , ,125,3217005,68352,2800, ,11, ,4, , , , , , , , , ,11,11, , , ,6,6,14, ,2, , , , , , , , , , , , , , ,59218,6, ,58940, , , , ,59266,229479260160,21,21,21,21, , , , , , , , , , , , , , , , , , , , , , , , , , , , , , , , ,59266,1729236077981,,, , , , , , , , , ,3145728,59218, , , , , , , , , , , , ,3, , , ,1, , , , , , , , , , , , , , , , , , , ,1,5,99963296,2, , , , , , ,4, , , , , , , , , , , , , , , , , , , , , , , , , , , , , , , , , ,4, , , , , , , , , , , 
2024-10-18 08:12:32.036 UTC, , , , , , , , , ,125,3217005,68352,2800, ,11, ,4, , , , , , , , , ,11,11, , , ,6,6,14, ,2, , , , , , , , , , , , , , ,59218,6, ,58940, , , , ,59266,229479260160,21,21,21,21, , , , , , , , , , , , , , , , , , , , , , , , , , , , , , , , ,59266,1729236077981,,, , , , , , , , , ,3145728,59218, , , , , , , , , , , , ,3, , , ,1, , , , , , , , , , , , , , , ,2,31, , ,1,3,79174824,2, , , , , , ,4, , , , , , , , , , , , , , , , , , , , , , , , , , , , , , , , , ,4, , , , , , , , , , , 
2024-10-18 08:13:32.042 UTC, , , , , , , , , ,125,3217005,68352,2800, ,11, ,2, , , , , , , , , ,11,11, , , ,6,6,14, ,1, , , , , , , , , , , , , , ,59218,6, ,58940, , , , ,59266,229479260160,21,21,21,21, , , , , , , , , , , , , , , , , , , , , , , , , , , , , , , , ,59266,1729236077981,,, , , , , , , , , ,3145728,59218, , , , , , , , , , , , ,3, , , ,1, , , , , , , , , , , , , , , , , , , ,1,2,58132888,2, , , , , , ,2, , , , , , , , , , , , , , , , , , , , , , , , , , , , , , , , , ,2, , , , , , , , , , , 
2024-10-18 08:14:32.049 UTC, , , , , , , , , ,125,3217005,68352,2800, ,11, ,4, , , , , , , , , ,11,11, , , ,6,6,14, ,2, , , , , , , , , , , , , , ,59218,6, ,58940, , , , ,59266,229479260160,21,21,21,21, , , , , , , , , , , , , , , , , , , , , , , , , , , , , , , , ,59266,1729236077981,,, , , , , , , , , ,3145728,59218, , , , , , , , , , , , ,3, , , ,1, , , , , , , , , , , , , , , , , , , , , ,112658840,2, , , , , , ,4, , , , , , , , , , , , , , , , , , , , , , , , , , , , , , , , , ,4, , , , , , , , , , , 
2024-10-18 08:15:32.055 UTC, , , , , , , , , ,125,3217005,68352,2800, ,11, ,4, , , , , , , , , ,11,11, , , ,6,6,14, ,2, , , , , , , , , , , , , , ,59218,6, ,58940, , , , ,59266,229479260160,21,21,21,21, , , , , , , , , , , , , , , , , , , , , , , , , , , , , , , , ,59266,1729236077981,,, , , , , , , , , ,3145728,59218, , , , , , , , , , , , ,3, , , ,1, , , , , , , , , , , , , , , , , , , ,1,8,91612088,2, , , , , , ,4, , , , , , , , , , , , , , , , , , , , , , , , , , , , , , , , , ,4, , , , , , , , , , , 
2024-10-18 08:16:32.064 UTC, , , , , , , , , ,125,3217005,68352,2800, ,11, ,4, , , , , , , , , ,11,11, , , ,6,6,14, ,2, , , , , , , , , , , , , , ,59218,6, ,58940, , , , ,59266,229479260160,21,21,21,21, , , , , , , , , , , , , , , , , , , , , , , , , , , , , , , , ,59266,1729236077981,,, , , , , , , , , ,3145728,59218, , , , , , , , , , , , ,3, , , ,1, , , , , , , , , , , , , , , ,2,5, , ,1,2,70629376,2, , , , , , ,4, , , , , , , , , , , , , , , , , , , , , , , , , , , , , , , , , ,4, , , , , , , , , , , 
2024-10-18 08:17:32.075 UTC, , , , , , , , , ,125,3217005,68352,2800, ,11, ,2, , , , , , , , , ,11,11, , , ,6,6,14, ,1, , , , , , , , , , , , , , ,59218,6, ,58940, , , , ,59266,229479256064,21,21,21,21, , , , , , , , , , , , , , , , , , , , , , , , , , , , , , , , ,59266,1729236077981,,, , , , , , , , , ,3145728,59218, , , , , , , , , , , , ,3, , , ,1, , , , , , , , , , , , , , , , , , , , , ,124106752,2, , , , , , ,2, , , , , , , , , , , , , , , , , , , , , , , , , , , , , , , , , ,2, , , , , , , , , , , 
2024-10-18 08:18:32.089 UTC, , , , , , , , , ,125,3217005,68352,2800, ,11, ,4, , , , , , , , , ,11,11, , , ,6,6,14, ,2, , , , , , , , , , , , , , ,59218,6, ,58940, , , , ,59266,229479256064,21,21,21,21, , , , , , , , , , , , , , , , , , , , , , , , , , , , , , , , ,59266,1729236077981,,, , , , , , , , , ,3145728,59218, , , , , , , , , , , , ,3, , , ,1, , , , , , , , , , , , , , , , , , , ,1,10,104280024,2, , , , , , ,4, , , , , , , , , , , , , , , , , , , , , , , , , , , , , , , , , ,4, , , , , , , , , , , 
2024-10-18 08:19:32.095 UTC, , , , , , , , , ,125,3217005,68352,2800, ,11, ,4, , , , , , , , , ,11,11, , , ,6,6,14, ,2, , , , , , , , , , , , , , ,59218,6, ,58940, , , , ,59266,229479256064,21,21,21,21, , , , , , , , , , , , , , , , , , , , , , , , , , , , , , , , ,59266,1729236077981,,, , , , , , , , , ,3145728,59218, , , , , , , , , , , , ,3, , , ,1, , , , , , , , , , , , , , , , , , , ,1,61,83124696,2, , , , , , ,4, , , , , , , , , , , , , , , , , , , , , , , , , , , , , , , , , ,4, , , , , , , , , , , 
2024-10-18 08:20:32.100 UTC, , , , , , , , , ,125,3217005,68352,2800, ,11, ,4, , , , , , , , , ,11,11, , , ,6,6,14, ,2, , , , , , , , , , , , , , ,59218,6, ,58940, , , , ,59266,229479256064,21,21,21,21, , , , , , , , , , , , , , , , , , , , , , , , , , , , , , , , ,59266,1729236077981,,, , , , , , , , , ,3145728,59218, , , , , , , , , , , , ,3, , , ,1, , , , , , , , , , , , , , , ,2,8, , ,1,4,63223112,2, , , , , , ,4, , , , , , , , , , , , , , , , , , , , , , , , , , , , , , , , , ,4, , , , , , , , , , , 
2024-10-18 08:21:32.106 UTC, , , , , , , , , ,125,3217005,68352,2800, ,11, ,4, , , , , , , , , ,11,11, , , ,6,6,14, ,2, , , , , , , , , , , , , , ,59218,6, ,58940, , , , ,59266,229479256064,21,21,21,21, , , , , , , , , , , , , , , , , , , , , , , , , , , , , , , , ,59266,1729236077981,,, , , , , , , , , ,3145728,59218, , , , , , , , , , , , ,3, , , ,1, , , , , , , , , , , , , , , , , , , , , ,117749064,2, , , , , , ,4, , , , , , , , , , , , , , , , , , , , , , , , , , , , , , , , , ,4, , , , , , , , , , , 
2024-10-18 08:22:32.111 UTC, , , , , , , , , ,125,3217005,68352,2800, ,11, ,2, , , , , , , , , ,11,11, , , ,6,6,14, ,1, , , , , , , , , , , , , , ,59218,6, ,58940, , , , ,59266,229479256064,21,21,21,21, , , , , , , , , , , , , , , , , , , , , , , , , , , , , , , , ,59266,1729236077981,,, , , , , , , , , ,3145728,59218, , , , , , , , , , , , ,3, , , ,1, , , , , , , , , , , , , , , , , , , ,1,3,95761192,2, , , , , , ,2, , , , , , , , , , , , , , , , , , , , , , , , , , , , , , , , , ,2, , , , , , , , , , , 
2024-10-18 08:23:32.116 UTC, , , , , , , , , ,125,3217005,68352,2800, ,11, ,4, , , , , , , , , ,11,11, , , ,6,6,14, ,2, , , , , , , , , , , , , , ,59218,6, ,58940, , , , ,59266,229479256064,21,21,21,21, , , , , , , , , , , , , , , , , , , , , , , , , , , , , , , , ,59266,1729236077981,,, , , , , , , , , ,3145728,59218, , , , , , , , , , , , ,3, , , ,1, , , , , , , , , , , , , , , ,2,58, , ,1,2,75843616,2, , , , , , ,4, , , , , , , , , , , , , , , , , , , , , , , , , , , , , , , , , ,4, , , , , , , , , , , 
2024-10-18 08:24:32.122 UTC, , , , , , , , , ,125,3217005,68352,2800, ,11, ,4, , , , , , , , , ,11,11, , , ,6,6,14, ,2, , , , , , , , , , , , , , ,59218,6, ,58940, , , , ,59266,229479256064,21,21,21,21, , , , , , , , , , , , , , , , , , , , , , , , , , , , , , , , ,59266,1729236077981,,, , , , , , , , , ,3145728,59218, , , , , , , , , , , , ,3, , , ,1, , , , , , , , , , , , , , , , , , , ,1,3,54905448,2, , , , , , ,4, , , , , , , , , , , , , , , , , , , , , , , , , , , , , , , , , ,4, , , , , , , , , , , 
2024-10-18 08:25:32.130 UTC, , , , , , , , , ,125,3217005,68352,2800, ,11, ,4, , , , , , , , , ,11,11, , , ,6,6,14, ,2, , , , , , , , , , , , , , ,59218,6, ,58940, , , , ,59266,229479251968,21,21,21,21, , , , , , , , , , , , , , , , , , , , , , , , , , , , , , , , ,59266,1729236077981,,, , , , , , , , , ,3145728,59218, , , , , , , , , , , , ,3, , , ,1, , , , , , , , , , , , , , , , , , , , , ,109431400,2, , , , , , ,4, , , , , , , , , , , , , , , , , , , , , , , , , , , , , , , , , ,4, , , , , , , , , , , 
2024-10-18 08:26:32.136 UTC, , , , , , , , , ,125,3217005,68352,2800, ,11, ,2, , , , , , , , , ,11,11, , , ,6,6,14, ,1, , , , , , , , , , , , , , ,59218,6, ,58940, , , , ,59266,229479251968,21,21,21,21, , , , , , , , , , , , , , , , , , , , , , , , , , , , , , , , ,59266,1729236077981,,, , , , , , , , , ,3145728,59218, , , , , , , , , , , , ,3, , , ,1, , , , , , , , , , , , , , , ,2,5, , ,1,2,88487824,2, , , , , , ,2, , , , , , , , , , , , , , , , , , , , , , , , , , , , , , , , , ,2, , , , , , , , , , , 
2024-10-18 08:27:32.145 UTC, , , , , , , , , ,125,3217005,68352,2800, ,11, ,4, , , , , , , , , ,11,11, , , ,6,6,14, ,2, , , , , , , , , , , , , , ,59218,6, ,58940, , , , ,59266,229479251968,21,21,21,21, , , , , , , , , , , , , , , , , , , , , , , , , , , , , , , , ,59266,1729236077981,,, , , , , , , , , ,3145728,59218, , , , , , , , , , , , ,3, , , ,1, , , , , , , , , , , , , , , , , , , ,1,2,68580968,2, , , , , , ,4, , , , , , , , , , , , , , , , , , , , , , , , , , , , , , , , , ,4, , , , , , , , , , , 
2024-10-18 08:28:32.151 UTC, , , , , , , , , ,125,3217005,68352,2800, ,11, ,4, , , , , , , , , ,11,11, , , ,6,6,14, ,2, , , , , , , , , , , , , , ,59218,6, ,58940, , , , ,59266,229479186432,21,21,21,21, , , , , , , , , , , , , , , , , , , , , , , , , , , , , , , , ,59266,1729236077981,,, , , , , , , , , ,3145728,59218, , , , , , , , , , , , ,3, , , ,1, , , , , , , , , , , , , , , , , , , , , ,122058344,2, , , , , , ,4, , , , , , , , , , , , , , , , , , , , , , , , , , , , , , , , , ,4, , , , , , , , , , , 
2024-10-18 08:29:32.158 UTC, , , , , , , , , ,125,3217005,68352,2800, ,11, ,4, , , , , , , , , ,11,11, , , ,6,6,14, ,2, , , , , , , , , , , , , , ,59218,6, ,58940, , , , ,59266,229479186432,21,21,21,21, , , , , , , , , , , , , , , , , , , , , , , , , , , , , , , , ,59266,1729236077981,,, , , , , , , , , ,3145728,59218, , , , , , , , , , , , ,3, , , ,1, , , , , , , , , , , , , , , , , , , ,1,4,101996600,2, , , , , , ,4, , , , , , , , , , , , , , , , , , , , , , , , , , , , , , , , , ,4, , , , , , , , , , , 
2024-10-18 08:30:32.164 UTC, , , , , , , , , ,125,3217005,68352,2800, ,11, ,4, , , , , , , , , ,11,11, , , ,6,6,14, ,2, , , , , , , , , , , , , , ,59218,6, ,58940, , , , ,59266,229479186432,21,21,21,21, , , , , , , , , , , , , , , , , , , , , , , , , , , , , , , , ,59266,1729236077981,,, , , , , , , , , ,3145728,59218, , , , , , , , , , , , ,3, , , ,1, , , , , , , , , , , , , , , ,2,5, , ,1,3,81114328,2, , , , , , ,4, , , , , , , , , , , , , , , , , , , , , , , , , , , , , , , , , ,4, , , , , , , , , , , 
2024-10-18 08:31:32.169 UTC, , , , , , , , , ,125,3217005,68352,2800, ,11, ,2, , , , , , , , , ,11,11, , , ,6,6,14, ,1, , , , , , , , , , , , , , ,59218,6, ,58940, , , , ,59266,229479186432,21,21,21,21, , , , , , , , , , , , , , , , , , , , , , , , , , , , , , , , ,59266,1729236077981,,, , , , , , , , , ,3145728,59218, , , , , , , , , , , , ,3, , , ,1, , , , , , , , , , , , , , , , , , , ,1,3,60137456,2, , , , , , ,2, , , , , , , , , , , , , , , , , , , , , , , , , , , , , , , , , ,2, , , , , , , , , , , 
2024-10-18 08:32:32.175 UTC, , , , , , , , , ,125,3217005,68352,2800, ,11, ,4, , , , , , , , , ,11,11, , , ,6,6,14, ,2, , , , , , , , , , , , , , ,59218,6, ,58940, , , , ,59266,229479186432,21,21,21,21, , , , , , , , , , , , , , , , , , , , , , , , , , , , , , , , ,59266,1729236077981,,, , , , , , , , , ,3145728,59218, , , , , , , , , , , , ,3, , , ,1, , , , , , , , , , , , , , , , , , , , , ,114663408,2, , , , , , ,4, , , , , , , , , , , , , , , , , , , , , , , , , , , , , , , , , ,4, , , , , , , , , , , 
2024-10-18 08:33:32.180 UTC, , , , , , , , , ,125,3217005,68352,2800, ,11, ,4, , , , , , , , , ,11,11, , , ,6,6,14, ,2, , , , , , , , , , , , , , ,59218,6, ,58940, , , , ,59266,229479182336,21,21,21,21, , , , , , , , , , , , , , , , , , , , , , , , , , , , , , , , ,59266,1729236077981,,, , , , , , , , , ,3145728,59218, , , , , , , , , , , , ,3, , , ,1, , , , , , , , , , , , , , , , , , , ,1,5,93565424,2, , , , , , ,4, , , , , , , , , , , , , , , , , , , , , , , , , , , , , , , , , ,4, , , , , , , , , , , 
2024-10-18 08:34:32.188 UTC, , , , , , , , , ,125,3217005,68352,2800, ,11, ,4, , , , , , , , , ,11,11, , , ,6,6,14, ,2, , , , , , , , , , , , , , ,59218,6, ,58940, , , , ,59266,229479182336,21,21,21,21, , , , , , , , , , , , , , , , , , , , , , , , , , , , , , , , ,59266,1729236077981,,, , , , , , , , , ,3145728,59218, , , , , , , , , , , , ,3, , , ,1, , , , , , , , , , , , , , , ,2,5, , ,1,2,72595720,2, , , , , , ,4, , , , , , , , , , , , , , , , , , , , , , , , , , , , , , , , , ,4, , , , , , , , , , , 
2024-10-18 08:35:32.193 UTC, , , , , , , , , ,125,3217005,68352,2800, ,11, ,4, , , , , , , , , ,11,11, , , ,6,6,14, ,2, , , , , , , , , , , , , , ,59218,6, ,58940, , , , ,59266,229479182336,21,21,21,21, , , , , , , , , , , , , , , , , , , , , , , , , , , , , , , , ,59266,1729236077981,,, , , , , , , , , ,3145728,59218, , , , , , , , , , , , ,3, , , ,1, , , , , , , , , , , , , , , , , , , ,1,4,51585056,2, , , , , , ,4, , , , , , , , , , , , , , , , , , , , , , , , , , , , , , , , , ,4, , , , , , , , , , , 
2024-10-18 08:36:32.199 UTC, , , , , , , , , ,125,3217005,68352,2800, ,11, ,2, , , , , , , , , ,11,11, , , ,6,6,14, ,1, , , , , , , , , , , , , , ,59218,6, ,58940, , , , ,59266,229479182336,21,21,21,21, , , , , , , , , , , , , , , , , , , , , , , , , , , , , , , , ,59266,1729236077981,,, , , , , , , , , ,3145728,59218, , , , , , , , , , , , ,3, , , ,1, , , , , , , , , , , , , , , , , , , , , ,106111008,2, , , , , , ,2, , , , , , , , , , , , , , , , , , , , , , , , , , , , , , , , , ,2, , , , , , , , , , , 
2024-10-18 08:37:32.203 UTC, , , , , , , , , ,125,3217005,68352,2800, ,11, ,4, , , , , , , , , ,11,11, , , ,6,6,14, ,2, , , , , , , , , , , , , , ,59218,6, ,58940, , , , ,59266,229479182336,21,21,21,21, , , , , , , , , , , , , , , , , , , , , , , , , , , , , , , , ,59266,1729236077981,,, , , , , , , , , ,3145728,59218, , , , , , , , , , , , ,3, , , ,1, , , , , , , , , , , , , , , , , , , ,1,10,85070312,2, , , , , , ,4, , , , , , , , , , , , , , , , , , , , , , , , , , , , , , , , , ,4, , , , , , , , , , , 
2024-10-18 08:38:32.210 UTC, , , , , , , , , ,125,3217005,68352,2800, ,11, ,4, , , , , , , , , ,11,11, , , ,6,6,14, ,2, , , , , , , , , , , , , , ,59218,6, ,58940, , , , ,59266,229479182336,21,21,21,21, , , , , , , , , , , , , , , , , , , , , , , , , , , , , , , , ,59266,1729236077981,,, , , , , , , , , ,3145728,59218, , , , , , , , , , , , ,3, , , ,1, , , , , , , , , , , , , , , ,2,15, , ,1,3,65188880,2, , , , , , ,4, , , , , , , , , , , , , , , , , , , , , , , , , , , , , , , , , ,4, , , , , , , , , , , 
2024-10-18 08:39:32.218 UTC, , , , , , , , , ,125,3217005,68352,2800, ,11, ,4, , , , , , , , , ,11,11, , , ,6,6,14, ,2, , , , , , , , , , , , , , ,59218,6, ,58940, , , , ,59266,229479182336,21,21,21,21, , , , , , , , , , , , , , , , , , , , , , , , , , , , , , , , ,59266,1729236077981,,, , , , , , , , , ,3145728,59218, , , , , , , , , , , , ,3, , , ,1, , , , , , , , , , , , , , , , , , , , , ,119714832,2, , , , , , ,4, , , , , , , , , , , , , , , , , , , , , , , , , , , , , , , , , ,4, , , , , , , , , , , 
2024-10-18 08:40:32.223 UTC, , , , , , , , , ,125,3221533,72880,2800, ,12, ,27,1,0.04, , , , , , , ,12,12, , , ,6,7,14, ,15,5, , , , , , , , , , , , , ,59218,6, ,58940, , , , ,59266,229479182336,21,21,21,21, , , , , , , , , , , , , , , , , , , , , , , , , , , , , , , , ,59266,1729236077981,,, , , , , , , , , ,3145728,59218, , , , , , ,7, , , , , ,3, , ,7,1, , , , , , , ,9627,7, , , , , , , , , , ,1,2,99861752,2, , , , , , ,26, , , , , , , , , , , , , , , , , , , , , , , , , , , , , , , , , ,26,1, , , , , , , , , , 
2024-10-18 08:41:32.230 UTC, , , , , , , , , ,125,3221533,72880,2800, ,12, ,45, , , , , , , , , ,12,12, , , ,6,7,14, ,24, , , , , , , , , , , , , , ,59218,6, ,58940, , , , ,59266,229479112704,21,21,21,21, , , , , , , , , , , , , , , , , , , , , , , , , , , , , , , , ,59266,1729236077981,,, , , , , , , , , ,3145728,59218, , , , , , , , , , , , ,3, , , ,1, , , , , , , , , , , , , , , ,2,6, , ,1,2,81066040,2, , , , , , ,44, , , , , , , , , , , , , , , , , , , , , , , , , , , , , , , , , ,44,1, , , , , , , , , , 
2024-10-18 08:42:32.249 UTC, , , , , , , , , ,125,3221533,72880,2800, ,12, ,4, , , , , , , , , ,12,12, , , ,6,7,14, ,2, , , , , , , , , , , , , , ,59218,6, ,58940, , , , ,59266,229479096320,21,21,21,21, , , , , , , , , , , , , , , , , , , , , , , , , , , , , , , , ,59266,1729236077981,,, , , , , , , , , ,3145728,59218, , , , , , , , , , , , ,3, , , ,1, , , , , , , , , , , , , , , , , , , ,1,4,60178288,2, , , , , , ,4, , , , , , , , , , , , , , , , , , , , , , , , , , , , , , , , , ,4, , , , , , , , , , , 
2024-10-18 08:43:32.255 UTC, , , , , , , , , ,125,3221533,72880,2800, ,12, ,2, , , , , , , , , ,12,12, , , ,6,7,14, ,1, , , , , , , , , , , , , , ,59218,6, ,58940, , , , ,59266,229478969344,21,21,21,21, , , , , , , , , , , , , , , , , , , , , , , , , , , , , , , , ,59266,1729236077981,,, , , , , , , , , ,3145728,59218, , , , , , , , , , , , ,3, , , ,1, , , , , , , , , , , , , , , , , , , , , ,114704240,2, , , , , , ,2, , , , , , , , , , , , , , , , , , , , , , , , , , , , , , , , , ,2, , , , , , , , , , , 
2024-10-18 08:44:32.262 UTC, , , , , , , , , ,125,3221533,72880,2800, ,12, ,4, , , , , , , , , ,12,12, , , ,6,7,14, ,2, , , , , , , , , , , , , , ,59218,6, ,58940, , , , ,59266,229479030784,21,21,21,21, , , , , , , , , , , , , , , , , , , , , , , , , , , , , , , , ,59266,1729236077981,,, , , , , , , , , ,3145728,59218, , , , , , , , , , , , ,3, , , ,1, , , , , , , , , , , , , , , ,2,6, , ,1,5,93698144,2, , , , , , ,4, , , , , , , , , , , , , , , , , , , , , , , , , , , , , , , , , ,4, , , , , , , , , , , 
2024-10-18 08:45:32.267 UTC, , , , , , , , , ,125,3221533,72880,2800, ,12, ,45, , , , , , , , , ,12,12, , , ,6,7,14, ,24, , , , , , , , , , , , , , ,59218,6, ,58940, , , , ,59266,229479026688,21,21,21,21, , , , , , , , , , , , , , , , , , , , , , , , , , , , , , , , ,59266,1729236077981,,, , , , , , , , , ,3145728,59218, , , , , , , , , , , , ,3, , , ,1, , , , , , , , , , , , , , , , , , , ,1,22,73944512,2, , , , , , ,44, , , , , , , , , , , , , , , , , , , , , , , , , , , , , , , , , ,44,1, , , , , , , , , , 
2024-10-18 08:46:32.288 UTC, , , , , , , , , ,125,3221533,72880,2800, ,12, ,2, , , , , , , , , ,12,12, , , ,6,7,14, ,1, , , , , , , , , , , , , , ,59218,6, ,58940, , , , ,59266,229479026688,21,21,21,21, , , , , , , , , , , , , , , , , , , , , , , , , , , , , , , , ,59266,1729236077981,,, , , , , , , , , ,3145728,59218, , , , , , , , , , , , ,3, , , ,1, , , , , , , , , , , , , , , , , , , ,1,3,54665384,2, , , , , , ,2, , , , , , , , , , , , , , , , , , , , , , , , , , , , , , , , , ,2, , , , , , , , , , , 
2024-10-18 08:47:32.306 UTC, , , , , , , , , ,125,3221533,72880,2800, ,12, ,4, , , , , , , , , ,12,12, , , ,6,7,14, ,2, , , , , , , , , , , , , , ,59218,6, ,58940, , , , ,59266,229479022592,21,21,21,21, , , , , , , , , , , , , , , , , , , , , , , , , , , , , , , , ,59266,1729236077981,,, , , , , , , , , ,3145728,59218, , , , , , , , , , , , ,3, , , ,1, , , , , , , , , , , , , , , , , , , , , ,109191336,2, , , , , , ,4, , , , , , , , , , , , , , , , , , , , , , , , , , , , , , , , , ,4, , , , , , , , , , , 
2024-10-18 08:48:32.315 UTC, , , , , , , , , ,125,3221533,72880,2800, ,12, ,4, , , , , , , , , ,12,12, , , ,6,7,14, ,2, , , , , , , , , , , , , , ,59218,6, ,58940, , , , ,59266,229479022592,21,21,21,21, , , , , , , , , , , , , , , , , , , , , , , , , , , , , , , , ,59266,1729236077981,,, , , , , , , , , ,3145728,59218, , , , , , , , , , , , ,3, , , ,1, , , , , , , , , , , , , , , ,2,5, , ,1,3,88282536,2, , , , , , ,4, , , , , , , , , , , , , , , , , , , , , , , , , , , , , , , , , ,4, , , , , , , , , , , 
2024-10-18 08:49:32.324 UTC, , , , , , , , , ,125,3221533,72880,2800, ,12, ,4, , , , , , , , , ,12,12, , , ,6,7,14, ,2, , , , , , , , , , , , , , ,59218,6, ,58940, , , , ,59266,229479018496,21,21,21,21, , , , , , , , , , , , , , , , , , , , , , , , , , , , , , , , ,59266,1729236077981,,, , , , , , , , , ,3145728,59218, , , , , , , , , , , , ,3, , , ,1, , , , , , , , , , , , , , , , , , , ,1,3,67370856,2, , , , , , ,4, , , , , , , , , , , , , , , , , , , , , , , , , , , , , , , , , ,4, , , , , , , , , , , 
2024-10-18 08:50:32.330 UTC, , , , , , , , , ,125,3221533,72880,2800, ,12, ,2, , , , , , , , , ,12,12, , , ,6,7,14, ,1, , , , , , , , , , , , , , ,59218,6, ,58940, , , , ,59266,229479018496,21,21,21,21, , , , , , , , , , , , , , , , , , , , , , , , , , , , , , , , ,59266,1729236077981,,, , , , , , , , , ,3145728,59218, , , , , , , , , , , , ,3, , , ,1, , , , , , , , , , , , , , , , , , , , , ,121896808,2, , , , , , ,2, , , , , , , , , , , , , , , , , , , , , , , , , , , , , , , , , ,2, , , , , , , , , , , 
2024-10-18 08:51:32.337 UTC, , , , , , , , , ,125,3221533,72880,2800, ,12, ,4, , , , , , , , , ,12,12, , , ,6,7,14, ,2, , , , , , , , , , , , , , ,59218,6, ,58940, , , , ,59266,229479018496,21,21,21,21, , , , , , , , , , , , , , , , , , , , , , , , , , , , , , , , ,59266,1729236077981,,, , , , , , , , , ,3145728,59218, , , , , , , , , , , , ,3, , , ,1, , , , , , , , , , , , , , , ,2,169, , ,1,2,100927000,2, , , , , , ,4, , , , , , , , , , , , , , , , , , , , , , , , , , , , , , , , , ,4, , , , , , , , , , , 
2024-10-18 08:52:32.343 UTC, , , , , , , , , ,125,3221533,72880,2800, ,12, ,4, , , , , , , , , ,12,12, , , ,6,7,14, ,2, , , , , , , , , , , , , , ,59218,6, ,58940, , , , ,59266,229479018496,21,21,21,21, , , , , , , , , , , , , , , , , , , , , , , , , , , , , , , , ,59266,1729236077981,,, , , , , , , , , ,3145728,59218, , , , , , , , , , , , ,3, , , ,1, , , , , , , , , , , , , , , , , , , ,1,3,81024792,2, , , , , , ,4, , , , , , , , , , , , , , , , , , , , , , , , , , , , , , , , , ,4, , , , , , , , , , , 
2024-10-18 08:53:32.348 UTC, , , , , , , , , ,125,3221533,72880,2800, ,12, ,2, , , , , , , , , ,12,12, , , ,6,7,14, ,1, , , , , , , , , , , , , , ,59218,6, ,58940, , , , ,59266,229479018496,21,21,21,21, , , , , , , , , , , , , , , , , , , , , , , , , , , , , , , , ,59266,1729236077981,,, , , , , , , , , ,3145728,59218, , , , , , , , , , , , ,3, , , ,1, , , , , , , , , , , , , , , ,2,6, , ,1,2,58976096,2, , , , , , ,2, , , , , , , , , , , , , , , , , , , , , , , , , , , , , , , , , ,2, , , , , , , , , , , 
2024-10-18 08:54:32.355 UTC, , , , , , , , , ,125,3221533,72880,2800, ,12, ,4, , , , , , , , , ,12,12, , , ,6,7,14, ,2, , , , , , , , , , , , , , ,59218,6, ,58940, , , , ,59266,229479014400,21,21,21,21, , , , , , , , , , , , , , , , , , , , , , , , , , , , , , , , ,59266,1729236077981,,, , , , , , , , , ,3145728,59218, , , , , , , , , , , , ,3, , , ,1, , , , , , , , , , , , , , , , , , , , , ,113502048,2, , , , , , ,4, , , , , , , , , , , , , , , , , , , , , , , , , , , , , , , , , ,4, , , , , , , , , , , 
2024-10-18 08:55:32.364 UTC, , , , , , , , , ,125,3221533,72880,2800, ,12, ,4, , , , , , , , , ,12,12, , , ,6,7,14, ,2, , , , , , , , , , , , , , ,59218,6, ,58940, , , , ,59266,229479014400,21,21,21,21, , , , , , , , , , , , , , , , , , , , , , , , , , , , , , , , ,59266,1729236077981,,, , , , , , , , , ,3145728,59218, , , , , , , , , , , , ,3, , , ,1, , , , , , , , , , , , , , , , , , , ,1,7,92526528,2, , , , , , ,4, , , , , , , , , , , , , , , , , , , , , , , , , , , , , , , , , ,4, , , , , , , , , , , 
2024-10-18 08:56:32.375 UTC, , , , , , , , , ,125,3221533,72880,2800, ,12, ,2, , , , , , , , , ,12,12, , , ,6,7,14, ,1, , , , , , , , , , , , , , ,59218,6, ,58940, , , , ,59266,229479010304,21,21,21,21, , , , , , , , , , , , , , , , , , , , , , , , , , , , , , , , ,59266,1729236077981,,, , , , , , , , , ,3145728,59218, , , , , , , , , , , , ,3, , , ,1, , , , , , , , , , , , , , , , , , , ,1,4,71470456,2, , , , , , ,2, , , , , , , , , , , , , , , , , , , , , , , , , , , , , , , , , ,2, , , , , , , , , , , 
2024-10-18 08:57:32.383 UTC, , , , , , , , , ,125,3221533,72880,2800, ,12, ,4, , , , , , , , , ,12,12, , , ,6,7,14, ,2, , , , , , , , , , , , , , ,59218,6, ,58940, , , , ,59266,229479002112,21,21,21,21, , , , , , , , , , , , , , , , , , , , , , , , , , , , , , , , ,59266,1729236077981,,, , , , , , , , , ,3145728,59218, , , , , , , , , , , , ,3, , , ,1, , , , , , , , , , , , , , , ,2,8, , ,1,3,50378104,2, , , , , , ,4, , , , , , , , , , , , , , , , , , , , , , , , , , , , , , , , , ,4, , , , , , , , , , , 
2024-10-18 08:58:32.390 UTC, , , , , , , , , ,125,3221533,72880,2800, ,12, ,4, , , , , , , , , ,12,12, , , ,6,7,14, ,2, , , , , , , , , , , , , , ,59218,6, ,58940, , , , ,59266,229478883328,21,21,21,21, , , , , , , , , , , , , , , , , , , , , , , , , , , , , , , , ,59266,1729236077981,,, , , , , , , , , ,3145728,59218, , , , , , , , , , , , ,3, , , ,1, , , , , , , , , , , , , , , , , , , , , ,104904056,2, , , , , , ,4, , , , , , , , , , , , , , , , , , , , , , , , , , , , , , , , , ,4, , , , , , , , , , , 
2024-10-18 08:59:32.396 UTC, , , , , , , , , ,125,3221533,72880,2800, ,12, ,2, , , , , , , , , ,12,12, , , ,6,7,14, ,1, , , , , , , , , , , , , , ,59218,6, ,58940, , , , ,59266,229478883328,21,21,21,21, , , , , , , , , , , , , , , , , , , , , , , , , , , , , , , , ,59266,1729236077981,,, , , , , , , , , ,3145728,59218, , , , , , , , , , , , ,3, , , ,1, , , , , , , , , , , , , , , , , , , ,1,2,84079664,2, , , , , , ,2, , , , , , , , , , , , , , , , , , , , , , , , , , , , , , , , , ,2, , , , , , , , , , , 
2024-10-18 09:00:35.803 UTC, , , , , , , , , ,125,3221533,72880,2800, ,12, ,4, , , , , , , , , ,12,12, , , ,6,7,14, ,2, , , , , , , , , , , , , , ,59218,6, ,58940, , , , ,59266,229453750272,21,21,21,21, , , , , , , , , , , , , , , , , , , , , , , , , , , , , , , , ,59266,1729236077981,,, , , , , , , , , ,3145728,59218, , , , , , , , , , , , ,3, , , ,1, , , , , , , , , , , , , , , , , , , ,1,16,65996056,2, , , , , , ,4, , , , , , , , , , , , , , , , , , , , , , , , , , , , , , , , , ,4, , , , , , , , , , , 
2024-10-18 09:01:35.808 UTC, , , , , , , , , ,125,3221533,72880,2800, ,12, ,4, , , , , , , , , ,12,12, , , ,6,7,14, ,2, , , , , , , , , , , , , , ,59218,6, ,58940, , , , ,59266,229453750272,21,21,21,21, , , , , , , , , , , , , , , , , , , , , , , , , , , , , , , , ,59266,1729236077981,,, , , , , , , , , ,3145728,59218, , , , , , , , , , , , ,3, , , ,1, , , , , , , , , , , , , , , , , , , , , ,120522008,2, , , , , , ,4, , , , , , , , , , , , , , , , , , , , , , , , , , , , , , , , , ,4, , , , , , , , , , , 
2024-10-18 09:02:35.815 UTC, , , , , , , , , ,125,3221533,72880,2800, ,12, ,43, , , , , , , , , ,12,12, , , ,6,7,14, ,23, , , , , , , , , , , , , , ,59218,6, ,58940, , , , ,59266,229453750272,21,21,21,21, , , , , , , , , , , , , , , , , , , , , , , , , , , , , , , , ,59266,1729236077981,,, , , , , , , , , ,3145728,59218, , , , , , , , , , , , ,3, , , ,1, , , , , , , , , , , , , , , ,2,7, , ,1,2,100824056,2, , , , , , ,42, , , , , , , , , , , , , , , , , , , , , , , , , , , , , , , , , ,42,1, , , , , , , , , , 
2024-10-18 09:03:35.823 UTC, , , , , , , , , ,125,3221533,72880,2800, ,12, ,4, , , , , , , , , ,12,12, , , ,6,7,14, ,2, , , , , , , , , , , , , , ,59218,6, ,58940, , , , ,59266,229453742080,21,21,21,21, , , , , , , , , , , , , , , , , , , , , , , , , , , , , , , , ,59266,1729236077981,,, , , , , , , , , ,3145728,59218, , , , , , , , , , , , ,3, , , ,1, , , , , , , , , , , , , , , , , , , ,1,3,81078112,2, , , , , , ,4, , , , , , , , , , , , , , , , , , , , , , , , , , , , , , , , , ,4, , , , , , , , , , , 
2024-10-18 09:04:35.826 UTC, , , , , , , , , ,125,3221533,72880,2800, ,12, ,4, , , , , , , , , ,12,12, , , ,6,7,14, ,2, , , , , , , , , , , , , , ,59218,6, ,58940, , , , ,59266,229453725696,21,21,21,21, , , , , , , , , , , , , , , , , , , , , , , , , , , , , , , , ,59266,1729236077981,,, , , , , , , , , ,3145728,59218, , , , , , , , , , , , ,3, , , ,1, , , , , , , , , , , , , , , ,2,5, , ,1,9,59890696,2, , , , , , ,4, , , , , , , , , , , , , , , , , , , , , , , , , , , , , , , , , ,4, , , , , , , , , , , 
2024-10-18 09:05:35.862 UTC, , , , , , , , , ,125,3221533,72880,2800, ,12, ,4, , , , , , , , , ,12,12, , , ,6,7,14, ,2, , , , , , , , , , , , , , ,59218,6, ,58940, , , , ,59266,229453717504,21,21,21,21, , , , , , , , , , , , , , , , , , , , , , , , , , , , , , , , ,59266,1729236077981,,, , , , , , , , , ,3145728,59218, , , , , , , , , , , , ,3, , , ,1, , , , , , , , , , , , , , , , , , , , , ,114416648,2, , , , , , ,4, , , , , , , , , , , , , , , , , , , , , , , , , , , , , , , , , ,4, , , , , , , , , , , 
2024-10-18 09:06:35.883 UTC, , , , , , , , , ,125,3221533,72880,2800, ,12, ,2, , , , , , , , , ,12,12, , , ,6,7,14, ,1, , , , , , , , , , , , , , ,59218,6, ,58940, , , , ,59266,229453717504,21,21,21,21, , , , , , , , , , , , , , , , , , , , , , , , , , , , , , , , ,59266,1729236077981,,, , , , , , , , , ,3145728,59218, , , , , , , , , , , , ,3, , , ,1, , , , , , , , , , , , , , , , , , , ,1,2,93512272,2, , , , , , ,2, , , , , , , , , , , , , , , , , , , , , , , , , , , , , , , , , ,2, , , , , , , , , , , 
2024-10-18 09:07:35.888 UTC, , , , , , , , , ,125,3221533,72880,2800, ,12, ,4, , , , , , , , , ,12,12, , , ,6,7,14, ,2, , , , , , , , , , , , , , ,59218,6, ,58940, , , , ,59266,229453721600,21,21,21,21, , , , , , , , , , , , , , , , , , , , , , , , , , , , , , , , ,59266,1729236077981,,, , , , , , , , , ,3145728,59218, , , , , , , , , , , , ,3, , , ,1, , , , , , , , , , , , , , , ,2,5, , ,1,2,73647368,2, , , , , , ,4, , , , , , , , , , , , , , , , , , , , , , , , , , , , , , , , , ,4, , , , , , , , , , , 
2024-10-18 09:08:35.893 UTC, , , , , , , , , ,125,3221533,72880,2800, ,12, ,4, , , , , , , , , ,12,12, , , ,6,7,14, ,2, , , , , , , , , , , , , , ,59218,6, ,58940, , , , ,59266,229453451264,21,21,21,21, , , , , , , , , , , , , , , , , , , , , , , , , , , , , , , , ,59266,1729236077981,,, , , , , , , , , ,3145728,59218, , , , , , , , , , , , ,3, , , ,1, , , , , , , , , , , , , , , , , , , ,1,3,52756656,2, , , , , , ,4, , , , , , , , , , , , , , , , , , , , , , , , , , , , , , , , , ,4, , , , , , , , , , , 
2024-10-18 09:10:32.412 UTC, , , , , , , , , ,125,3221533,72880,2800, ,12, ,2, , , , , , , , , ,12,12, , , ,6,7,14, ,1, , , , , , , , , , , , , , ,59218,6, ,58940, , , , ,59266,229453451264,21,21,21,21, , , , , , , , , , , , , , , , , , , , , , , , , , , , , , , , ,59266,1729236077981,,, , , , , , , , , ,3145728,59218, , , , , , , , , , , , ,3, , , ,1, , , , , , , , , , , , , , , , , , , , , ,107282608,2, , , , , , ,2, , , , , , , , , , , , , , , , , , , , , , , , , , , , , , , , , ,2, , , , , , , , , , , 
2024-10-18 09:11:32.421 UTC, , , ,10, ,3, , , ,125,3237205,88552,2800, ,18,4,73,6,0.08, , , , , , ,3,18,18, , ,1,8,13,20, ,15, , , , , , , , , , , , , , ,59218,6, ,58940, , , , ,59266,229453385728,21,21,21,21, , , , , , , , , , , , , , , , , , , , , , , , , , , , , , , , ,59266,1729236077981,,, , , , , , , , , ,3145728,60075,159,159,159,159, , ,13, , ,2,1, ,3,1, ,13,1, , , , , , , ,61440,15,837,1, , , , ,2,10, , ,1,3,87275480,3, , , , , , ,73, , , , , , , , , , , , , , , , , , , , , , , , , , , , , , ,4, , ,49,10,10, , , , , , , , , 
2024-10-18 09:12:32.429 UTC, , , , , , , , , ,125,3237205,88552,2800, ,18, ,4, , , , , , , , ,3,18,18, , , ,8,13,20, ,2, , , , , , , , , , , , , , ,59218,6, ,58940, , , , ,60103,229453377536,21,21,21,21, , , , , , , , , , , , , , , , , , , , , , , , , , , , , , , , ,60103,1729236077981,,, , , , , , , , , ,3145728,60075, , , , , , , , , , , , ,3, , , ,1, , , , , , , , , , , , , , , , , , , ,1,3,67517456,3, , , , , , ,4, , , , , , , , , , , , , , , , , , , , , , , , , , , , , , , , , ,4, , , , , , , , , , , 
2024-10-18 09:13:32.433 UTC, , , , , , , , , ,125,3237205,88552,2800, ,18, ,62, , , , , , , , ,3,18,18, , , ,8,13,20, ,33, , , , , , , , , , , , , , ,59218,6, ,58940, , , , ,60103,229453377536,21,21,21,21, , , , , , , , , , , , , , , , , , , , , , , , , , , , , , , , ,60103,1729236077981,,, , , , , , , , , ,3145728,60075, , , , , , , , , , , , ,3, , , ,1, , , , , , , , , , , , , , , , , , , , , ,124140560,2, , , , , , ,61, , , , , , , , , , , , , , , , , , , , , , , , , , , , , , , , , ,61,1, , , , , , , , , , 
2024-10-18 09:14:32.440 UTC, , , , , , , , , ,125,3237205,88552,2800, ,18, ,2, , , , , , , , ,3,18,18, , , ,8,13,20, ,1, , , , , , , , , , , , , , ,59218,6, ,58940, , , , ,60103,229453373440,21,21,21,21, , , , , , , , , , , , , , , , , , , , , , , , , , , , , , , , ,60103,1729236077981,,, , , , , , , , , ,3145728,60075, , , , , , , , , , , , ,3, , , ,1, , , , , , , , , , , , , , , ,2,6, , ,1,2,103163384,2, , , , , , ,2, , , , , , , , , , , , , , , , , , , , , , , , , , , , , , , , , ,2, , , , , , , , , , , 
2024-10-18 09:15:32.445 UTC, , , , , , , , , ,125,3237205,88552,2800, ,18, ,4, , , , , , , , ,3,18,18, , , ,8,13,20, ,2, , , , , , , , , , , , , , ,59218,6, ,58940, , , , ,60103,229453373440,21,21,21,21, , , , , , , , , , , , , , , , , , , , , , , , , , , , , , , , ,60103,1729236077981,,, , , , , , , , , ,3145728,60075, , , , , , , , , , , , ,3, , , ,1, , , , , , , , , , , , , , , , , , , ,1,3,82014832,2, , , , , , ,4, , , , , , , , , , , , , , , , , , , , , , , , , , , , , , , , , ,4, , , , , , , , , , , 
2024-10-18 09:16:32.453 UTC, , , , , , , , , ,125,3237205,88552,2800, ,18, ,4, , , , , , , , ,3,18,18, , , ,8,13,20, ,2, , , , , , , , , , , , , , ,59218,6, ,58940, , , , ,60103,229453373440,21,21,21,21, , , , , , , , , , , , , , , , , , , , , , , , , , , , , , , , ,60103,1729236077981,,, , , , , , , , , ,3145728,60075, , , , , , , , , , , , ,3, , , ,1, , , , , , , , , , , , , , , ,2,6, , ,1,2,61158224,2, , , , , , ,4, , , , , , , , , , , , , , , , , , , , , , , , , , , , , , , , , ,4, , , , , , , , , , , 
2024-10-18 09:17:32.458 UTC, , , , , , , , , ,125,3237205,88552,2800, ,18, ,4, , , , , , , , ,3,18,18, , , ,8,13,20, ,2, , , , , , , , , , , , , , ,59218,6, ,58940, , , , ,60103,229453373440,21,21,21,21, , , , , , , , , , , , , , , , , , , , , , , , , , , , , , , , ,60103,1729236077981,,, , , , , , , , , ,3145728,60075, , , , , , , , , , , , ,3, , , ,1, , , , , , , , , , , , , , , , , , , , , ,115684176,2, , , , , , ,4, , , , , , , , , , , , , , , , , , , , , , , , , , , , , , , , , ,4, , , , , , , , , , , 
2024-10-18 09:18:32.468 UTC, , , , , , , , , ,125,3237205,88552,2800, ,18, ,2, , , , , , , , ,3,18,18, , , ,8,13,20, ,1, , , , , , , , , , , , , , ,59218,6, ,58940, , , , ,60103,229453307904,21,21,21,21, , , , , , , , , , , , , , , , , , , , , , , , , , , , , , , , ,60103,1729236077981,,, , , , , , , , , ,3145728,60075, , , , , , , , , , , , ,3, , , ,1, , , , , , , , , , , , , , , , , , , ,1,3,94681856,2, , , , , , ,2, , , , , , , , , , , , , , , , , , , , , , , , , , , , , , , , , ,2, , , , , , , , , , , 
2024-10-18 09:19:32.484 UTC, , , , , , , , , ,125,3237205,88552,2800, ,18, ,4, , , , , , , , ,3,18,18, , , ,8,13,20, ,2, , , , , , , , , , , , , , ,59218,6, ,58940, , , , ,60103,229453299712,21,21,21,21, , , , , , , , , , , , , , , , , , , , , , , , , , , , , , , , ,60103,1729236077981,,, , , , , , , , , ,3145728,60075, , , , , , , , , , , , ,3, , , ,1, , , , , , , , , , , , , , , ,2,25, , ,1,3,73720104,2, , , , , , ,4, , , , , , , , , , , , , , , , , , , , , , , , , , , , , , , , , ,4, , , , , , , , , , , 
2024-10-18 09:20:32.559 UTC, , , , , , , , , ,125,3237205,88552,2800, ,18, ,2, , , , , , , , ,3,18,18, , , ,8,13,20, ,1, , , , , , , , , , , , , , ,59218,6, ,58940, , , , ,60103,229453299712,21,21,21,21, , , , , , , , , , , , , , , , , , , , , , , , , , , , , , , , ,60103,1729236077981,,, , , , , , , , , ,3145728,60075, , , , , , , , , , , , ,3, , , ,1, , , , , , , , , , , , , , , , , , , ,1,3,52738320,2, , , , , , ,2, , , , , , , , , , , , , , , , , , , , , , , , , , , , , , , , , ,2, , , , , , , , , , , 
2024-10-18 09:21:32.608 UTC, , , ,6, ,3, , , ,589,3237669,88552,2800, ,18, ,57, , , , , , , , ,3,18,18, , , ,8,13,20, ,9, , , , , , , , , , , , , , ,59218,6, ,58940, , , , ,60709,229453283328,21,21,21,21, , , , , , , , , , , , , , , , , , , , , , , , , , , , , , , , ,60709,1729236077981,,, , , , , , , , , ,3145728,60681,0,0,0,0, , , , , , ,1, ,3,1, , ,1, , , , , , , , , ,606,1, , , , , , , , , , ,108312848,2, , , , , , ,70, , , , , , , , , , , , , , , , , , , , , , , , , , , , ,4, , , , ,41, ,10, , , , , , , , , 
2024-10-18 09:22:32.617 UTC, , , , , , , , , ,589,3237669,88552,2800, ,18, ,4, , , , , , , , ,3,18,18, , , ,8,13,20, ,2, , , , , , , , , , , , , , ,59218,6, ,58940, , , , ,60709,229453279232,21,21,21,21, , , , , , , , , , , , , , , , , , , , , , , , , , , , , , , , ,60709,1729236077981,,, , , , , , , , , ,3145728,60681, , , , , , , , , , , , ,3, , , ,1, , , , , , , , , , , , , , , ,2,21, , ,1,7,87394680,2, , , , , , ,4, , , , , , , , , , , , , , , , , , , , , , , , , , , , , , , , , ,4, , , , , , , , , , , 
2024-10-18 09:23:32.627 UTC, , , , , , , , , ,589,3237669,88552,2800, ,18, ,2, , , , , , , , ,3,18,18, , , ,8,13,20, ,1, , , , , , , , , , , , , , ,59218,6, ,58940, , , , ,60709,229453279232,21,21,21,21, , , , , , , , , , , , , , , , , , , , , , , , , , , , , , , , ,60709,1729236077981,,, , , , , , , , , ,3145728,60681, , , , , , , , , , , , ,3, , , ,1, , , , , , , , , , , , , , , , , , , ,1,3,66366528,2, , , , , , ,2, , , , , , , , , , , , , , , , , , , , , , , , , , , , , , , , , ,2, , , , , , , , , , , 
2024-10-18 09:24:32.637 UTC, , , , , , , , , ,589,3237669,88552,2800, ,18, ,4, , , , , , , , ,3,18,18, , , ,8,13,20, ,2, , , , , , , , , , , , , , ,59218,6, ,58940, , , , ,60709,229453279232,21,21,21,21, , , , , , , , , , , , , , , , , , , , , , , , , , , , , , , , ,60709,1729236077981,,, , , , , , , , , ,3145728,60681, , , , , , , , , , , , ,3, , , ,1, , , , , , , , , , , , , , , , , , , , , ,120892480,2, , , , , , ,4, , , , , , , , , , , , , , , , , , , , , , , , , , , , , , , , , ,4, , , , , , , , , , , 
2024-10-18 09:25:32.644 UTC, , , , , , , , , ,589,3237669,88552,2800, ,18, ,86, , , , , , , , ,3,18,18, , , ,8,13,20, ,46, , , , , , , , , , , , , , ,59218,6, ,58940, , , , ,60709,229453279232,21,21,21,21, , , , , , , , , , , , , , , , , , , , , , , , , , , , , , , , ,60709,1729236077981,,, , , , , , , , , ,3145728,60681, , , , , , , , , , , , ,3, , , ,1, , , , , , , , , , , , , , , ,2,8, , ,1,2,103064128,2, , , , , , ,84, , , , , , , , , , , , , , , , , , , , , , , , , , , , , , , , , ,84,2, , , , , , , , , , 
2024-10-18 09:26:32.653 UTC, , , ,6, ,3, , , ,589,3237669,88552,2800, ,18, ,75, , , , , , , , ,3,18,18, , , ,8,13,20, ,19, , , , , , , , , , , , , , ,59218,6, ,58940, , , , ,61303,229453209600,20,20,20,20, , , , , , , , , , , , , , , , , , , , , , , , , , , , , , , , ,61303,1729236077981,,, , , , , , , , , ,3145728,61275,0,0,0,0, , , , , , ,1, ,3,1, , ,1, , , , , , , , , ,594,1, , , , , , , , ,1,6,82380928,2, , , , , , ,91, , , , , , , , , , , , , , , , , , , , , , , , , , , , ,4, , , ,2,59, ,10, , , , , , , , , 
2024-10-18 09:27:32.683 UTC, , , , , , , , , ,589,3245989,96872,2800, ,19, ,237,1,0.00, , , , , , , ,19,19, , ,3,10,14,21, ,39, , , , , , , , , , , , , , ,59218,6, ,58940, , , , ,63391,229453201408,19,19,19,19, , , , , , , , , , , , , , , , , , , , , , , , , , , , , , , , ,63391,1729236077981,,, , , , , , , , , ,3145728,63363,0,0,0,0, , ,5, , , ,1, ,3,1, ,5,1, , , , , , , ,20480,5,2088,1, , , , ,2,6, , ,1,3,64550664,2, , , , , , ,282, , , , , , , , , , , , , , , , , , , , , , , , , , , , ,33, , , , ,164,2,22, , , , , , , , , 
2024-10-18 09:28:32.690 UTC, , , , , , , , , ,589,3245989,96872,2800, ,19, ,4, , , , , , , , , ,19,19, , , ,10,14,21, ,2, , , , , , , , , , , , , , ,59218,6, ,58940, , , , ,63391,229453197312,19,19,19,19, , , , , , , , , , , , , , , , , , , , , , , , , , , , , , , , ,63391,1729236077981,,, , , , , , , , , ,3145728,63363, , , , , , , , , , , , ,3, , , ,1, , , , , , , , , , , , , , , , , , , , , ,118028040,2, , , , , , ,4, , , , , , , , , , , , , , , , , , , , , , , , , , , , , , , , , ,4, , , , , , , , , , , 
2024-10-18 09:29:32.709 UTC, , , , , , , , , ,589,3245989,96872,2800, ,19, ,2, , , , , , , , , ,19,19, , , ,10,14,21, ,1, , , , , , , , , , , , , , ,59218,6, ,58940, , , , ,63391,229453197312,19,19,19,19, , , , , , , , , , , , , , , , , , , , , , , , , , , , , , , , ,63391,1729236077981,,, , , , , , , , , ,3145728,63363, , , , , , , , , , , , ,3, , , ,1, , , , , , , , , , , , , , , , , , , ,1,2,96816032,2, , , , , , ,2, , , , , , , , , , , , , , , , , , , , , , , , , , , , , , , , , ,2, , , , , , , , , , , 
2024-10-18 09:30:32.724 UTC, , , , , , , , , ,589,3245989,96872,2800, ,19, ,4, , , , , , , , , ,19,19, , , ,10,14,21, ,2, , , , , , , , , , , , , , ,59218,6, ,58940, , , , ,63391,229453193216,19,19,19,19, , , , , , , , , , , , , , , , , , , , , , , , , , , , , , , , ,63391,1729236077981,,, , , , , , , , , ,3145728,63363, , , , , , , , , , , , ,3, , , ,1, , , , , , , , , , , , , , , ,2,5, , ,1,4,76863840,2, , , , , , ,4, , , , , , , , , , , , , , , , , , , , , , , , , , , , , , , , , ,4, , , , , , , , , , , 
2024-10-18 09:31:32.729 UTC, , , , , , , , , ,589,3245989,96872,2800, ,19, ,4, , , , , , , , , ,19,19, , , ,10,14,21, ,2, , , , , , , , , , , , , , ,59218,6, ,58940, , , , ,63391,229453193216,19,19,19,19, , , , , , , , , , , , , , , , , , , , , , , , , , , , , , , , ,63391,1729236077981,,, , , , , , , , , ,3145728,63363, , , , , , , , , , , , ,3, , , ,1, , , , , , , , , , , , , , , , , , , ,1,2,55965840,2, , , , , , ,4, , , , , , , , , , , , , , , , , , , , , , , , , , , , , , , , , ,4, , , , , , , , , , , 
2024-10-18 09:32:32.741 UTC, , , , , , , , , ,589,3245989,96872,2800, ,19, ,2, , , , , , , , , ,19,19, , , ,10,14,21, ,1, , , , , , , , , , , , , , ,59218,6, ,58940, , , , ,63391,229453189120,19,19,19,19, , , , , , , , , , , , , , , , , , , , , , , , , , , , , , , , ,63391,1729236077981,,, , , , , , , , , ,3145728,63363, , , , , , , , , , , , ,3, , , ,1, , , , , , , , , , , , , , , , , , , , , ,110491792,2, , , , , , ,2, , , , , , , , , , , , , , , , , , , , , , , , , , , , , , , , , ,2, , , , , , , , , , , 
2024-10-18 09:33:32.747 UTC, , , , , , , , , ,589,3245989,96872,2800, ,19, ,4, , , , , , , , , ,19,19, , , ,10,14,21, ,2, , , , , , , , , , , , , , ,59218,6, ,58940, , , , ,63391,229453189120,19,19,19,19, , , , , , , , , , , , , , , , , , , , , , , , , , , , , , , , ,63391,1729236077981,,, , , , , , , , , ,3145728,63363, , , , , , , , , , , , ,3, , , ,1, , , , , , , , , , , , , , , ,2,18, , ,1,6,89547888,2, , , , , , ,4, , , , , , , , , , , , , , , , , , , , , , , , , , , , , , , , , ,4, , , , , , , , , , , 
2024-10-18 09:34:32.756 UTC, , , , , , , , , ,589,3245989,96872,2800, ,19, ,2, , , , , , , , , ,19,19, , , ,10,14,21, ,1, , , , , , , , , , , , , , ,59218,6, ,58940, , , , ,63391,229453189120,19,19,19,19, , , , , , , , , , , , , , , , , , , , , , , , , , , , , , , , ,63391,1729236077981,,, , , , , , , , , ,3145728,63363, , , , , , , , , , , , ,3, , , ,1, , , , , , , , , , , , , , , , , , , ,1,2,68599552,2, , , , , , ,2, , , , , , , , , , , , , , , , , , , , , , , , , , , , , , , , , ,2, , , , , , , , , , , 
2024-10-18 09:35:32.763 UTC, , , , , , , , , ,589,3245989,96872,2800, ,19, ,4, , , , , , , , , ,19,19, , , ,10,14,21, ,2, , , , , , , , , , , , , , ,59218,6, ,58940, , , , ,63391,229453189120,19,19,19,19, , , , , , , , , , , , , , , , , , , , , , , , , , , , , , , , ,63391,1729236077981,,, , , , , , , , , ,3145728,63363, , , , , , , , , , , , ,3, , , ,1, , , , , , , , , , , , , , , , , , , , , ,123125504,2, , , , , , ,4, , , , , , , , , , , , , , , , , , , , , , , , , , , , , , , , , ,4, , , , , , , , , , , 
2024-10-18 09:36:32.773 UTC, , , , , , , , , ,589,3245989,96872,2800, ,19, ,2, , , , , , , , , ,19,19, , , ,10,14,21, ,1, , , , , , , , , , , , , , ,59218,6, ,58940, , , , ,63391,229453123584,19,19,19,19, , , , , , , , , , , , , , , , , , , , , , , , , , , , , , , , ,63391,1729236077981,,, , , , , , , , , ,3145728,63363, , , , , , , , , , , , ,3, , , ,1, , , , , , , , , , , , , , , ,2,10, , ,1,3,100993624,2, , , , , , ,2, , , , , , , , , , , , , , , , , , , , , , , , , , , , , , , , , ,2, , , , , , , , , , , 
2024-10-18 09:37:32.787 UTC, , , , , , , , , ,589,3245989,96872,2800, ,19, ,4, , , , , , , , , ,19,19, , , ,10,14,21, ,2, , , , , , , , , , , , , , ,59218,6, ,58940, , , , ,63391,229453119488,19,19,19,19, , , , , , , , , , , , , , , , , , , , , , , , , , , , , , , , ,63391,1729236077981,,, , , , , , , , , ,3145728,63363, , , , , , , , , , , , ,3, , , ,1, , , , , , , , , , , , , , , , , , , ,1,3,80026456,2, , , , , , ,4, , , , , , , , , , , , , , , , , , , , , , , , , , , , , , , , , ,4, , , , , , , , , , , 
2024-10-18 09:38:32.794 UTC, , , , , , , , , ,589,3245989,96872,2800, ,19, ,2, , , , , , , , , ,19,19, , , ,10,14,21, ,1, , , , , , , , , , , , , , ,59218,6, ,58940, , , , ,63391,229339328512,19,19,19,19, , , , , , , , , , , , , , , , , , , , , , , , , , , , , , , , ,63391,1729236077981,,, , , , , , , , , ,3145728,63363, , , , , , , , , , , , ,3, , , ,1, , , , , , , , , , , , , , , ,2,6, , ,1,2,59134368,2, , , , , , ,2, , , , , , , , , , , , , , , , , , , , , , , , , , , , , , , , , ,2, , , , , , , , , , , 
2024-10-18 09:39:32.927 UTC, , , , , , , , , ,589,3245989,96872,2800, ,19, ,4, , , , , , , , , ,19,19, , , ,10,14,21, ,2, , , , , , , , , , , , , , ,59218,6, ,58940, , , , ,63391,228908720128,19,19,19,19, , , , , , , , , , , , , , , , , , , , , , , , , , , , , , , , ,63391,1729236077981,,, , , , , , , , , ,3145728,63363, , , , , , , , , , , , ,3, , , ,1, , , , , , , , , , , , , , , , , , , , , ,113660320,2, , , , , , ,4, , , , , , , , , , , , , , , , , , , , , , , , , , , , , , , , , ,4, , , , , , , , , , , 
2024-10-18 09:40:32.934 UTC, , , , , , , , , ,589,3245989,96872,2800, ,19, ,2, , , , , , , , , ,19,19, , , ,10,14,21, ,1, , , , , , , , , , , , , , ,59218,6, ,58940, , , , ,63391,228908728320,19,19,19,19, , , , , , , , , , , , , , , , , , , , , , , , , , , , , , , , ,63391,1729236077981,,, , , , , , , , , ,3145728,63363, , , , , , , , , , , , ,3, , , ,1, , , , , , , , , , , , , , , , , , , ,1,3,92642032,3, , , , , , ,2, , , , , , , , , , , , , , , , , , , , , , , , , , , , , , , , , ,2, , , , , , , , , , , 
2024-10-18 09:41:33.190 UTC, , , , , , , , , ,589,3245989,96872,2800, ,19, ,4, , , , , , , , , ,19,19, , , ,10,14,21, ,2, , , , , , , , , , , , , , ,59218,6, ,58940, , , , ,63391,228908711936,19,19,19,19, , , , , , , , , , , , , , , , , , , , , , , , , , , , , , , , ,63391,1729236077981,,, , , , , , , , , ,3145728,63363, , , , , , , , , , , , ,3, , , ,1, , , , , , , , , , , , , , , ,2,24, , ,1,102,71685808,2, , , , , , ,4, , , , , , , , , , , , , , , , , , , , , , , , , , , , , , , , , ,4, , , , , , , , , , , 
2024-10-18 09:42:33.189 UTC, , , , , , , , , ,589,3245989,96872,2800, ,19, ,2, , , , , , , , , ,19,19, , , ,10,14,21, ,1, , , , , , , , , , , , , , ,59218,6, ,58940, , , , ,63391,228908707840,19,19,19,19, , , , , , , , , , , , , , , , , , , , , , , , , , , , , , , , ,63391,1729236077981,,, , , , , , , , , ,3145728,63363, , , , , , , , , , , , ,3, , , ,1, , , , , , , , , , , , , , , , , , , , , ,125163184,2, , , , , , ,2, , , , , , , , , , , , , , , , , , , , , , , , , , , , , , , , , ,2, , , , , , , , , , , 
2024-10-18 09:43:33.227 UTC, , , , , , , , , ,589,3245989,96872,2800, ,19, ,4, , , , , , , , , ,19,19, , , ,10,14,21, ,2, , , , , , , , , , , , , , ,59218,6, ,58940, , , , ,63391,228908707840,19,19,19,19, , , , , , , , , , , , , , , , , , , , , , , , , , , , , , , , ,63391,1729236077981,,, , , , , , , , , ,3145728,63363, , , , , , , , , , , , ,3, , , ,1, , , , , , , , , , , , , , , , , , , ,1,3,105233864,2, , , , , , ,4, , , , , , , , , , , , , , , , , , , , , , , , , , , , , , , , , ,4, , , , , , , , , , , 
2024-10-18 09:44:33.233 UTC, , , , , , , , , ,589,3245989,96872,2800, ,19, ,2, , , , , , , , , ,19,19, , , ,10,14,21, ,1, , , , , , , , , , , , , , ,59218,6, ,58940, , , , ,63391,228908707840,19,19,19,19, , , , , , , , , , , , , , , , , , , , , , , , , , , , , , , , ,63391,1729236077981,,, , , , , , , , , ,3145728,63363, , , , , , , , , , , , ,3, , , ,1, , , , , , , , , , , , , , , ,2,6, , ,1,2,83272224,2, , , , , , ,2, , , , , , , , , , , , , , , , , , , , , , , , , , , , , , , , , ,2, , , , , , , , , , , 
2024-10-18 09:45:33.239 UTC, , , , , , , , , ,589,3245989,96872,2800, ,19, ,4, , , , , , , , , ,19,19, , , ,10,14,21, ,2, , , , , , , , , , , , , , ,59218,6, ,58940, , , , ,63391,228908593152,19,19,19,19, , , , , , , , , , , , , , , , , , , , , , , , , , , , , , , , ,63391,1729236077981,,, , , , , , , , , ,3145728,63363, , , , , , , , , , , , ,3, , , ,1, , , , , , , , , , , , , , , , , , , ,1,3,63513064,1, , , , , , ,4, , , , , , , , , , , , , , , , , , , , , , , , , , , , , , , , , ,4, , , , , , , , , , , 
2024-10-18 09:46:33.246 UTC, , , , , , , , , ,589,3245989,96872,2800, ,19, ,4, , , , , , , , , ,19,19, , , ,10,14,21, ,2, , , , , , , , , , , , , , ,59218,6, ,58940, , , , ,63391,228908589056,19,19,19,19, , , , , , , , , , , , , , , , , , , , , , , , , , , , , , , , ,63391,1729236077981,,, , , , , , , , , ,3145728,63363, , , , , , , , , , , , ,3, , , ,1, , , , , , , , , , , , , , , , , , , , , ,118039016,2, , , , , , ,4, , , , , , , , , , , , , , , , , , , , , , , , , , , , , , , , , ,4, , , , , , , , , , , 
2024-10-18 09:47:33.251 UTC, , , , , , , , , ,589,3245989,96872,2800, ,19, ,4, , , , , , , , , ,19,19, , , ,10,14,21, ,2, , , , , , , , , , , , , , ,59218,6, ,58940, , , , ,63391,228908589056,19,19,19,19, , , , , , , , , , , , , , , , , , , , , , , , , , , , , , , , ,63391,1729236077981,,, , , , , , , , , ,3145728,63363, , , , , , , , , , , , ,3, , , ,1, , , , , , , , , , , , , , , ,2,6, , ,1,4,97007544,2, , , , , , ,4, , , , , , , , , , , , , , , , , , , , , , , , , , , , , , , , , ,4, , , , , , , , , , , 
2024-10-18 09:48:33.263 UTC, , , , , , , , , ,589,3245989,96872,2800, ,19, ,2, , , , , , , , , ,19,19, , , ,10,14,21, ,1, , , , , , , , , , , , , , ,59218,6, ,58940, , , , ,63391,228908589056,19,19,19,19, , , , , , , , , , , , , , , , , , , , , , , , , , , , , , , , ,63391,1729236077981,,, , , , , , , , , ,3145728,63363, , , , , , , , , , , , ,3, , , ,1, , , , , , , , , , , , , , , , , , , ,1,2,76166360,2, , , , , , ,2, , , , , , , , , , , , , , , , , , , , , , , , , , , , , , , , , ,2, , , , , , , , , , , 
2024-10-18 09:49:33.269 UTC, , , , , , , , , ,589,3245989,96872,2800, ,19, ,4, , , , , , , , , ,19,19, , , ,10,14,21, ,2, , , , , , , , , , , , , , ,59218,6, ,58940, , , , ,63391,228908589056,19,19,19,19, , , , , , , , , , , , , , , , , , , , , , , , , , , , , , , , ,63391,1729236077981,,, , , , , , , , , ,3145728,63363, , , , , , , , , , , , ,3, , , ,1, , , , , , , , , , , , , , , ,2,6, , ,1,2,56151648,2, , , , , , ,4, , , , , , , , , , , , , , , , , , , , , , , , , , , , , , , , , ,4, , , , , , , , , , , 
2024-10-18 09:50:33.275 UTC, , , , , , , , , ,589,3245989,96872,2800, ,19, ,4, , , , , , , , , ,19,19, , , ,10,14,21, ,2, , , , , , , , , , , , , , ,59218,6, ,58940, , , , ,63391,228908589056,19,19,19,19, , , , , , , , , , , , , , , , , , , , , , , , , , , , , , , , ,63391,1729236077981,,, , , , , , , , , ,3145728,63363, , , , , , , , , , , , ,3, , , ,1, , , , , , , , , , , , , , , , , , , , , ,110677600,2, , , , , , ,4, , , , , , , , , , , , , , , , , , , , , , , , , , , , , , , , , ,4, , , , , , , , , , , 
2024-10-18 09:51:33.281 UTC, , , , , , , , , ,589,3245989,96872,2800, ,19, ,4, , , , , , , , , ,19,19, , , ,10,14,21, ,2, , , , , , , , , , , , , , ,59218,6, ,58940, , , , ,63391,228908589056,19,19,19,19, , , , , , , , , , , , , , , , , , , , , , , , , , , , , , , , ,63391,1729236077981,,, , , , , , , , , ,3145728,63363, , , , , , , , , , , , ,3, , , ,1, , , , , , , , , , , , , , , , , , , ,1,2,89812680,2, , , , , , ,4, , , , , , , , , , , , , , , , , , , , , , , , , , , , , , , , , ,4, , , , , , , , , , , 
2024-10-18 09:52:33.288 UTC, , , , , , , , , ,589,3245989,96872,2800, ,19, ,4, , , , , , , , , ,19,19, , , ,10,14,21, ,2, , , , , , , , , , , , , , ,59218,6, ,58940, , , , ,63391,228908589056,19,19,19,19, , , , , , , , , , , , , , , , , , , , , , , , , , , , , , , , ,63391,1729236077981,,, , , , , , , , , ,3145728,63363, , , , , , , , , , , , ,3, , , ,1, , , , , , , , , , , , , , , ,2,6, , ,1,2,68785816,2, , , , , , ,4, , , , , , , , , , , , , , , , , , , , , , , , , , , , , , , , , ,4, , , , , , , , , , , 
2024-10-18 09:53:33.293 UTC, , , , , , , , , ,589,3245989,96872,2800, ,19, ,2, , , , , , , , , ,19,19, , , ,10,14,21, ,1, , , , , , , , , , , , , , ,59218,6, ,58940, , , , ,63391,228908589056,19,19,19,19, , , , , , , , , , , , , , , , , , , , , , , , , , , , , , , , ,63391,1729236077981,,, , , , , , , , , ,3145728,63363, , , , , , , , , , , , ,3, , , ,1, , , , , , , , , , , , , , , , , , , , , ,122263192,2, , , , , , ,2, , , , , , , , , , , , , , , , , , , , , , , , , , , , , , , , , ,2, , , , , , , , , , , 
2024-10-18 09:54:33.299 UTC, , , , , , , , , ,589,3245989,96872,2800, ,19, ,4, , , , , , , , , ,19,19, , , ,10,14,21, ,2, , , , , , , , , , , , , , ,59218,6, ,58940, , , , ,63391,228908584960,19,19,19,19, , , , , , , , , , , , , , , , , , , , , , , , , , , , , , , , ,63391,1729236077981,,, , , , , , , , , ,3145728,63363, , , , , , , , , , , , ,3, , , ,1, , , , , , , , , , , , , , , , , , , ,1,4,102358368,2, , , , , , ,4, , , , , , , , , , , , , , , , , , , , , , , , , , , , , , , , , ,4, , , , , , , , , , , 
2024-10-18 09:55:33.306 UTC, , , , , , , , , ,589,3245989,96872,2800, ,19, ,4, , , , , , , , , ,19,19, , , ,10,14,21, ,2, , , , , , , , , , , , , , ,59218,6, ,58940, , , , ,63391,228908584960,19,19,19,19, , , , , , , , , , , , , , , , , , , , , , , , , , , , , , , , ,63391,1729236077981,,, , , , , , , , , ,3145728,63363, , , , , , , , , , , , ,3, , , ,1, , , , , , , , , , , , , , , ,2,14, , ,1,3,81401488,2, , , , , , ,4, , , , , , , , , , , , , , , , , , , , , , , , , , , , , , , , , ,4, , , , , , , , , , , 
2024-10-18 09:56:33.312 UTC, , , , , , , , , ,589,3245989,96872,2800, ,19, ,4, , , , , , , , , ,19,19, , , ,10,14,21, ,2, , , , , , , , , , , , , , ,59218,6, ,58940, , , , ,63391,228908584960,19,19,19,19, , , , , , , , , , , , , , , , , , , , , , , , , , , , , , , , ,63391,1729236077981,,, , , , , , , , , ,3145728,63363, , , , , , , , , , , , ,3, , , ,1, , , , , , , , , , , , , , , , , , , ,1,3,60435976,2, , , , , , ,4, , , , , , , , , , , , , , , , , , , , , , , , , , , , , , , , , ,4, , , , , , , , , , , 
2024-10-18 09:57:33.319 UTC, , , , , , , , , ,589,3245989,96872,2800, ,19, ,4, , , , , , , , , ,19,19, , , ,10,14,21, ,2, , , , , , , , , , , , , , ,59218,6, ,58940, , , , ,63391,228908519424,19,19,19,19, , , , , , , , , , , , , , , , , , , , , , , , , , , , , , , , ,63391,1729236077981,,, , , , , , , , , ,3145728,63363, , , , , , , , , , , , ,3, , , ,1, , , , , , , , , , , , , , , , , , , , , ,114961928,2, , , , , , ,4, , , , , , , , , , , , , , , , , , , , , , , , , , , , , , , , , ,4, , , , , , , , , , , 
2024-10-18 09:58:33.327 UTC, , , , , , , , , ,589,3245989,96872,2800, ,19, ,2, , , , , , , , , ,19,19, , , ,10,14,21, ,1, , , , , , , , , , , , , , ,59218,6, ,58940, , , , ,63391,228908519424,19,19,19,19, , , , , , , , , , , , , , , , , , , , , , , , , , , , , , , , ,63391,1729236077981,,, , , , , , , , , ,3145728,63363, , , , , , , , , , , , ,3, , , ,1, , , , , , , , , , , , , , , ,2,5, , ,1,3,92974424,2, , , , , , ,2, , , , , , , , , , , , , , , , , , , , , , , , , , , , , , , , , ,2, , , , , , , , , , , 
2024-10-18 09:59:33.339 UTC, , , , , , , , , ,589,3245989,96872,2800, ,19, ,4, , , , , , , , , ,19,19, , , ,10,14,21, ,2, , , , , , , , , , , , , , ,59218,6, ,58940, , , , ,63391,228908519424,19,19,19,19, , , , , , , , , , , , , , , , , , , , , , , , , , , , , , , , ,63391,1729236077981,,, , , , , , , , , ,3145728,63363, , , , , , , , , , , , ,3, , , ,1, , , , , , , , , , , , , , , , , , , ,1,2,73026984,2, , , , , , ,4, , , , , , , , , , , , , , , , , , , , , , , , , , , , , , , , , ,4, , , , , , , , , , , 
2024-10-18 10:00:33.345 UTC, , , , , , , , , ,589,3245989,96872,2800, ,19, ,4, , , , , , , , , ,19,19, , , ,10,14,21, ,2, , , , , , , , , , , , , , ,59218,6, ,58940, , , , ,63391,228908519424,19,19,19,19, , , , , , , , , , , , , , , , , , , , , , , , , , , , , , , , ,63391,1729236077981,,, , , , , , , , , ,3145728,63363, , , , , , , , , , , , ,3, , , ,1, , , , , , , , , , , , , , , ,2,6, , ,1,6,52055808,2, , , , , , ,4, , , , , , , , , , , , , , , , , , , , , , , , , , , , , , , , , ,4, , , , , , , , , , , 
2024-10-18 10:01:33.351 UTC, , , , , , , , , ,589,3245989,96872,2800, ,19, ,4, , , , , , , , , ,19,19, , , ,10,14,21, ,2, , , , , , , , , , , , , , ,59218,6, ,58940, , , , ,63391,228908519424,19,19,19,19, , , , , , , , , , , , , , , , , , , , , , , , , , , , , , , , ,63391,1729236077981,,, , , , , , , , , ,3145728,63363, , , , , , , , , , , , ,3, , , ,1, , , , , , , , , , , , , , , , , , , , , ,106581760,2, , , , , , ,4, , , , , , , , , , , , , , , , , , , , , , , , , , , , , , , , , ,4, , , , , , , , , , , 
2024-10-18 10:02:33.358 UTC, , , , , , , , , ,589,3245989,96872,2800, ,19, ,2, , , , , , , , , ,19,19, , , ,10,14,21, ,1, , , , , , , , , , , , , , ,59218,6, ,58940, , , , ,63391,228908515328,19,19,19,19, , , , , , , , , , , , , , , , , , , , , , , , , , , , , , , , ,63391,1729236077981,,, , , , , , , , , ,3145728,63363, , , , , , , , , , , , ,3, , , ,1, , , , , , , , , , , , , , , , , , , ,1,2,85649888,2, , , , , , ,2, , , , , , , , , , , , , , , , , , , , , , , , , , , , , , , , , ,2, , , , , , , , , , , 
2024-10-18 10:03:33.364 UTC, , , , , , , , , ,589,3245989,96872,2800, ,19, ,4, , , , , , , , , ,19,19, , , ,10,14,21, ,2, , , , , , , , , , , , , , ,59218,6, ,58940, , , , ,63391,228908515328,19,19,19,19, , , , , , , , , , , , , , , , , , , , , , , , , , , , , , , , ,63391,1729236077981,,, , , , , , , , , ,3145728,63363, , , , , , , , , , , , ,3, , , ,1, , , , , , , , , , , , , , , ,2,8, , ,1,3,64680712,2, , , , , , ,4, , , , , , , , , , , , , , , , , , , , , , , , , , , , , , , , , ,4, , , , , , , , , , , 
2024-10-18 10:04:33.372 UTC, , , , , , , , , ,589,3245989,96872,2800, ,19, ,4, , , , , , , , , ,19,19, , , ,10,14,21, ,2, , , , , , , , , , , , , , ,59218,6, ,58940, , , , ,63391,228908515328,19,19,19,19, , , , , , , , , , , , , , , , , , , , , , , , , , , , , , , , ,63391,1729236077981,,, , , , , , , , , ,3145728,63363, , , , , , , , , , , , ,3, , , ,1, , , , , , , , , , , , , , , , , , , , , ,119206664,2, , , , , , ,4, , , , , , , , , , , , , , , , , , , , , , , , , , , , , , , , , ,4, , , , , , , , , , , 
2024-10-18 10:05:33.379 UTC, , , , , , , , , ,589,3245989,96872,2800, ,19, ,2, , , , , , , , , ,19,19, , , ,10,14,21, ,1, , , , , , , , , , , , , , ,59218,6, ,58940, , , , ,63391,228908515328,19,19,19,19, , , , , , , , , , , , , , , , , , , , , , , , , , , , , , , , ,63391,1729236077981,,, , , , , , , , , ,3145728,63363, , , , , , , , , , , , ,3, , , ,1, , , , , , , , , , , , , , , , , , , ,1,2,98247056,2, , , , , , ,2, , , , , , , , , , , , , , , , , , , , , , , , , , , , , , , , , ,2, , , , , , , , , , , 
2024-10-18 10:06:33.388 UTC, , , , , , , , , ,589,3245989,96872,2800, ,19, ,4, , , , , , , , , ,19,19, , , ,10,14,21, ,2, , , , , , , , , , , , , , ,59218,6, ,58940, , , , ,63391,228908507136,19,19,19,19, , , , , , , , , , , , , , , , , , , , , , , , , , , , , , , , ,63391,1729236077981,,, , , , , , , , , ,3145728,63363, , , , , , , , , , , , ,3, , , ,1, , , , , , , , , , , , , , , ,2,9, , ,1,4,78276288,2, , , , , , ,4, , , , , , , , , , , , , , , , , , , , , , , , , , , , , , , , , ,4, , , , , , , , , , , 
2024-10-18 10:07:33.393 UTC, , , , , , , , , ,589,3245989,96872,2800, ,19, ,2, , , , , , , , , ,19,19, , , ,10,14,21, ,1, , , , , , , , , , , , , , ,59218,6, ,58940, , , , ,63391,228908490752,19,19,19,19, , , , , , , , , , , , , , , , , , , , , , , , , , , , , , , , ,63391,1729236077981,,, , , , , , , , , ,3145728,63363, , , , , , , , , , , , ,3, , , ,1, , , , , , , , , , , , , , , , , , , ,1,2,56259216,2, , , , , , ,2, , , , , , , , , , , , , , , , , , , , , , , , , , , , , , , , , ,2, , , , , , , , , , , 
2024-10-18 10:08:33.637 UTC, , , , , , , , , ,589,3245989,96872,2800, ,19, ,4, , , , , , , , , ,19,19, , , ,10,14,21, ,2, , , , , , , , , , , , , , ,59218,6, ,58940, , , , ,63391,228908457984,19,19,19,19, , , , , , , , , , , , , , , , , , , , , , , , , , , , , , , , ,63391,1729236077981,,, , , , , , , , , ,3145728,63363, , , , , , , , , , , , ,3, , , ,1, , , , , , , , , , , , , , , , , , , , , ,110785168,2, , , , , , ,4, , , , , , , , , , , , , , , , , , , , , , , , , , , , , , , , , ,4, , , , , , , , , , , 
2024-10-18 10:09:33.659 UTC, , , , , , , , , ,589,3245989,96872,2800, ,19, ,2, , , , , , , , , ,19,19, , , ,10,14,21, ,1, , , , , , , , , , , , , , ,59218,6, ,58940, , , , ,63391,228908457984,19,19,19,19, , , , , , , , , , , , , , , , , , , , , , , , , , , , , , , , ,63391,1729236077981,,, , , , , , , , , ,3145728,63363, , , , , , , , , , , , ,3, , , ,1, , , , , , , , , , , , , , , ,2,7, , ,1,2,89818976,2, , , , , , ,2, , , , , , , , , , , , , , , , , , , , , , , , , , , , , , , , , ,2, , , , , , , , , , , 
2024-10-18 10:10:33.670 UTC, , , , , , , , , ,589,3245989,96872,2800, ,19, ,4, , , , , , , , , ,19,19, , , ,10,14,21, ,2, , , , , , , , , , , , , , ,59218,6, ,58940, , , , ,63391,228908453888,19,19,19,19, , , , , , , , , , , , , , , , , , , , , , , , , , , , , , , , ,63391,1729236077981,,, , , , , , , , , ,3145728,63363, , , , , , , , , , , , ,3, , , ,1, , , , , , , , , , , , , , , , , , , ,1,3,69892592,3, , , , , , ,4, , , , , , , , , , , , , , , , , , , , , , , , , , , , , , , , , ,4, , , , , , , , , , , 
2024-10-18 10:11:33.790 UTC, , , , , , , , , ,589,3245989,96872,2800, ,19, ,2, , , , , , , , , ,19,19, , , ,10,14,21, ,1, , , , , , , , , , , , , , ,59218,6, ,58940, , , , ,63391,228908453888,19,19,19,19, , , , , , , , , , , , , , , , , , , , , , , , , , , , , , , , ,63391,1729236077981,,, , , , , , , , , ,3145728,63363, , , , , , , , , , , , ,3, , , ,1, , , , , , , , , , , , , , , , , , , , , ,123369968,3, , , , , , ,2, , , , , , , , , , , , , , , , , , , , , , , , , , , , , , , , , ,2, , , , , , , , , , , 
2024-10-18 10:12:33.802 UTC, , , , , , , , , ,589,3245989,96872,2800, ,19, ,4, , , , , , , , , ,19,19, , , ,10,14,21, ,2, , , , , , , , , , , , , , ,59218,6, ,58940, , , , ,63391,228908453888,19,19,19,19, , , , , , , , , , , , , , , , , , , , , , , , , , , , , , , , ,63391,1729236077981,,, , , , , , , , , ,3145728,63363, , , , , , , , , , , , ,3, , , ,1, , , , , , , , , , , , , , , ,2,6, , ,1,3,102465952,2, , , , , , ,4, , , , , , , , , , , , , , , , , , , , , , , , , , , , , , , , , ,4, , , , , , , , , , , 
2024-10-18 10:13:33.811 UTC, , , , , , , , , ,589,3245989,96872,2800, ,19, ,2, , , , , , , , , ,19,19, , , ,10,14,21, ,1, , , , , , , , , , , , , , ,59218,6, ,58940, , , , ,63391,228908453888,19,19,19,19, , , , , , , , , , , , , , , , , , , , , , , , , , , , , , , , ,63391,1729236077981,,, , , , , , , , , ,3145728,63363, , , , , , , , , , , , ,3, , , ,1, , , , , , , , , , , , , , , , , , , ,1,5,81448864,2, , , , , , ,2, , , , , , , , , , , , , , , , , , , , , , , , , , , , , , , , , ,2, , , , , , , , , , , 
2024-10-18 10:14:33.819 UTC, , , , , , , , , ,589,3245989,96872,2800, ,19, ,4, , , , , , , , , ,19,19, , , ,10,14,21, ,2, , , , , , , , , , , , , , ,59218,6, ,58940, , , , ,63391,228908453888,19,19,19,19, , , , , , , , , , , , , , , , , , , , , , , , , , , , , , , , ,63391,1729236077981,,, , , , , , , , , ,3145728,63363, , , , , , , , , , , , ,3, , , ,1, , , , , , , , , , , , , , , ,2,22, , ,1,3,60468464,2, , , , , , ,4, , , , , , , , , , , , , , , , , , , , , , , , , , , , , , , , , ,4, , , , , , , , , , , 
2024-10-18 10:15:33.825 UTC, , , , , , , , , ,589,3245989,96872,2800, ,19, ,2, , , , , , , , , ,19,19, , , ,10,14,21, ,1, , , , , , , , , , , , , , ,59218,6, ,58940, , , , ,63391,228908453888,19,19,19,19, , , , , , , , , , , , , , , , , , , , , , , , , , , , , , , , ,63391,1729236077981,,, , , , , , , , , ,3145728,63363, , , , , , , , , , , , ,3, , , ,1, , , , , , , , , , , , , , , , , , , , , ,114994416,2, , , , , , ,2, , , , , , , , , , , , , , , , , , , , , , , , , , , , , , , , , ,2, , , , , , , , , , , 
2024-10-18 10:16:33.831 UTC, , , , , , , , , ,589,3245989,96872,2800, ,19, ,4, , , , , , , , , ,19,19, , , ,10,14,21, ,2, , , , , , , , , , , , , , ,59218,6, ,58940, , , , ,63391,228908453888,19,19,19,19, , , , , , , , , , , , , , , , , , , , , , , , , , , , , , , , ,63391,1729236077981,,, , , , , , , , , ,3145728,63363, , , , , , , , , , , , ,3, , , ,1, , , , , , , , , , , , , , , , , , , ,1,6,94083048,2, , , , , , ,4, , , , , , , , , , , , , , , , , , , , , , , , , , , , , , , , , ,4, , , , , , , , , , , 
2024-10-18 10:17:33.837 UTC, , , , , , , , , ,589,3245989,96872,2800, ,19, ,2, , , , , , , , , ,19,19, , , ,10,14,21, ,1, , , , , , , , , , , , , , ,59218,6, ,58940, , , , ,63391,228908453888,19,19,19,19, , , , , , , , , , , , , , , , , , , , , , , , , , , , , , , , ,63391,1729236077981,,, , , , , , , , , ,3145728,63363, , , , , , , , , , , , ,3, , , ,1, , , , , , , , , , , , , , , ,2,20, , ,1,5,73113304,2, , , , , , ,2, , , , , , , , , , , , , , , , , , , , , , , , , , , , , , , , , ,2, , , , , , , , , , , 
2024-10-18 10:18:33.858 UTC, , , , , , , , , ,589,3245989,96872,2800, ,19, ,4, , , , , , , , , ,19,19, , , ,10,14,21, ,2, , , , , , , , , , , , , , ,59218,6, ,58940, , , , ,63391,228908449792,19,19,19,19, , , , , , , , , , , , , , , , , , , , , , , , , , , , , , , , ,63391,1729236077981,,, , , , , , , , , ,3145728,63363, , , , , , , , , , , , ,3, , , ,1, , , , , , , , , , , , , , , , , , , ,1,2,51197232,2, , , , , , ,4, , , , , , , , , , , , , , , , , , , , , , , , , , , , , , , , , ,4, , , , , , , , , , , 
2024-10-18 10:19:33.926 UTC, , , , , , , , , ,589,3245989,96872,2800, ,19, ,2, , , , , , , , , ,19,19, , , ,10,14,21, ,1, , , , , , , , , , , , , , ,59218,6, ,58940, , , , ,63391,228908453888,19,19,19,19, , , , , , , , , , , , , , , , , , , , , , , , , , , , , , , , ,63391,1729236077981,,, , , , , , , , , ,3145728,63363, , , , , , , , , , , , ,3, , , ,1, , , , , , , , , , , , , , , , , , , , , ,105723184,2, , , , , , ,2, , , , , , , , , , , , , , , , , , , , , , , , , , , , , , , , , ,2, , , , , , , , , , , 
2024-10-18 10:20:34.623 UTC, , , , , , , , , ,589,3245989,96872,2800, ,19, ,2, , , , , , , , , ,19,19, , , ,10,14,21, ,1, , , , , , , , , , , , , , ,59218,6, ,58940, , , , ,63391,228908462080,19,19,19,19, , , , , , , , , , , , , , , , , , , , , , , , , , , , , , , , ,63391,1729236077981,,, , , , , , , , , ,3145728,63363, , , , , , , , , , , , ,3, , , ,1, , , , , , , , , , , , , , , ,2,35, , ,1,5,86677376,2, , , , , , ,2, , , , , , , , , , , , , , , , , , , , , , , , , , , , , , , , , ,2, , , , , , , , , , , 
2024-10-18 10:21:34.777 UTC, , , , , , , , , ,589,3245989,96872,2800, ,19, ,4, , , , , , , , , ,19,19, , , ,10,14,21, ,2, , , , , , , , , , , , , , ,59218,6, ,58940, , , , ,63391,228908457984,19,19,19,19, , , , , , , , , , , , , , , , , , , , , , , , , , , , , , , , ,63391,1729236077981,,, , , , , , , , , ,3145728,63363, , , , , , , , , , , , ,3, , , ,1, , , , , , , , , , , , , , , , , , , ,1,3,66879568,2, , , , , , ,4, , , , , , , , , , , , , , , , , , , , , , , , , , , , , , , , , ,4, , , , , , , , , , , 
2024-10-18 10:22:34.784 UTC, , , , , , , , , ,589,3245989,96872,2800, ,19, ,2, , , , , , , , , ,19,19, , , ,10,14,21, ,1, , , , , , , , , , , , , , ,59218,6, ,58940, , , , ,63391,228908457984,19,19,19,19, , , , , , , , , , , , , , , , , , , , , , , , , , , , , , , , ,63391,1729236077981,,, , , , , , , , , ,3145728,63363, , , , , , , , , , , , ,3, , , ,1, , , , , , , , , , , , , , , , , , , , , ,121405520,2, , , , , , ,2, , , , , , , , , , , , , , , , , , , , , , , , , , , , , , , , , ,2, , , , , , , , , , , 
2024-10-18 10:23:34.827 UTC, , , , , , , , , ,589,3245989,96872,2800, ,19, ,4, , , , , , , , , ,19,19, , , ,10,14,21, ,2, , , , , , , , , , , , , , ,59218,6, ,58940, , , , ,63391,228908449792,19,19,19,19, , , , , , , , , , , , , , , , , , , , , , , , , , , , , , , , ,63391,1729236077981,,, , , , , , , , , ,3145728,63363, , , , , , , , , , , , ,3, , , ,1, , , , , , , , , , , , , , , , , , , ,1,3,100877408,2, , , , , , ,4, , , , , , , , , , , , , , , , , , , , , , , , , , , , , , , , , ,4, , , , , , , , , , , 
2024-10-18 10:24:35.295 UTC, , , , , , , , , ,589,3245989,96872,2800, ,19, ,2, , , , , , , , , ,19,19, , , ,10,14,21, ,1, , , , , , , , , , , , , , ,59218,6, ,58940, , , , ,63391,228908449792,19,19,19,19, , , , , , , , , , , , , , , , , , , , , , , , , , , , , , , , ,63391,1729236077981,,, , , , , , , , , ,3145728,63363, , , , , , , , , , , , ,3, , , ,1, , , , , , , , , , , , , , , ,2,19, , ,1,3,79897424,2, , , , , , ,2, , , , , , , , , , , , , , , , , , , , , , , , , , , , , , , , , ,2, , , , , , , , , , , 
2024-10-18 10:25:35.471 UTC, , , , , , , , , ,589,3245989,96872,2800, ,19, ,4, , , , , , , , , ,19,19, , , ,10,14,21, ,2, , , , , , , , , , , , , , ,59218,6, ,58940, , , , ,63391,228908441600,19,19,19,19, , , , , , , , , , , , , , , , , , , , , , , , , , , , , , , , ,63391,1729236077981,,, , , , , , , , , ,3145728,63363, , , , , , , , , , , , ,3, , , ,1, , , , , , , , , , , , , , , , , , , ,1,6,59045960,2, , , , , , ,4, , , , , , , , , , , , , , , , , , , , , , , , , , , , , , , , , ,4, , , , , , , , , , , 
2024-10-18 10:26:35.477 UTC, , , , , , , , , ,589,3245989,96872,2800, ,19, ,2, , , , , , , , , ,19,19, , , ,10,14,21, ,1, , , , , , , , , , , , , , ,59218,6, ,58940, , , , ,63391,228908318720,19,19,19,19, , , , , , , , , , , , , , , , , , , , , , , , , , , , , , , , ,63391,1729236077981,,, , , , , , , , , ,3145728,63363, , , , , , , , , , , , ,3, , , ,1, , , , , , , , , , , , , , , , , , , , , ,113571912,2, , , , , , ,2, , , , , , , , , , , , , , , , , , , , , , , , , , , , , , , , , ,2, , , , , , , , , , , 
2024-10-18 10:27:35.485 UTC, , , , , , , , , ,589,3245989,96872,2800, ,19, ,4, , , , , , , , , ,19,19, , , ,10,14,21, ,2, , , , , , , , , , , , , , ,59218,6, ,58940, , , , ,63391,228908314624,19,19,19,19, , , , , , , , , , , , , , , , , , , , , , , , , , , , , , , , ,63391,1729236077981,,, , , , , , , , , ,3145728,63363, , , , , , , , , , , , ,3, , , ,1, , , , , , , , , , , , , , , ,2,8, , ,1,3,92593368,2, , , , , , ,4, , , , , , , , , , , , , , , , , , , , , , , , , , , , , , , , , ,4, , , , , , , , , , , 
2024-10-18 10:28:35.493 UTC, , , , , , , , , ,589,3245989,96872,2800, ,19, ,2, , , , , , , , , ,19,19, , , ,10,14,21, ,1, , , , , , , , , , , , , , ,59218,6, ,58940, , , , ,63391,228908314624,19,19,19,19, , , , , , , , , , , , , , , , , , , , , , , , , , , , , , , , ,63391,1729236077981,,, , , , , , , , , ,3145728,63363, , , , , , , , , , , , ,3, , , ,1, , , , , , , , , , , , , , , , , , , ,1,2,71651016,2, , , , , , ,2, , , , , , , , , , , , , , , , , , , , , , , , , , , , , , , , , ,2, , , , , , , , , , , 
2024-10-18 10:29:35.532 UTC, , , , , , , , , ,589,3245989,96872,2800, ,19, ,4, , , , , , , , , ,19,19, , , ,10,14,21, ,2, , , , , , , , , , , , , , ,59218,6, ,58940, , , , ,63391,228908314624,19,19,19,19, , , , , , , , , , , , , , , , , , , , , , , , , , , , , , , , ,63391,1729236077981,,, , , , , , , , , ,3145728,63363, , , , , , , , , , , , ,3, , , ,1, , , , , , , , , , , , , , , , , , , ,1,3,50644040,2, , , , , , ,4, , , , , , , , , , , , , , , , , , , , , , , , , , , , , , , , , ,4, , , , , , , , , , , 
2024-10-18 10:30:35.540 UTC, , , , , , , , , ,589,3245989,96872,2800, ,19, ,4, , , , , , , , , ,19,19, , , ,10,14,21, ,2, , , , , , , , , , , , , , ,59218,6, ,58940, , , , ,63391,228908314624,19,19,19,19, , , , , , , , , , , , , , , , , , , , , , , , , , , , , , , , ,63391,1729236077981,,, , , , , , , , , ,3145728,63363, , , , , , , , , , , , ,3, , , ,1, , , , , , , , , , , , , , , ,2,12, , , , ,105169992,2, , , , , , ,4, , , , , , , , , , , , , , , , , , , , , , , , , , , , , , , , , ,4, , , , , , , , , , , 
2024-10-18 10:31:35.546 UTC, , , , , , , , , ,589,3245989,96872,2800, ,19, ,2, , , , , , , , , ,19,19, , , ,10,14,21, ,1, , , , , , , , , , , , , , ,59218,6, ,58940, , , , ,63391,228908314624,19,19,19,19, , , , , , , , , , , , , , , , , , , , , , , , , , , , , , , , ,63391,1729236077981,,, , , , , , , , , ,3145728,63363, , , , , , , , , , , , ,3, , , ,1, , , , , , , , , , , , , , , , , , , ,1,3,84219944,2, , , , , , ,2, , , , , , , , , , , , , , , , , , , , , , , , , , , , , , , , , ,2, , , , , , , , , , , 
2024-10-18 10:32:35.553 UTC, , , , , , , , , ,589,3245989,96872,2800, ,19, ,4, , , , , , , , , ,19,19, , , ,10,14,21, ,2, , , , , , , , , , , , , , ,59218,6, ,58940, , , , ,63391,228908142592,19,19,19,19, , , , , , , , , , , , , , , , , , , , , , , , , , , , , , , , ,63391,1729236077981,,, , , , , , , , , ,3145728,63363, , , , , , , , , , , , ,3, , , ,1, , , , , , , , , , , , , , , ,2,7, , ,1,3,63297568,2, , , , , , ,4, , , , , , , , , , , , , , , , , , , , , , , , , , , , , , , , , ,4, , , , , , , , , , , 
2024-10-18 10:33:35.558 UTC, , , , , , , , , ,589,3245989,96872,2800, ,19, ,4, , , , , , , , , ,19,19, , , ,10,14,21, ,2, , , , , , , , , , , , , , ,59218,6, ,58940, , , , ,63391,228908142592,19,19,19,19, , , , , , , , , , , , , , , , , , , , , , , , , , , , , , , , ,63391,1729236077981,,, , , , , , , , , ,3145728,63363, , , , , , , , , , , , ,3, , , ,1, , , , , , , , , , , , , , , , , , , , , ,117823520,2, , , , , , ,4, , , , , , , , , , , , , , , , , , , , , , , , , , , , , , , , , ,4, , , , , , , , , , , 
2024-10-18 10:34:35.569 UTC, , , , , , , , , ,589,3245989,96872,2800, ,19, ,4, , , , , , , , , ,19,19, , , ,10,14,21, ,2, , , , , , , , , , , , , , ,59218,6, ,58940, , , , ,63391,228908138496,19,19,19,19, , , , , , , , , , , , , , , , , , , , , , , , , , , , , , , , ,63391,1729236077981,,, , , , , , , , , ,3145728,63363, , , , , , , , , , , , ,3, , , ,1, , , , , , , , , , , , , , , , , , , ,1,5,97912088,2, , , , , , ,4, , , , , , , , , , , , , , , , , , , , , , , , , , , , , , , , , ,4, , , , , , , , , , , 
2024-10-18 10:35:35.640 UTC, , , , , , , , , ,589,3245989,96872,2800, ,19, ,2, , , , , , , , , ,19,19, , , ,10,14,21, ,1, , , , , , , , , , , , , , ,59218,6, ,58940, , , , ,63391,228908109824,19,19,19,19, , , , , , , , , , , , , , , , , , , , , , , , , , , , , , , , ,63391,1729236077981,,, , , , , , , , , ,3145728,63363, , , , , , , , , , , , ,3, , , ,1, , , , , , , , , , , , , , , ,2,6, , ,1,2,76957552,2, , , , , , ,2, , , , , , , , , , , , , , , , , , , , , , , , , , , , , , , , , ,2, , , , , , , , , , , 
2024-10-18 10:36:35.655 UTC, , , , , , , , , ,589,3245989,96872,2800, ,19, ,4, , , , , , , , , ,19,19, , , ,10,14,21, ,2, , , , , , , , , , , , , , ,59218,6, ,58940, , , , ,63391,228908109824,19,19,19,19, , , , , , , , , , , , , , , , , , , , , , , , , , , , , , , , ,63391,1729236077981,,, , , , , , , , , ,3145728,63363, , , , , , , , , , , , ,3, , , ,1, , , , , , , , , , , , , , , , , , , ,1,3,55931096,2, , , , , , ,4, , , , , , , , , , , , , , , , , , , , , , , , , , , , , , , , , ,4, , , , , , , , , , , 
2024-10-18 10:37:35.669 UTC, , , , , , , , , ,589,3245989,96872,2800, ,19, ,4, , , , , , , , , ,19,19, , , ,10,14,21, ,2, , , , , , , , , , , , , , ,59218,6, ,58940, , , , ,63391,228908109824,19,19,19,19, , , , , , , , , , , , , , , , , , , , , , , , , , , , , , , , ,63391,1729236077981,,, , , , , , , , , ,3145728,63363, , , , , , , , , , , , ,3, , , ,1, , , , , , , , , , , , , , , , , , , , , ,110457048,2, , , , , , ,4, , , , , , , , , , , , , , , , , , , , , , , , , , , , , , , , , ,4, , , , , , , , , , , 
2024-10-18 10:38:35.675 UTC, , , , , , , , , ,589,3245989,96872,2800, ,19, ,4, , , , , , , , , ,19,19, , , ,10,14,21, ,2, , , , , , , , , , , , , , ,59218,6, ,58940, , , , ,63391,228908109824,19,19,19,19, , , , , , , , , , , , , , , , , , , , , , , , , , , , , , , , ,63391,1729236077981,,, , , , , , , , , ,3145728,63363, , , , , , , , , , , , ,3, , , ,1, , , , , , , , , , , , , , , ,2,25, , ,1,5,89493400,2, , , , , , ,4, , , , , , , , , , , , , , , , , , , , , , , , , , , , , , , , , ,4, , , , , , , , , , , 
2024-10-18 10:39:35.681 UTC, , , , , , , , , ,589,3245989,96872,2800, ,19, ,2, , , , , , , , , ,19,19, , , ,10,14,21, ,1, , , , , , , , , , , , , , ,59218,6, ,58940, , , , ,63391,228908109824,19,19,19,19, , , , , , , , , , , , , , , , , , , , , , , , , , , , , , , , ,63391,1729236077981,,, , , , , , , , , ,3145728,63363, , , , , , , , , , , , ,3, , , ,1, , , , , , , , , , , , , , , , , , , ,1,3,68510672,2, , , , , , ,2, , , , , , , , , , , , , , , , , , , , , , , , , , , , , , , , , ,2, , , , , , , , , , , 
2024-10-18 10:40:35.720 UTC, , , , , , , , , ,589,3245989,96872,2800, ,19, ,4, , , , , , , , , ,19,19, , , ,10,14,21, ,2, , , , , , , , , , , , , , ,59218,6, ,58940, , , , ,63391,228908068864,19,19,19,19, , , , , , , , , , , , , , , , , , , , , , , , , , , , , , , , ,63391,1729236077981,,, , , , , , , , , ,3145728,63363, , , , , , , , , , , , ,3, , , ,1, , , , , , , , , , , , , , , , , , , , , ,123036624,2, , , , , , ,4, , , , , , , , , , , , , , , , , , , , , , , , , , , , , , , , , ,4, , , , , , , , , , , 
2024-10-18 10:41:35.957 UTC, , , , , , , , , ,589,3245989,96872,2800, ,19, ,2, , , , , , , , , ,19,19, , , ,10,14,21, ,1, , , , , , , , , , , , , , ,59218,6, ,58940, , , , ,63391,228918882304,19,19,19,19, , , , , , , , , , , , , , , , , , , , , , , , , , , , , , , , ,63391,1729236077981,,, , , , , , , , , ,3145728,63363, , , , , , , , , , , , ,3, , , ,1, , , , , , , , , , , , , , , ,2,22, , ,1,7,102120592,2, , , , , , ,2, , , , , , , , , , , , , , , , , , , , , , , , , , , , , , , , , ,2, , , , , , , , , , , 
2024-10-18 10:42:35.971 UTC, , , , , , , , , ,589,3245989,96872,2800, ,19, ,4, , , , , , , , , ,19,19, , , ,10,14,21, ,2, , , , , , , , , , , , , , ,59218,6, ,58940, , , , ,63391,228912451584,19,19,19,19, , , , , , , , , , , , , , , , , , , , , , , , , , , , , , , , ,63391,1729236077981,,, , , , , , , , , ,3145728,63363, , , , , , , , , , , , ,3, , , ,1, , , , , , , , , , , , , , , , , , , ,1,1,81155600,2, , , , , , ,4, , , , , , , , , , , , , , , , , , , , , , , , , , , , , , , , , ,4, , , , , , , , , , , 
2024-10-18 10:43:35.983 UTC, , , , , , , , , ,589,3245989,96872,2800, ,19, ,2, , , , , , , , , ,19,19, , , ,10,14,21, ,1, , , , , , , , , , , , , , ,59218,6, ,58940, , , , ,63391,228907974656,19,19,19,19, , , , , , , , , , , , , , , , , , , , , , , , , , , , , , , , ,63391,1729236077981,,, , , , , , , , , ,3145728,63363, , , , , , , , , , , , ,3, , , ,1, , , , , , , , , , , , , , , ,2,13, , ,1,3,60236400,2, , , , , , ,2, , , , , , , , , , , , , , , , , , , , , , , , , , , , , , , , , ,2, , , , , , , , , , , 
2024-10-18 10:44:36.061 UTC, , , , , , , , , ,589,3245989,96872,2800, ,19, ,2, , , , , , , , , ,19,19, , , ,10,14,21, ,1, , , , , , , , , , , , , , ,59218,6, ,58940, , , , ,63391,228907835392,19,19,19,19, , , , , , , , , , , , , , , , , , , , , , , , , , , , , , , , ,63391,1729236077981,,, , , , , , , , , ,3145728,63363, , , , , , , , , , , , ,3, , , ,1, , , , , , , , , , , , , , , , , , , , , ,113713776,2, , , , , , ,2, , , , , , , , , , , , , , , , , , , , , , , , , , , , , , , , , ,2, , , , , , , , , , , 
2024-10-18 10:45:36.130 UTC, , , , , , , , , ,589,3245989,96872,2800, ,19, ,2, , , , , , , , , ,19,19, , , ,10,14,21, ,1, , , , , , , , , , , , , , ,59218,6, ,58940, , , , ,63391,228907835392,19,19,19,19, , , , , , , , , , , , , , , , , , , , , , , , , , , , , , , , ,63391,1729236077981,,, , , , , , , , , ,3145728,63363, , , , , , , , , , , , ,3, , , ,1, , , , , , , , , , , , , , , , , , , ,1,2,92695592,2, , , , , , ,2, , , , , , , , , , , , , , , , , , , , , , , , , , , , , , , , , ,2, , , , , , , , , , , 
2024-10-18 10:46:36.267 UTC, , , , , , , , , ,589,3245989,96872,2800, ,19, ,4, , , , , , , , , ,19,19, , , ,10,14,21, ,2, , , , , , , , , , , , , , ,59218,6, ,58940, , , , ,63391,228907712512,19,19,19,19, , , , , , , , , , , , , , , , , , , , , , , , , , , , , , , , ,63391,1729236077981,,, , , , , , , , , ,3145728,63363, , , , , , , , , , , , ,3, , , ,1, , , , , , , , , , , , , , , ,2,51, , ,1,9,72711728,2, , , , , , ,4, , , , , , , , , , , , , , , , , , , , , , , , , , , , , , , , , ,4, , , , , , , , , , , 
2024-10-18 10:47:36.273 UTC, , , , , , , , , ,589,3245989,96872,2800, ,19, ,4, , , , , , , , , ,19,19, , , ,10,14,21, ,2, , , , , , , , , , , , , , ,59218,6, ,58940, , , , ,63391,228907712512,19,19,19,19, , , , , , , , , , , , , , , , , , , , , , , , , , , , , , , , ,63391,1729236077981,,, , , , , , , , , ,3145728,63363, , , , , , , , , , , , ,3, , , ,1, , , , , , , , , , , , , , , , , , , ,1,2,51873072,2, , , , , , ,4, , , , , , , , , , , , , , , , , , , , , , , , , , , , , , , , , ,4, , , , , , , , , , , 
2024-10-18 10:48:36.279 UTC, , , , , , , , , ,589,3245989,96872,2800, ,19, ,2, , , , , , , , , ,19,19, , , ,10,14,21, ,1, , , , , , , , , , , , , , ,59218,6, ,58940, , , , ,63391,228907712512,19,19,19,19, , , , , , , , , , , , , , , , , , , , , , , , , , , , , , , , ,63391,1729236077981,,, , , , , , , , , ,3145728,63363, , , , , , , , , , , , ,3, , , ,1, , , , , , , , , , , , , , , , , , , , , ,105350448,2, , , , , , ,2, , , , , , , , , , , , , , , , , , , , , , , , , , , , , , , , , ,2, , , , , , , , , , , 
2024-10-18 10:49:36.287 UTC, , , , , , , , , ,589,3245989,96872,2800, ,19, ,4, , , , , , , , , ,19,19, , , ,10,14,21, ,2, , , , , , , , , , , , , , ,59218,6, ,58940, , , , ,63391,228907712512,19,19,19,19, , , , , , , , , , , , , , , , , , , , , , , , , , , , , , , , ,63391,1729236077981,,, , , , , , , , , ,3145728,63363, , , , , , , , , , , , ,3, , , ,1, , , , , , , , , , , , , , , ,2,7, , ,1,3,85283112,2, , , , , , ,4, , , , , , , , , , , , , , , , , , , , , , , , , , , , , , , , , ,4, , , , , , , , , , , 
2024-10-18 10:50:36.294 UTC, , , , , , , , , ,589,3245989,96872,2800, ,19, ,4, , , , , , , , , ,19,19, , , ,10,14,21, ,2, , , , , , , , , , , , , , ,59218,6, ,58940, , , , ,63391,228907708416,19,19,19,19, , , , , , , , , , , , , , , , , , , , , , , , , , , , , , , , ,63391,1729236077981,,, , , , , , , , , ,3145728,63363, , , , , , , , , , , , ,3, , , ,1, , , , , , , , , , , , , , , , , , , ,1,3,64422352,2, , , , , , ,4, , , , , , , , , , , , , , , , , , , , , , , , , , , , , , , , , ,4, , , , , , , , , , , 
2024-10-18 10:51:36.299 UTC, , , , , , , , , ,589,3245989,96872,2800, ,19, ,4, , , , , , , , , ,19,19, , , ,10,14,21, ,2, , , , , , , , , , , , , , ,59218,6, ,58940, , , , ,63391,228907704320,19,19,19,19, , , , , , , , , , , , , , , , , , , , , , , , , , , , , , , , ,63391,1729236077981,,, , , , , , , , , ,3145728,63363, , , , , , , , , , , , ,3, , , ,1, , , , , , , , , , , , , , , , , , , , , ,118948304,2, , , , , , ,4, , , , , , , , , , , , , , , , , , , , , , , , , , , , , , , , , ,4, , , , , , , , , , , 
2024-10-18 10:52:36.305 UTC, , , , , , , , , ,589,3245989,96872,2800, ,19, ,2, , , , , , , , , ,19,19, , , ,10,14,21, ,1, , , , , , , , , , , , , , ,59218,6, ,58940, , , , ,63391,228907704320,19,19,19,19, , , , , , , , , , , , , , , , , , , , , , , , , , , , , , , , ,63391,1729236077981,,, , , , , , , , , ,3145728,63363, , , , , , , , , , , , ,3, , , ,1, , , , , , , , , , , , , , , ,2,6, , ,1,5,98000880,2, , , , , , ,2, , , , , , , , , , , , , , , , , , , , , , , , , , , , , , , , , ,2, , , , , , , , , , , 
2024-10-18 10:53:36.313 UTC, , , , , , , , , ,589,3245989,96872,2800, ,19, ,4, , , , , , , , , ,19,19, , , ,10,14,21, ,2, , , , , , , , , , , , , , ,59218,6, ,58940, , , , ,63391,228907687936,19,19,19,19, , , , , , , , , , , , , , , , , , , , , , , , , , , , , , , , ,63391,1729236077981,,, , , , , , , , , ,3145728,63363, , , , , , , , , , , , ,3, , , ,1, , , , , , , , , , , , , , , , , , , ,1,3,78092168,2, , , , , , ,4, , , , , , , , , , , , , , , , , , , , , , , , , , , , , , , , , ,4, , , , , , , , , , , 
2024-10-18 10:54:36.318 UTC, , , , , , , , , ,589,3245989,96872,2800, ,19, ,4, , , , , , , , , ,19,19, , , ,10,14,21, ,2, , , , , , , , , , , , , , ,59218,6, ,58940, , , , ,63391,228907679744,19,19,19,19, , , , , , , , , , , , , , , , , , , , , , , , , , , , , , , , ,63391,1729236077981,,, , , , , , , , , ,3145728,63363, , , , , , , , , , , , ,3, , , ,1, , , , , , , , , , , , , , , ,2,8, , ,1,242,57132544,2, , , , , , ,4, , , , , , , , , , , , , , , , , , , , , , , , , , , , , , , , , ,4, , , , , , , , , , , 
2024-10-18 10:55:36.324 UTC, , , , , , , , , ,589,3245989,96872,2800, ,19, ,4, , , , , , , , , ,19,19, , , ,10,14,21, ,2, , , , , , , , , , , , , , ,59218,6, ,58940, , , , ,63391,228907679744,19,19,19,19, , , , , , , , , , , , , , , , , , , , , , , , , , , , , , , , ,63391,1729236077981,,, , , , , , , , , ,3145728,63363, , , , , , , , , , , , ,3, , , ,1, , , , , , , , , , , , , , , , , , , , , ,111658496,2, , , , , , ,4, , , , , , , , , , , , , , , , , , , , , , , , , , , , , , , , , ,4, , , , , , , , , , , 
2024-10-18 10:56:36.330 UTC, , , , , , , , , ,589,3245989,96872,2800, ,19, ,2, , , , , , , , , ,19,19, , , ,10,14,21, ,1, , , , , , , , , , , , , , ,59218,6, ,58940, , , , ,63391,228907679744,19,19,19,19, , , , , , , , , , , , , , , , , , , , , , , , , , , , , , , , ,63391,1729236077981,,, , , , , , , , , ,3145728,63363, , , , , , , , , , , , ,3, , , ,1, , , , , , , , , , , , , , , , , , , ,1,2,90682104,2, , , , , , ,2, , , , , , , , , , , , , , , , , , , , , , , , , , , , , , , , , ,2, , , , , , , , , , , 
2024-10-18 10:57:36.336 UTC, , , , , , , , , ,589,3245989,96872,2800, ,19, ,4, , , , , , , , , ,19,19, , , ,10,14,21, ,2, , , , , , , , , , , , , , ,59218,6, ,58940, , , , ,63391,228907679744,19,19,19,19, , , , , , , , , , , , , , , , , , , , , , , , , , , , , , , , ,63391,1729236077981,,, , , , , , , , , ,3145728,63363, , , , , , , , , , , , ,3, , , ,1, , , , , , , , , , , , , , , ,2,18, , ,1,5,69654688,2, , , , , , ,4, , , , , , , , , , , , , , , , , , , , , , , , , , , , , , , , , ,4, , , , , , , , , , , 
2024-10-18 10:58:36.346 UTC, , , , , , , , , ,589,3245989,96872,2800, ,19, ,4, , , , , , , , , ,19,19, , , ,10,14,21, ,2, , , , , , , , , , , , , , ,59218,6, ,58940, , , , ,63391,228907675648,19,19,19,19, , , , , , , , , , , , , , , , , , , , , , , , , , , , , , , , ,63391,1729236077981,,, , , , , , , , , ,3145728,63363, , , , , , , , , , , , ,3, , , ,1, , , , , , , , , , , , , , , , , , , , , ,124180640,2, , , , , , ,4, , , , , , , , , , , , , , , , , , , , , , , , , , , , , , , , , ,4, , , , , , , , , , , 
2024-10-18 10:59:36.356 UTC, , , , , , , , , ,589,3245989,96872,2800, ,19, ,2, , , , , , , , , ,19,19, , , ,10,14,21, ,1, , , , , , , , , , , , , , ,59218,6, ,58940, , , , ,63391,228907667456,19,19,19,19, , , , , , , , , , , , , , , , , , , , , , , , , , , , , , , , ,63391,1729236077981,,, , , , , , , , , ,3145728,63363, , , , , , , , , , , , ,3, , , ,1, , , , , , , , , , , , , , , , , , , ,1,3,103269928,2, , , , , , ,2, , , , , , , , , , , , , , , , , , , , , , , , , , , , , , , , , ,2, , , , , , , , , , , 
2024-10-18 11:00:36.364 UTC, , , , , , , , , ,589,3245989,96872,2800, ,19, ,4, , , , , , , , , ,19,19, , , ,10,14,21, ,2, , , , , , , , , , , , , , ,59218,6, ,58940, , , , ,63391,228907659264,19,19,19,19, , , , , , , , , , , , , , , , , , , , , , , , , , , , , , , , ,63391,1729236077981,,, , , , , , , , , ,3145728,63363, , , , , , , , , , , , ,3, , , ,1, , , , , , , , , , , , , , , ,2,6, , ,1,3,82260056,2, , , , , , ,4, , , , , , , , , , , , , , , , , , , , , , , , , , , , , , , , , ,4, , , , , , , , , , , 
2024-10-18 11:01:36.370 UTC, , , , , , , , , ,589,3245989,96872,2800, ,19, ,4, , , , , , , , , ,19,19, , , ,10,14,21, ,2, , , , , , , , , , , , , , ,59218,6, ,58940, , , , ,63391,228907659264,19,19,19,19, , , , , , , , , , , , , , , , , , , , , , , , , , , , , , , , ,63391,1729236077981,,, , , , , , , , , ,3145728,63363, , , , , , , , , , , , ,3, , , ,1, , , , , , , , , , , , , , , , , , , ,1,3,61357640,2, , , , , , ,4, , , , , , , , , , , , , , , , , , , , , , , , , , , , , , , , , ,4, , , , , , , , , , , 
2024-10-18 11:02:36.381 UTC, , , , , , , , , ,589,3245989,96872,2800, ,19, ,4, , , , , , , , , ,19,19, , , ,10,14,21, ,2, , , , , , , , , , , , , , ,59218,6, ,58940, , , , ,63391,228907659264,19,19,19,19, , , , , , , , , , , , , , , , , , , , , , , , , , , , , , , , ,63391,1729236077981,,, , , , , , , , , ,3145728,63363, , , , , , , , , , , , ,3, , , ,1, , , , , , , , , , , , , , , , , , , , , ,115883592,2, , , , , , ,4, , , , , , , , , , , , , , , , , , , , , , , , , , , , , , , , , ,4, , , , , , , , , , , 
2024-10-18 11:03:36.388 UTC, , , , , , , , , ,589,3245989,96872,2800, ,19, ,2, , , , , , , , , ,19,19, , , ,10,14,21, ,1, , , , , , , , , , , , , , ,59218,6, ,58940, , , , ,63391,228907659264,19,19,19,19, , , , , , , , , , , , , , , , , , , , , , , , , , , , , , , , ,63391,1729236077981,,, , , , , , , , , ,3145728,63363, , , , , , , , , , , , ,3, , , ,1, , , , , , , , , , , , , , , ,2,6, , ,1,3,94865976,2, , , , , , ,2, , , , , , , , , , , , , , , , , , , , , , , , , , , , , , , , , ,2, , , , , , , , , , , 
2024-10-18 11:04:36.394 UTC, , , , , , , , , ,589,3245989,96872,2800, ,19, ,4, , , , , , , , , ,19,19, , , ,10,14,21, ,2, , , , , , , , , , , , , , ,59218,6, ,58940, , , , ,63391,228907659264,19,19,19,19, , , , , , , , , , , , , , , , , , , , , , , , , , , , , , , , ,63391,1729236077981,,, , , , , , , , , ,3145728,63363, , , , , , , , , , , , ,3, , , ,1, , , , , , , , , , , , , , , , , , , ,1,8,73919096,2, , , , , , ,4, , , , , , , , , , , , , , , , , , , , , , , , , , , , , , , , , ,4, , , , , , , , , , , 
2024-10-18 11:05:36.400 UTC, , , , , , , , , ,589,3245989,96872,2800, ,19, ,4, , , , , , , , , ,19,19, , , ,10,14,21, ,2, , , , , , , , , , , , , , ,59218,6, ,58940, , , , ,63391,228907659264,19,19,19,19, , , , , , , , , , , , , , , , , , , , , , , , , , , , , , , , ,63391,1729236077981,,, , , , , , , , , ,3145728,63363, , , , , , , , , , , , ,3, , , ,1, , , , , , , , , , , , , , , ,2,11, , ,1,3,53039840,2, , , , , , ,4, , , , , , , , , , , , , , , , , , , , , , , , , , , , , , , , , ,4, , , , , , , , , , , 
2024-10-18 11:06:36.408 UTC, , , , , , , , , ,589,3245989,96872,2800, ,19, ,4, , , , , , , , , ,19,19, , , ,10,14,21, ,2, , , , , , , , , , , , , , ,59218,6, ,58940, , , , ,63391,228907589632,19,19,19,19, , , , , , , , , , , , , , , , , , , , , , , , , , , , , , , , ,63391,1729236077981,,, , , , , , , , , ,3145728,63363, , , , , , , , , , , , ,3, , , ,1, , , , , , , , , , , , , , , , , , , , , ,107565792,2, , , , , , ,4, , , , , , , , , , , , , , , , , , , , , , , , , , , , , , , , , ,4, , , , , , , , , , , 
2024-10-18 11:07:36.412 UTC, , , , , , , , , ,589,3245989,96872,2800, ,19, ,2, , , , , , , , , ,19,19, , , ,10,14,21, ,1, , , , , , , , , , , , , , ,59218,6, ,58940, , , , ,63391,228907589632,19,19,19,19, , , , , , , , , , , , , , , , , , , , , , , , , , , , , , , , ,63391,1729236077981,,, , , , , , , , , ,3145728,63363, , , , , , , , , , , , ,3, , , ,1, , , , , , , , , , , , , , , , , , , ,1,2,86536704,2, , , , , , ,2, , , , , , , , , , , , , , , , , , , , , , , , , , , , , , , , , ,2, , , , , , , , , , , 
2024-10-18 11:08:36.421 UTC, , , , , , , , , ,589,3245989,96872,2800, ,19, ,4, , , , , , , , , ,19,19, , , ,10,14,21, ,2, , , , , , , , , , , , , , ,59218,6, ,58940, , , , ,63391,228907589632,19,19,19,19, , , , , , , , , , , , , , , , , , , , , , , , , , , , , , , , ,63391,1729236077981,,, , , , , , , , , ,3145728,63363, , , , , , , , , , , , ,3, , , ,1, , , , , , , , , , , , , , , ,2,8, , ,1,2,65635936,2, , , , , , ,4, , , , , , , , , , , , , , , , , , , , , , , , , , , , , , , , , ,4, , , , , , , , , , , 
2024-10-18 11:09:36.566 UTC, , , , , , , , , ,589,3245989,96872,2800, ,19, ,4, , , , , , , , , ,19,19, , , ,10,14,21, ,2, , , , , , , , , , , , , , ,59218,6, ,58940, , , , ,63391,228907589632,19,19,19,19, , , , , , , , , , , , , , , , , , , , , , , , , , , , , , , , ,63391,1729236077981,,, , , , , , , , , ,3145728,63363, , , , , , , , , , , , ,3, , , ,1, , , , , , , , , , , , , , , , , , , , , ,120161888,2, , , , , , ,4, , , , , , , , , , , , , , , , , , , , , , , , , , , , , , , , , ,4, , , , , , , , , , , 
2024-10-18 11:10:36.571 UTC, , , , , , , , , ,589,3245989,96872,2800, ,19, ,4, , , , , , , , , ,19,19, , , ,10,14,21, ,2, , , , , , , , , , , , , , ,59218,6, ,58940, , , , ,63391,228907589632,19,19,19,19, , , , , , , , , , , , , , , , , , , , , , , , , , , , , , , , ,63391,1729236077981,,, , , , , , , , , ,3145728,63363, , , , , , , , , , , , ,3, , , ,1, , , , , , , , , , , , , , , , , , , ,1,3,100166760,2, , , , , , ,4, , , , , , , , , , , , , , , , , , , , , , , , , , , , , , , , , ,4, , , , , , , , , , , 
2024-10-18 11:11:36.576 UTC, , , , , , , , , ,589,3245989,96872,2800, ,19, ,4, , , , , , , , , ,19,19, , , ,10,14,21, ,2, , , , , , , , , , , , , , ,59218,6, ,58940, , , , ,63391,228907589632,19,19,19,19, , , , , , , , , , , , , , , , , , , , , , , , , , , , , , , , ,63391,1729236077981,,, , , , , , , , , ,3145728,63363, , , , , , , , , , , , ,3, , , ,1, , , , , , , , , , , , , , , ,2,6, , ,1,2,79266368,2, , , , , , ,4, , , , , , , , , , , , , , , , , , , , , , , , , , , , , , , , , ,4, , , , , , , , , , , 
2024-10-18 11:12:36.582 UTC, , , , , , , , , ,589,3245989,96872,2800, ,19, ,2, , , , , , , , , ,19,19, , , ,10,14,21, ,1, , , , , , , , , , , , , , ,59218,6, ,58940, , , , ,63391,228907589632,19,19,19,19, , , , , , , , , , , , , , , , , , , , , , , , , , , , , , , , ,63391,1729236077981,,, , , , , , , , , ,3145728,63363, , , , , , , , , , , , ,3, , , ,1, , , , , , , , , , , , , , , , , , , ,1,2,58238224,2, , , , , , ,2, , , , , , , , , , , , , , , , , , , , , , , , , , , , , , , , , ,2, , , , , , , , , , , 
2024-10-18 11:13:36.587 UTC, , , , , , , , , ,589,3245989,96872,2800, ,19, ,4, , , , , , , , , ,19,19, , , ,10,14,21, ,2, , , , , , , , , , , , , , ,59218,6, ,58940, , , , ,63391,228907589632,19,19,19,19, , , , , , , , , , , , , , , , , , , , , , , , , , , , , , , , ,63391,1729236077981,,, , , , , , , , , ,3145728,63363, , , , , , , , , , , , ,3, , , ,1, , , , , , , , , , , , , , , , , , , , , ,112764176,2, , , , , , ,4, , , , , , , , , , , , , , , , , , , , , , , , , , , , , , , , , ,4, , , , , , , , , , , 
2024-10-18 11:14:36.593 UTC, , , , , , , , , ,589,3245989,96872,2800, ,19, ,4, , , , , , , , , ,19,19, , , ,10,14,21, ,2, , , , , , , , , , , , , , ,59218,6, ,58940, , , , ,63391,228907585536,19,19,19,19, , , , , , , , , , , , , , , , , , , , , , , , , , , , , , , , ,63391,1729236077981,,, , , , , , , , , ,3145728,63363, , , , , , , , , , , , ,3, , , ,1, , , , , , , , , , , , , , , ,2,7, , ,1,3,91821960,2, , , , , , ,4, , , , , , , , , , , , , , , , , , , , , , , , , , , , , , , , , ,4, , , , , , , , , , , 
2024-10-18 11:15:36.599 UTC, , , , , , , , , ,589,3245989,96872,2800, ,19, ,4, , , , , , , , , ,19,19, , , ,10,14,21, ,2, , , , , , , , , , , , , , ,59218,6, ,58940, , , , ,63391,228907585536,19,19,19,19, , , , , , , , , , , , , , , , , , , , , , , , , , , , , , , , ,63391,1729236077981,,, , , , , , , , , ,3145728,63363, , , , , , , , , , , , ,3, , , ,1, , , , , , , , , , , , , , , , , , , ,1,2,71962336,2, , , , , , ,4, , , , , , , , , , , , , , , , , , , , , , , , , , , , , , , , , ,4, , , , , , , , , , , 
2024-10-18 11:16:36.603 UTC, , , , , , , , , ,589,3245989,96872,2800, ,19, ,2, , , , , , , , , ,19,19, , , ,10,14,21, ,1, , , , , , , , , , , , , , ,59218,6, ,58940, , , , ,63391,228907585536,19,19,19,19, , , , , , , , , , , , , , , , , , , , , , , , , , , , , , , , ,63391,1729236077981,,, , , , , , , , , ,3145728,63363, , , , , , , , , , , , ,3, , , ,1, , , , , , , , , , , , , , , , , , , , , ,125439712,2, , , , , , ,2, , , , , , , , , , , , , , , , , , , , , , , , , , , , , , , , , ,2, , , , , , , , , , , 
2024-10-18 11:17:36.610 UTC, , , , , , , , , ,589,3245989,96872,2800, ,19, ,4, , , , , , , , , ,19,19, , , ,10,14,21, ,2, , , , , , , , , , , , , , ,59218,6, ,58940, , , , ,63391,228907585536,19,19,19,19, , , , , , , , , , , , , , , , , , , , , , , , , , , , , , , , ,63391,1729236077981,,, , , , , , , , , ,3145728,63363, , , , , , , , , , , , ,3, , , ,1, , , , , , , , , , , , , , , ,2,6, , ,1,2,104449664,2, , , , , , ,4, , , , , , , , , , , , , , , , , , , , , , , , , , , , , , , , , ,4, , , , , , , , , , , 
2024-10-18 11:18:36.619 UTC, , , , , , , , , ,589,3245989,96872,2800, ,19, ,4, , , , , , , , , ,19,19, , , ,10,14,21, ,2, , , , , , , , , , , , , , ,59218,6, ,58940, , , , ,63391,228907585536,19,19,19,19, , , , , , , , , , , , , , , , , , , , , , , , , , , , , , , , ,63391,1729236077981,,, , , , , , , , , ,3145728,63363, , , , , , , , , , , , ,3, , , ,1, , , , , , , , , , , , , , , , , , , ,1,3,83512320,2, , , , , , ,4, , , , , , , , , , , , , , , , , , , , , , , , , , , , , , , , , ,4, , , , , , , , , , , 
2024-10-18 11:19:36.626 UTC, , , , , , , , , ,589,3245989,96872,2800, ,19, ,4, , , , , , , , , ,19,19, , , ,10,14,21, ,2, , , , , , , , , , , , , , ,59218,6, ,58940, , , , ,63391,228907585536,19,19,19,19, , , , , , , , , , , , , , , , , , , , , , , , , , , , , , , , ,63391,1729236077981,,, , , , , , , , , ,3145728,63363, , , , , , , , , , , , ,3, , , ,1, , , , , , , , , , , , , , , ,2,6, , ,1,2,63540344,2, , , , , , ,4, , , , , , , , , , , , , , , , , , , , , , , , , , , , , , , , , ,4, , , , , , , , , , , 
2024-10-18 11:20:36.631 UTC, , , , , , , , , ,589,3245989,96872,2800, ,19, ,2, , , , , , , , , ,19,19, , , ,10,14,21, ,1, , , , , , , , , , , , , , ,59218,6, ,58940, , , , ,63391,228907085824,19,19,19,19, , , , , , , , , , , , , , , , , , , , , , , , , , , , , , , , ,63391,1729236077981,,, , , , , , , , , ,3145728,63363, , , , , , , , , , , , ,3, , , ,1, , , , , , , , , , , , , , , , , , , , , ,117017720,2, , , , , , ,2, , , , , , , , , , , , , , , , , , , , , , , , , , , , , , , , , ,2, , , , , , , , , , , 
2024-10-18 11:21:36.638 UTC, , , , , , , , , ,589,3245989,96872,2800, ,19, ,4, , , , , , , , , ,19,19, , , ,10,14,21, ,2, , , , , , , , , , , , , , ,59218,6, ,58940, , , , ,63391,228907102208,19,19,19,19, , , , , , , , , , , , , , , , , , , , , , , , , , , , , , , , ,63391,1729236077981,,, , , , , , , , , ,3145728,63363, , , , , , , , , , , , ,3, , , ,1, , , , , , , , , , , , , , , , , , , ,1,2,97154768,2, , , , , , ,4, , , , , , , , , , , , , , , , , , , , , , , , , , , , , , , , , ,4, , , , , , , , , , , 
2024-10-18 11:22:36.651 UTC, , , , , , , , , ,589,3245989,96872,2800, ,19, ,4, , , , , , , , , ,19,19, , , ,10,14,21, ,2, , , , , , , , , , , , , , ,59218,6, ,58940, , , , ,63391,228906610688,19,19,19,19, , , , , , , , , , , , , , , , , , , , , , , , , , , , , , , , ,63391,1729236077981,,, , , , , , , , , ,3145728,63363, , , , , , , , , , , , ,3, , , ,1, , , , , , , , , , , , , , , ,2,6, , ,1,3,76185288,2, , , , , , ,4, , , , , , , , , , , , , , , , , , , , , , , , , , , , , , , , , ,4, , , , , , , , , , , 
2024-10-18 11:23:36.660 UTC, , , , , , , , , ,589,3245989,96872,2800, ,19, ,2, , , , , , , , , ,19,19, , , ,10,14,21, ,1, , , , , , , , , , , , , , ,59218,6, ,58940, , , , ,63391,228906016768,19,19,19,19, , , , , , , , , , , , , , , , , , , , , , , , , , , , , , , , ,63391,1729236077981,,, , , , , , , , , ,3145728,63363, , , , , , , , , , , , ,3, , , ,1, , , , , , , , , , , , , , , , , , , ,1,2,54176024,2, , , , , , ,2, , , , , , , , , , , , , , , , , , , , , , , , , , , , , , , , , ,2, , , , , , , , , , , 
2024-10-18 11:24:36.665 UTC, , , , , , , , , ,589,3245989,96872,2800, ,19, ,4, , , , , , , , , ,19,19, , , ,10,14,21, ,2, , , , , , , , , , , , , , ,59218,6, ,58940, , , , ,63391,228906016768,19,19,19,19, , , , , , , , , , , , , , , , , , , , , , , , , , , , , , , , ,63391,1729236077981,,, , , , , , , , , ,3145728,63363, , , , , , , , , , , , ,3, , , ,1, , , , , , , , , , , , , , , , , , , , , ,108701976,3, , , , , , ,4, , , , , , , , , , , , , , , , , , , , , , , , , , , , , , , , , ,4, , , , , , , , , , , 
2024-10-18 11:25:36.670 UTC, , , , , , , , , ,589,3245989,96872,2800, ,19, ,4, , , , , , , , , ,19,19, , , ,10,14,21, ,2, , , , , , , , , , , , , , ,59218,6, ,58940, , , , ,63391,228905521152,19,19,19,19, , , , , , , , , , , , , , , , , , , , , , , , , , , , , , , , ,63391,1729236077981,,, , , , , , , , , ,3145728,63363, , , , , , , , , , , , ,3, , , ,1, , , , , , , , , , , , , , , ,2,45, , ,1,14,88864808,2, , , , , , ,4, , , , , , , , , , , , , , , , , , , , , , , , , , , , , , , , , ,4, , , , , , , , , , , 
2024-10-18 11:26:36.676 UTC, , , , , , , , , ,589,3245989,96872,2800, ,19, ,2, , , , , , , , , ,19,19, , , ,10,14,21, ,1, , , , , , , , , , , , , , ,59218,6, ,58940, , , , ,63391,228905504768,19,19,19,19, , , , , , , , , , , , , , , , , , , , , , , , , , , , , , , , ,63391,1729236077981,,, , , , , , , , , ,3145728,63363, , , , , , , , , , , , ,3, , , ,1, , , , , , , , , , , , , , , , , , , ,1,3,67897824,2, , , , , , ,2, , , , , , , , , , , , , , , , , , , , , , , , , , , , , , , , , ,2, , , , , , , , , , , 
2024-10-18 11:27:36.682 UTC, , , , , , , , , ,589,3245989,96872,2800, ,19, ,4, , , , , , , , , ,19,19, , , ,10,14,21, ,2, , , , , , , , , , , , , , ,59218,6, ,58940, , , , ,63391,228905504768,19,19,19,19, , , , , , , , , , , , , , , , , , , , , , , , , , , , , , , , ,63391,1729236077981,,, , , , , , , , , ,3145728,63363, , , , , , , , , , , , ,3, , , ,1, , , , , , , , , , , , , , , , , , , , , ,122423776,2, , , , , , ,4, , , , , , , , , , , , , , , , , , , , , , , , , , , , , , , , , ,4, , , , , , , , , , , 
2024-10-18 11:28:36.718 UTC, , , , , , , , , ,589,3245989,96872,2800, ,19, ,4, , , , , , , , , ,19,19, , , ,10,14,21, ,2, , , , , , , , , , , , , , ,59218,6, ,58940, , , , ,63391,228905410560,19,19,19,19, , , , , , , , , , , , , , , , , , , , , , , , , , , , , , , , ,63391,1729236077981,,, , , , , , , , , ,3145728,63363, , , , , , , , , , , , ,3, , , ,1, , , , , , , , , , , , , , , ,2,7, , ,1,3,101456704,2, , , , , , ,4, , , , , , , , , , , , , , , , , , , , , , , , , , , , , , , , , ,4, , , , , , , , , , , 
2024-10-18 11:29:36.723 UTC, , , , , , , , , ,589,3245989,96872,2800, ,19, ,4, , , , , , , , , ,19,19, , , ,10,14,21, ,2, , , , , , , , , , , , , , ,59218,6, ,58940, , , , ,63391,228905410560,19,19,19,19, , , , , , , , , , , , , , , , , , , , , , , , , , , , , , , , ,63391,1729236077981,,, , , , , , , , , ,3145728,63363, , , , , , , , , , , , ,3, , , ,1, , , , , , , , , , , , , , , , , , , ,1,2,80501928,2, , , , , , ,4, , , , , , , , , , , , , , , , , , , , , , , , , , , , , , , , , ,4, , , , , , , , , , , 
2024-10-18 11:30:36.733 UTC, , , , , , , , , ,589,3245989,96872,2800, ,19, ,2, , , , , , , , , ,19,19, , , ,10,14,21, ,1, , , , , , , , , , , , , , ,59218,6, ,58940, , , , ,63391,228905406464,19,19,19,19, , , , , , , , , , , , , , , , , , , , , , , , , , , , , , , , ,63391,1729236077981,,, , , , , , , , , ,3145728,63363, , , , , , , , , , , , ,3, , , ,1, , , , , , , , , , , , , , , ,2,7, , ,1,2,59514432,2, , , , , , ,2, , , , , , , , , , , , , , , , , , , , , , , , , , , , , , , , , ,2, , , , , , , , , , , 
2024-10-18 11:31:36.744 UTC, , , , , , , , , ,589,3245989,96872,2800, ,19, ,2, , , , , , , , , ,19,19, , , ,10,14,21, ,1, , , , , , , , , , , , , , ,59218,6, ,58940, , , , ,63391,228905406464,19,19,19,19, , , , , , , , , , , , , , , , , , , , , , , , , , , , , , , , ,63391,1729236077981,,, , , , , , , , , ,3145728,63363, , , , , , , , , , , , ,3, , , ,1, , , , , , , , , , , , , , , , , , , , , ,112991808,2, , , , , , ,2, , , , , , , , , , , , , , , , , , , , , , , , , , , , , , , , , ,2, , , , , , , , , , , 
2024-10-18 11:32:36.754 UTC, , , , , , , , , ,589,3245989,96872,2800, ,19, ,4, , , , , , , , , ,19,19, , , ,10,14,21, ,2, , , , , , , , , , , , , , ,59218,6, ,58940, , , , ,63391,228905406464,19,19,19,19, , , , , , , , , , , , , , , , , , , , , , , , , , , , , , , , ,63391,1729236077981,,, , , , , , , , , ,3145728,63363, , , , , , , , , , , , ,3, , , ,1, , , , , , , , , , , , , , , , , , , ,1,3,92961048,2, , , , , , ,4, , , , , , , , , , , , , , , , , , , , , , , , , , , , , , , , , ,4, , , , , , , , , , , 
2024-10-18 11:33:36.760 UTC, , , , , , , , , ,589,3245989,96872,2800, ,19, ,4, , , , , , , , , ,19,19, , , ,10,14,21, ,2, , , , , , , , , , , , , , ,59218,6, ,58940, , , , ,63391,228905406464,19,19,19,19, , , , , , , , , , , , , , , , , , , , , , , , , , , , , , , , ,63391,1729236077981,,, , , , , , , , , ,3145728,63363, , , , , , , , , , , , ,3, , , ,1, , , , , , , , , , , , , , , ,2,6, , ,1,2,72081680,2, , , , , , ,4, , , , , , , , , , , , , , , , , , , , , , , , , , , , , , , , , ,4, , , , , , , , , , , 
2024-10-18 11:34:36.771 UTC, , , , , , , , , ,589,3245989,96872,2800, ,19, ,2, , , , , , , , , ,19,19, , , ,10,14,21, ,1, , , , , , , , , , , , , , ,59218,6, ,58940, , , , ,63391,228905406464,19,19,19,19, , , , , , , , , , , , , , , , , , , , , , , , , , , , , , , , ,63391,1729236077981,,, , , , , , , , , ,3145728,63363, , , , , , , , , , , , ,3, , , ,1, , , , , , , , , , , , , , , , , , , , , ,125559056,2, , , , , , ,2, , , , , , , , , , , , , , , , , , , , , , , , , , , , , , , , , ,2, , , , , , , , , , , 
2024-10-18 11:35:36.774 UTC, , , , , , , , , ,589,3245989,96872,2800, ,19, ,4, , , , , , , , , ,19,19, , , ,10,14,21, ,2, , , , , , , , , , , , , , ,59218,6, ,58940, , , , ,63391,228905406464,19,19,19,19, , , , , , , , , , , , , , , , , , , , , , , , , , , , , , , , ,63391,1729236077981,,, , , , , , , , , ,3145728,63363, , , , , , , , , , , , ,3, , , ,1, , , , , , , , , , , , , , , , , , , ,1,3,104530256,2, , , , , , ,4, , , , , , , , , , , , , , , , , , , , , , , , , , , , , , , , , ,4, , , , , , , , , , , 
2024-10-18 11:36:36.866 UTC, , , , , , , , , ,589,3245989,96872,2800, ,19, ,2, , , , , , , , , ,19,19, , , ,10,14,21, ,1, , , , , , , , , , , , , , ,59218,6, ,58940, , , , ,63391,228905402368,19,19,19,19, , , , , , , , , , , , , , , , , , , , , , , , , , , , , , , , ,63391,1729236077981,,, , , , , , , , , ,3145728,63363, , , , , , , , , , , , ,3, , , ,1, , , , , , , , , , , , , , , ,2,20, , ,1,4,83559240,2, , , , , , ,2, , , , , , , , , , , , , , , , , , , , , , , , , , , , , , , , , ,2, , , , , , , , , , , 
2024-10-18 11:37:36.978 UTC, , , , , , , , , ,589,3245989,96872,2800, ,19, ,4, , , , , , , , , ,19,19, , , ,10,14,21, ,2, , , , , , , , , , , , , , ,59218,6, ,58940, , , , ,63391,228905402368,19,19,19,19, , , , , , , , , , , , , , , , , , , , , , , , , , , , , , , , ,63391,1729236077981,,, , , , , , , , , ,3145728,63363, , , , , , , , , , , , ,3, , , ,1, , , , , , , , , , , , , , , , , , , ,1,5,63697376,2, , , , , , ,4, , , , , , , , , , , , , , , , , , , , , , , , , , , , , , , , , ,4, , , , , , , , , , , 
2024-10-18 11:38:37.188 UTC, , , , , , , , , ,589,3245989,96872,2800, ,19, ,2, , , , , , , , , ,19,19, , , ,10,14,21, ,1, , , , , , , , , , , , , , ,59218,6, ,58940, , , , ,63391,228905398272,19,19,19,19, , , , , , , , , , , , , , , , , , , , , , , , , , , , , , , , ,63391,1729236077981,,, , , , , , , , , ,3145728,63363, , , , , , , , , , , , ,3, , , ,1, , , , , , , , , , , , , , , , , , , , , ,117174752,2, , , , , , ,2, , , , , , , , , , , , , , , , , , , , , , , , , , , , , , , , , ,2, , , , , , , , , , , 
2024-10-18 11:39:37.204 UTC, , , , , , , , , ,589,3245989,96872,2800, ,19, ,2, , , , , , , , , ,19,19, , , ,10,14,21, ,1, , , , , , , , , , , , , , ,59218,6, ,58940, , , , ,63391,228905398272,19,19,19,19, , , , , , , , , , , , , , , , , , , , , , , , , , , , , , , , ,63391,1729236077981,,, , , , , , , , , ,3145728,63363, , , , , , , , , , , , ,3, , , ,1, , , , , , , , , , , , , , , ,2,16, , ,1,2,98303120,2, , , , , , ,2, , , , , , , , , , , , , , , , , , , , , , , , , , , , , , , , , ,2, , , , , , , , , , , 
2024-10-18 11:40:37.214 UTC, , , , , , , , , ,589,3245989,96872,2800, ,19, ,4, , , , , , , , , ,19,19, , , ,10,14,21, ,2, , , , , , , , , , , , , , ,59218,6, ,58940, , , , ,63391,228905394176,19,19,19,19, , , , , , , , , , , , , , , , , , , , , , , , , , , , , , , , ,63391,1729236077981,,, , , , , , , , , ,3145728,63363, , , , , , , , , , , , ,3, , , ,1, , , , , , , , , , , , , , , , , , , ,1,3,78395096,2, , , , , , ,4, , , , , , , , , , , , , , , , , , , , , , , , , , , , , , , , , ,4, , , , , , , , , , , 
2024-10-18 11:41:37.223 UTC, , , , , , , , , ,589,3245989,96872,2800, ,19, ,2, , , , , , , , , ,19,19, , , ,10,14,21, ,1, , , , , , , , , , , , , , ,59218,6, ,58940, , , , ,63391,228905394176,19,19,19,19, , , , , , , , , , , , , , , , , , , , , , , , , , , , , , , , ,63391,1729236077981,,, , , , , , , , , ,3145728,63363, , , , , , , , , , , , ,3, , , ,1, , , , , , , , , , , , , , , , , , , ,1,3,57969376,2, , , , , , ,2, , , , , , , , , , , , , , , , , , , , , , , , , , , , , , , , , ,2, , , , , , , , , , , 
2024-10-18 11:42:37.293 UTC, , , , , , , , , ,589,3245989,96872,2800, ,19, ,4, , , , , , , , , ,19,19, , , ,10,14,21, ,2, , , , , , , , , , , , , , ,59218,6, ,58940, , , , ,63391,228905394176,19,19,19,19, , , , , , , , , , , , , , , , , , , , , , , , , , , , , , , , ,63391,1729236077981,,, , , , , , , , , ,3145728,63363, , , , , , , , , , , , ,3, , , ,1, , , , , , , , , , , , , , , , , , , , , ,112495328,2, , , , , , ,4, , , , , , , , , , , , , , , , , , , , , , , , , , , , , , , , , ,4, , , , , , , , , , , 
2024-10-18 11:43:37.306 UTC, , , , , , , , , ,589,3245989,96872,2800, ,19, ,2, , , , , , , , , ,19,19, , , ,10,14,21, ,1, , , , , , , , , , , , , , ,59218,6, ,58940, , , , ,63391,228905394176,19,19,19,19, , , , , , , , , , , , , , , , , , , , , , , , , , , , , , , , ,63391,1729236077981,,, , , , , , , , , ,3145728,63363, , , , , , , , , , , , ,3, , , ,1, , , , , , , , , , , , , , , ,2,5, , ,1,3,91555072,2, , , , , , ,2, , , , , , , , , , , , , , , , , , , , , , , , , , , , , , , , , ,2, , , , , , , , , , , 
2024-10-18 11:44:37.314 UTC, , , , , , , , , ,589,3245989,96872,2800, ,19, ,4, , , , , , , , , ,19,19, , , ,10,14,21, ,2, , , , , , , , , , , , , , ,59218,6, ,58940, , , , ,63391,228905394176,19,19,19,19, , , , , , , , , , , , , , , , , , , , , , , , , , , , , , , , ,63391,1729236077981,,, , , , , , , , , ,3145728,63363, , , , , , , , , , , , ,3, , , ,1, , , , , , , , , , , , , , , , , , , ,1,5,70675840,2, , , , , , ,4, , , , , , , , , , , , , , , , , , , , , , , , , , , , , , , , , ,4, , , , , , , , , , , 
2024-10-18 11:45:37.590 UTC, , , , , , , , , ,589,3245989,96872,2800, ,19, ,2, , , , , , , , , ,19,19, , , ,10,14,21, ,1, , , , , , , , , , , , , , ,59218,6, ,58940, , , , ,63391,228905390080,19,19,19,19, , , , , , , , , , , , , , , , , , , , , , , , , , , , , , , , ,63391,1729236077981,,, , , , , , , , , ,3145728,63363, , , , , , , , , , , , ,3, , , ,1, , , , , , , , , , , , , , , , , , , , , ,124153216,2, , , , , , ,2, , , , , , , , , , , , , , , , , , , , , , , , , , , , , , , , , ,2, , , , , , , , , , , 
2024-10-18 11:46:37.603 UTC, , , , , , , , , ,589,3245989,96872,2800, ,19, ,2, , , , , , , , , ,19,19, , , ,10,14,21, ,1, , , , , , , , , , , , , , ,59218,6, ,58940, , , , ,63391,228905385984,19,19,19,19, , , , , , , , , , , , , , , , , , , , , , , , , , , , , , , , ,63391,1729236077981,,, , , , , , , , , ,3145728,63363, , , , , , , , , , , , ,3, , , ,1, , , , , , , , , , , , , , , ,2,6, , ,1,3,103139928,2, , , , , , ,2, , , , , , , , , , , , , , , , , , , , , , , , , , , , , , , , , ,2, , , , , , , , , , , 
2024-10-18 11:47:37.607 UTC, , , , , , , , , ,589,3245989,96872,2800, ,19, ,4, , , , , , , , , ,19,19, , , ,10,14,21, ,2, , , , , , , , , , , , , , ,59218,6, ,58940, , , , ,63391,228905385984,19,19,19,19, , , , , , , , , , , , , , , , , , , , , , , , , , , , , , , , ,63391,1729236077981,,, , , , , , , , , ,3145728,63363, , , , , , , , , , , , ,3, , , ,1, , , , , , , , , , , , , , , , , , , ,1,2,83210144,2, , , , , , ,4, , , , , , , , , , , , , , , , , , , , , , , , , , , , , , , , , ,4, , , , , , , , , , , 
2024-10-18 11:48:37.696 UTC, , , , , , , , , ,589,3245989,96872,2800, ,19, ,2, , , , , , , , , ,19,19, , , ,10,14,21, ,1, , , , , , , , , , , , , , ,59218,6, ,58940, , , , ,63391,228905385984,19,19,19,19, , , , , , , , , , , , , , , , , , , , , , , , , , , , , , , , ,63391,1729236077981,,, , , , , , , , , ,3145728,63363, , , , , , , , , , , , ,3, , , ,1, , , , , , , , , , , , , , , ,2,7, , ,1,3,61222256,2, , , , , , ,2, , , , , , , , , , , , , , , , , , , , , , , , , , , , , , , , , ,2, , , , , , , , , , , 
2024-10-18 11:49:37.701 UTC, , , , , , , , , ,589,3245989,96872,2800, ,19, ,4, , , , , , , , , ,19,19, , , ,10,14,21, ,2, , , , , , , , , , , , , , ,59218,6, ,58940, , , , ,63391,228905381888,19,19,19,19, , , , , , , , , , , , , , , , , , , , , , , , , , , , , , , , ,63391,1729236077981,,, , , , , , , , , ,3145728,63363, , , , , , , , , , , , ,3, , , ,1, , , , , , , , , , , , , , , , , , , , , ,115748208,2, , , , , , ,4, , , , , , , , , , , , , , , , , , , , , , , , , , , , , , , , , ,4, , , , , , , , , , , 
2024-10-18 11:50:37.707 UTC, , , , , , , , , ,589,3245989,96872,2800, ,19, ,4, , , , , , , , , ,19,19, , , ,10,14,21, ,2, , , , , , , , , , , , , , ,59218,6, ,58940, , , , ,63391,228905381888,19,19,19,19, , , , , , , , , , , , , , , , , , , , , , , , , , , , , , , , ,63391,1729236077981,,, , , , , , , , , ,3145728,63363, , , , , , , , , , , , ,3, , , ,1, , , , , , , , , , , , , , , , , , , ,1,3,94753072,2, , , , , , ,4, , , , , , , , , , , , , , , , , , , , , , , , , , , , , , , , , ,4, , , , , , , , , , , 
2024-10-18 11:51:37.712 UTC, , , , , , , , , ,589,3245989,96872,2800, ,19, ,2, , , , , , , , , ,19,19, , , ,10,14,21, ,1, , , , , , , , , , , , , , ,59218,6, ,58940, , , , ,63391,228905381888,19,19,19,19, , , , , , , , , , , , , , , , , , , , , , , , , , , , , , , , ,63391,1729236077981,,, , , , , , , , , ,3145728,63363, , , , , , , , , , , , ,3, , , ,1, , , , , , , , , , , , , , , ,2,6, , ,1,6,74936464,2, , , , , , ,2, , , , , , , , , , , , , , , , , , , , , , , , , , , , , , , , , ,2, , , , , , , , , , , 
2024-10-18 11:52:37.724 UTC, , , , , , , , , ,589,3245989,96872,2800, ,19, ,2, , , , , , , , , ,19,19, , , ,10,14,21, ,1, , , , , , , , , , , , , , ,59218,6, ,58940, , , , ,63391,228905381888,19,19,19,19, , , , , , , , , , , , , , , , , , , , , , , , , , , , , , , , ,63391,1729236077981,,, , , , , , , , , ,3145728,63363, , , , , , , , , , , , ,3, , , ,1, , , , , , , , , , , , , , , , , , , ,1,6,53854880,2, , , , , , ,2, , , , , , , , , , , , , , , , , , , , , , , , , , , , , , , , , ,2, , , , , , , , , , , 
2024-10-18 11:53:37.749 UTC, , , , , , , , , ,589,3245989,96872,2800, ,19, ,4, , , , , , , , , ,19,19, , , ,10,14,21, ,2, , , , , , , , , , , , , , ,59218,6, ,58940, , , , ,63391,228905377792,19,19,19,19, , , , , , , , , , , , , , , , , , , , , , , , , , , , , , , , ,63391,1729236077981,,, , , , , , , , , ,3145728,63363, , , , , , , , , , , , ,3, , , ,1, , , , , , , , , , , , , , , , , , , , , ,108380832,2, , , , , , ,4, , , , , , , , , , , , , , , , , , , , , , , , , , , , , , , , , ,4, , , , , , , , , , , 
2024-10-18 11:54:37.758 UTC, , , , , , , , , ,589,3245989,96872,2800, ,19, ,2, , , , , , , , , ,19,19, , , ,10,14,21, ,1, , , , , , , , , , , , , , ,59218,6, ,58940, , , , ,63391,228905365504,19,19,19,19, , , , , , , , , , , , , , , , , , , , , , , , , , , , , , , , ,63391,1729236077981,,, , , , , , , , , ,3145728,63363, , , , , , , , , , , , ,3, , , ,1, , , , , , , , , , , , , , , ,2,12, , ,1,3,86421200,2, , , , , , ,2, , , , , , , , , , , , , , , , , , , , , , , , , , , , , , , , , ,2, , , , , , , , , , , 
2024-10-18 11:55:37.765 UTC, , , , , , , , , ,589,3245989,96872,2800, ,19, ,4, , , , , , , , , ,19,19, , , ,10,14,21, ,2, , , , , , , , , , , , , , ,59218,6, ,58940, , , , ,63391,228905242624,19,19,19,19, , , , , , , , , , , , , , , , , , , , , , , , , , , , , , , , ,63391,1729236077981,,, , , , , , , , , ,3145728,63363, , , , , , , , , , , , ,3, , , ,1, , , , , , , , , , , , , , , , , , , ,1,3,65471456,2, , , , , , ,4, , , , , , , , , , , , , , , , , , , , , , , , , , , , , , , , , ,4, , , , , , , , , , , 
2024-10-18 11:56:37.770 UTC, , , , , , , , , ,589,3245989,96872,2800, ,19, ,4, , , , , , , , , ,19,19, , , ,10,14,21, ,2, , , , , , , , , , , , , , ,59218,6, ,58940, , , , ,63391,228905242624,19,19,19,19, , , , , , , , , , , , , , , , , , , , , , , , , , , , , , , , ,63391,1729236077981,,, , , , , , , , , ,3145728,63363, , , , , , , , , , , , ,3, , , ,1, , , , , , , , , , , , , , , , , , , , , ,119997408,2, , , , , , ,4, , , , , , , , , , , , , , , , , , , , , , , , , , , , , , , , , ,4, , , , , , , , , , , 
2024-10-18 11:57:37.779 UTC, , , , , , , , , ,589,3245989,96872,2800, ,19, ,2, , , , , , , , , ,19,19, , , ,10,14,21, ,1, , , , , , , , , , , , , , ,59218,6, ,58940, , , , ,63391,228851810304,19,19,19,19, , , , , , , , , , , , , , , , , , , , , , , , , , , , , , , , ,63391,1729236077981,,, , , , , , , , , ,3145728,63363, , , , , , , , , , , , ,3, , , ,1, , , , , , , , , , , , , , , ,2,6, , ,1,3,99075928,2, , , , , , ,2, , , , , , , , , , , , , , , , , , , , , , , , , , , , , , , , , ,2, , , , , , , , , , , 
2024-10-18 11:58:37.786 UTC, , , , , , , , , ,589,3245989,96872,2800, ,19, ,4, , , , , , , , , ,19,19, , , ,10,14,21, ,2, , , , , , , , , , , , , , ,59218,6, ,58940, , , , ,63391,228851806208,19,19,19,19, , , , , , , , , , , , , , , , , , , , , , , , , , , , , , , , ,63391,1729236077981,,, , , , , , , , , ,3145728,63363, , , , , , , , , , , , ,3, , , ,1, , , , , , , , , , , , , , , , , , , ,1,2,78048312,2, , , , , , ,4, , , , , , , , , , , , , , , , , , , , , , , , , , , , , , , , , ,4, , , , , , , , , , , 
2024-10-18 11:59:37.792 UTC, , , , , , , , , ,589,3245989,96872,2800, ,19, ,4, , , , , , , , , ,19,19, , , ,10,14,21, ,2, , , , , , , , , , , , , , ,59218,6, ,58940, , , , ,63391,228851806208,19,19,19,19, , , , , , , , , , , , , , , , , , , , , , , , , , , , , , , , ,63391,1729236077981,,, , , , , , , , , ,3145728,63363, , , , , , , , , , , , ,3, , , ,1, , , , , , , , , , , , , , , ,2,7, , ,1,4,58121760,2, , , , , , ,4, , , , , , , , , , , , , , , , , , , , , , , , , , , , , , , , , ,4, , , , , , , , , , , 
2024-10-18 12:00:37.797 UTC, , , , , , , , , ,589,3245989,96872,2800, ,19, ,4, , , , , , , , , ,19,19, , , ,10,14,21, ,2, , , , , , , , , , , , , , ,59218,6, ,58940, , , , ,63391,228851806208,19,19,19,19, , , , , , , , , , , , , , , , , , , , , , , , , , , , , , , , ,63391,1729236077981,,, , , , , , , , , ,3145728,63363, , , , , , , , , , , , ,3, , , ,1, , , , , , , , , , , , , , , , , , , , , ,112647712,2, , , , , , ,4, , , , , , , , , , , , , , , , , , , , , , , , , , , , , , , , , ,4, , , , , , , , , , , 
2024-10-18 12:01:37.805 UTC, , , , , , , , , ,589,3245989,96872,2800, ,19, ,2, , , , , , , , , ,19,19, , , ,10,14,21, ,1, , , , , , , , , , , , , , ,59218,6, ,58940, , , , ,63391,228851806208,19,19,19,19, , , , , , , , , , , , , , , , , , , , , , , , , , , , , , , , ,63391,1729236077981,,, , , , , , , , , ,3145728,63363, , , , , , , , , , , , ,3, , , ,1, , , , , , , , , , , , , , , , , , , ,1,2,91689432,2, , , , , , ,2, , , , , , , , , , , , , , , , , , , , , , , , , , , , , , , , , ,2, , , , , , , , , , , 
2024-10-18 12:02:37.813 UTC, , , , , , , , , ,589,3245989,96872,2800, ,19, ,4, , , , , , , , , ,19,19, , , ,10,14,21, ,2, , , , , , , , , , , , , , ,59218,6, ,58940, , , , ,63391,228851695616,19,19,19,19, , , , , , , , , , , , , , , , , , , , , , , , , , , , , , , , ,63391,1729236077981,,, , , , , , , , , ,3145728,63363, , , , , , , , , , , , ,3, , , ,1, , , , , , , , , , , , , , , ,2,31, , ,1,3,70706968,2, , , , , , ,4, , , , , , , , , , , , , , , , , , , , , , , , , , , , , , , , , ,4, , , , , , , , , , , 
2024-10-18 12:03:37.819 UTC, , , , , , , , , ,589,3245989,96872,2800, ,19, ,4, , , , , , , , , ,19,19, , , ,10,14,21, ,2, , , , , , , , , , , , , , ,59218,6, ,58940, , , , ,63391,228851695616,19,19,19,19, , , , , , , , , , , , , , , , , , , , , , , , , , , , , , , , ,63391,1729236077981,,, , , , , , , , , ,3145728,63363, , , , , , , , , , , , ,3, , , ,1, , , , , , , , , , , , , , , , , , , , , ,125232920,2, , , , , , ,4, , , , , , , , , , , , , , , , , , , , , , , , , , , , , , , , , ,4, , , , , , , , , , , 
2024-10-18 12:04:37.829 UTC, , , , , , , , , ,589,3245989,96872,2800, ,19, ,4, , , , , , , , , ,19,19, , , ,10,14,21, ,2, , , , , , , , , , , , , , ,59218,6, ,58940, , , , ,63391,228851695616,19,19,19,19, , , , , , , , , , , , , , , , , , , , , , , , , , , , , , , , ,63391,1729236077981,,, , , , , , , , , ,3145728,63363, , , , , , , , , , , , ,3, , , ,1, , , , , , , , , , , , , , , , , , , ,1,2,104373608,2, , , , , , ,4, , , , , , , , , , , , , , , , , , , , , , , , , , , , , , , , , ,4, , , , , , , , , , , 
2024-10-18 12:05:37.857 UTC, , , , , , , , , ,589,3245989,96872,2800, ,19, ,2, , , , , , , , , ,19,19, , , ,10,14,21, ,1, , , , , , , , , , , , , , ,59218,6, ,58940, , , , ,63391,228851695616,19,19,19,19, , , , , , , , , , , , , , , , , , , , , , , , , , , , , , , , ,63391,1729236077981,,, , , , , , , , , ,3145728,63363, , , , , , , , , , , , ,3, , , ,1, , , , , , , , , , , , , , , ,2,6, , ,1,2,83324816,2, , , , , , ,2, , , , , , , , , , , , , , , , , , , , , , , , , , , , , , , , , ,2, , , , , , , , , , , 
2024-10-18 12:06:37.862 UTC, , , , , , , , , ,589,3245989,96872,2800, ,19, ,4, , , , , , , , , ,19,19, , , ,10,14,21, ,2, , , , , , , , , , , , , , ,59218,6, ,58940, , , , ,63391,228851695616,19,19,19,19, , , , , , , , , , , , , , , , , , , , , , , , , , , , , , , , ,63391,1729236077981,,, , , , , , , , , ,3145728,63363, , , , , , , , , , , , ,3, , , ,1, , , , , , , , , , , , , , , , , , , ,1,3,62490856,2, , , , , , ,4, , , , , , , , , , , , , , , , , , , , , , , , , , , , , , , , , ,4, , , , , , , , , , , 
2024-10-18 12:07:37.955 UTC, , , , , , , , , ,589,3245989,96872,2800, ,19, ,4, , , , , , , , , ,19,19, , , ,10,14,21, ,2, , , , , , , , , , , , , , ,59218,6, ,58940, , , , ,63391,228851695616,19,19,19,19, , , , , , , , , , , , , , , , , , , , , , , , , , , , , , , , ,63391,1729236077981,,, , , , , , , , , ,3145728,63363, , , , , , , , , , , , ,3, , , ,1, , , , , , , , , , , , , , , , , , , , , ,117016808,3, , , , , , ,4, , , , , , , , , , , , , , , , , , , , , , , , , , , , , , , , , ,4, , , , , , , , , , , 
2024-10-18 12:08:37.962 UTC, , , , , , , , , ,589,3245989,96872,2800, ,19, ,2, , , , , , , , , ,19,19, , , ,10,14,21, ,1, , , , , , , , , , , , , , ,59218,6, ,58940, , , , ,63391,228851699712,19,19,19,19, , , , , , , , , , , , , , , , , , , , , , , , , , , , , , , , ,63391,1729236077981,,, , , , , , , , , ,3145728,63363, , , , , , , , , , , , ,3, , , ,1, , , , , , , , , , , , , , , ,2,16, , ,1,3,95946968,2, , , , , , ,2, , , , , , , , , , , , , , , , , , , , , , , , , , , , , , , , , ,2, , , , , , , , , , , 
2024-10-18 12:09:38.004 UTC, , , , , , , , , ,589,3245989,96872,2800, ,19, ,4, , , , , , , , , ,19,19, , , ,10,14,21, ,2, , , , , , , , , , , , , , ,59218,6, ,58940, , , , ,63391,228851699712,19,19,19,19, , , , , , , , , , , , , , , , , , , , , , , , , , , , , , , , ,63391,1729236077981,,, , , , , , , , , ,3145728,63363, , , , , , , , , , , , ,3, , , ,1, , , , , , , , , , , , , , , , , , , ,1,2,75000520,2, , , , , , ,4, , , , , , , , , , , , , , , , , , , , , , , , , , , , , , , , , ,4, , , , , , , , , , , 
2024-10-18 12:10:38.012 UTC, , , , , , , , , ,589,3245989,96872,2800, ,19, ,2, , , , , , , , , ,19,19, , , ,10,14,21, ,1, , , , , , , , , , , , , , ,59218,6, ,58940, , , , ,63391,228851695616,19,19,19,19, , , , , , , , , , , , , , , , , , , , , , , , , , , , , , , , ,63391,1729236077981,,, , , , , , , , , ,3145728,63363, , , , , , , , , , , , ,3, , , ,1, , , , , , , , , , , , , , , ,2,18, , ,1,3,54006152,2, , , , , , ,2, , , , , , , , , , , , , , , , , , , , , , , , , , , , , , , , , ,2, , , , , , , , , , , 
2024-10-18 12:11:38.109 UTC, , , , , , , , , ,589,3245989,96872,2800, ,19, ,2, , , , , , , , , ,19,19, , , ,10,14,21, ,1, , , , , , , , , , , , , , ,59218,6, ,58940, , , , ,63391,228851695616,19,19,19,19, , , , , , , , , , , , , , , , , , , , , , , , , , , , , , , , ,63391,1729236077981,,, , , , , , , , , ,3145728,63363, , , , , , , , , , , , ,3, , , ,1, , , , , , , , , , , , , , , , , , , , , ,108532104,2, , , , , , ,2, , , , , , , , , , , , , , , , , , , , , , , , , , , , , , , , , ,2, , , , , , , , , , , 
2024-10-18 12:12:38.751 UTC, , , , , , , , , ,589,3245989,96872,2800, ,19, ,4, , , , , , , , , ,19,19, , , ,10,14,21, ,2, , , , , , , , , , , , , , ,59218,6, ,58940, , , , ,63391,228851695616,19,19,19,19, , , , , , , , , , , , , , , , , , , , , , , , , , , , , , , , ,63391,1729236077981,,, , , , , , , , , ,3145728,63363, , , , , , , , , , , , ,3, , , ,1, , , , , , , , , , , , , , , , , , , ,1,2,88598064,2, , , , , , ,4, , , , , , , , , , , , , , , , , , , , , , , , , , , , , , , , , ,4, , , , , , , , , , , 
2024-10-18 12:13:39.432 UTC, , , , , , , , , ,589,3245989,96872,2800, ,19, ,2, , , , , , , , , ,19,19, , , ,10,14,21, ,1, , , , , , , , , , , , , , ,59218,6, ,58940, , , , ,63391,228851691520,19,19,19,19, , , , , , , , , , , , , , , , , , , , , , , , , , , , , , , , ,63391,1729236077981,,, , , , , , , , , ,3145728,63363, , , , , , , , , , , , ,3, , , ,1, , , , , , , , , , , , , , , ,2,7, , ,1,3,67654200,2, , , , , , ,2, , , , , , , , , , , , , , , , , , , , , , , , , , , , , , , , , ,2, , , , , , , , , , , 
2024-10-18 12:14:39.446 UTC, , , , , , , , , ,589,3245989,96872,2800, ,19, ,4, , , , , , , , , ,19,19, , , ,10,14,21, ,2, , , , , , , , , , , , , , ,59218,6, ,58940, , , , ,63391,228851691520,19,19,19,19, , , , , , , , , , , , , , , , , , , , , , , , , , , , , , , , ,63391,1729236077981,,, , , , , , , , , ,3145728,63363, , , , , , , , , , , , ,3, , , ,1, , , , , , , , , , , , , , , , , , , , , ,122180152,2, , , , , , ,4, , , , , , , , , , , , , , , , , , , , , , , , , , , , , , , , , ,4, , , , , , , , , , , 
2024-10-18 12:15:39.455 UTC, , , , , , , , , ,589,3245989,96872,2800, ,19, ,4, , , , , , , , , ,19,19, , , ,10,14,21, ,2, , , , , , , , , , , , , , ,59218,6, ,58940, , , , ,63391,228851691520,19,19,19,19, , , , , , , , , , , , , , , , , , , , , , , , , , , , , , , , ,63391,1729236077981,,, , , , , , , , , ,3145728,63363, , , , , , , , , , , , ,3, , , ,1, , , , , , , , , , , , , , , , , , , ,1,2,101191064,2, , , , , , ,4, , , , , , , , , , , , , , , , , , , , , , , , , , , , , , , , , ,4, , , , , , , , , , , 
2024-10-18 12:16:39.462 UTC, , , , , , , , , ,589,3245989,96872,2800, ,19, ,2, , , , , , , , , ,19,19, , , ,10,14,21, ,1, , , , , , , , , , , , , , ,59218,6, ,58940, , , , ,63391,228851691520,19,19,19,19, , , , , , , , , , , , , , , , , , , , , , , , , , , , , , , , ,63391,1729236077981,,, , , , , , , , , ,3145728,63363, , , , , , , , , , , , ,3, , , ,1, , , , , , , , , , , , , , , ,2,7, , ,1,3,80282136,2, , , , , , ,2, , , , , , , , , , , , , , , , , , , , , , , , , , , , , , , , , ,2, , , , , , , , , , , 
2024-10-18 12:17:39.466 UTC, , , , , , , , , ,589,3245989,96872,2800, ,19, ,4, , , , , , , , , ,19,19, , , ,10,14,21, ,2, , , , , , , , , , , , , , ,59218,6, ,58940, , , , ,63391,228851691520,19,19,19,19, , , , , , , , , , , , , , , , , , , , , , , , , , , , , , , , ,63391,1729236077981,,, , , , , , , , , ,3145728,63363, , , , , , , , , , , , ,3, , , ,1, , , , , , , , , , , , , , , , , , , ,1,2,59341128,2, , , , , , ,4, , , , , , , , , , , , , , , , , , , , , , , , , , , , , , , , , ,4, , , , , , , , , , , 
2024-10-18 12:18:39.472 UTC, , , , , , , , , ,589,3245989,96872,2800, ,19, ,4, , , , , , , , , ,19,19, , , ,10,14,21, ,2, , , , , , , , , , , , , , ,59218,6, ,58940, , , , ,63391,228851687424,19,19,19,19, , , , , , , , , , , , , , , , , , , , , , , , , , , , , , , , ,63391,1729236077981,,, , , , , , , , , ,3145728,63363, , , , , , , , , , , , ,3, , , ,1, , , , , , , , , , , , , , , , , , , , , ,113867080,2, , , , , , ,4, , , , , , , , , , , , , , , , , , , , , , , , , , , , , , , , , ,4, , , , , , , , , , , 
2024-10-18 12:19:39.478 UTC, , , , , , , , , ,589,3245989,96872,2800, ,19, ,4, , , , , , , , , ,19,19, , , ,10,14,21, ,2, , , , , , , , , , , , , , ,59218,6, ,58940, , , , ,63391,228851687424,19,19,19,19, , , , , , , , , , , , , , , , , , , , , , , , , , , , , , , , ,63391,1729236077981,,, , , , , , , , , ,3145728,63363, , , , , , , , , , , , ,3, , , ,1, , , , , , , , , , , , , , , ,2,7, , ,1,4,92907888,2, , , , , , ,4, , , , , , , , , , , , , , , , , , , , , , , , , , , , , , , , , ,4, , , , , , , , , , , 
2024-10-18 12:20:39.484 UTC, , , , , , , , , ,589,3245989,96872,2800, ,19, ,2, , , , , , , , , ,19,19, , , ,10,14,21, ,1, , , , , , , , , , , , , , ,59218,6, ,58940, , , , ,63391,228851687424,19,19,19,19, , , , , , , , , , , , , , , , , , , , , , , , , , , , , , , , ,63391,1729236077981,,, , , , , , , , , ,3145728,63363, , , , , , , , , , , , ,3, , , ,1, , , , , , , , , , , , , , , , , , , ,1,2,71948184,2, , , , , , ,2, , , , , , , , , , , , , , , , , , , , , , , , , , , , , , , , , ,2, , , , , , , , , , , 
2024-10-18 12:21:39.490 UTC, , , , , , , , , ,589,3245989,96872,2800, ,19, ,4, , , , , , , , , ,19,19, , , ,10,14,21, ,2, , , , , , , , , , , , , , ,59218,6, ,58940, , , , ,63391,228851687424,19,19,19,19, , , , , , , , , , , , , , , , , , , , , , , , , , , , , , , , ,63391,1729236077981,,, , , , , , , , , ,3145728,63363, , , , , , , , , , , , ,3, , , ,1, , , , , , , , , , , , , , , , , , , , , ,125425560,2, , , , , , ,4, , , , , , , , , , , , , , , , , , , , , , , , , , , , , , , , , ,4, , , , , , , , , , , 
2024-10-18 12:22:39.501 UTC, , , , , , , , , ,589,3245989,96872,2800, ,19, ,4, , , , , , , , , ,19,19, , , ,10,14,21, ,2, , , , , , , , , , , , , , ,59218,6, ,58940, , , , ,63391,228851687424,19,19,19,19, , , , , , , , , , , , , , , , , , , , , , , , , , , , , , , , ,63391,1729236077981,,, , , , , , , , , ,3145728,63363, , , , , , , , , , , , ,3, , , ,1, , , , , , , , , , , , , , , ,2,7, , ,1,3,105515064,2, , , , , , ,4, , , , , , , , , , , , , , , , , , , , , , , , , , , , , , , , , ,4, , , , , , , , , , , 
2024-10-18 12:23:39.509 UTC, , , , , , , , , ,589,3245989,96872,2800, ,19, ,4, , , , , , , , , ,19,19, , , ,10,14,21, ,2, , , , , , , , , , , , , , ,59218,6, ,58940, , , , ,63391,228851687424,19,19,19,19, , , , , , , , , , , , , , , , , , , , , , , , , , , , , , , , ,63391,1729236077981,,, , , , , , , , , ,3145728,63363, , , , , , , , , , , , ,3, , , ,1, , , , , , , , , , , , , , , , , , , ,1,2,84567288,2, , , , , , ,4, , , , , , , , , , , , , , , , , , , , , , , , , , , , , , , , , ,4, , , , , , , , , , , 
2024-10-18 12:24:39.519 UTC, , , , , , , , , ,589,3245989,96872,2800, ,19, ,4, , , , , , , , , ,19,19, , , ,10,14,21, ,2, , , , , , , , , , , , , , ,59218,6, ,58940, , , , ,63391,228851687424,19,19,19,19, , , , , , , , , , , , , , , , , , , , , , , , , , , , , , , , ,63391,1729236077981,,, , , , , , , , , ,3145728,63363, , , , , , , , , , , , ,3, , , ,1, , , , , , , , , , , , , , , ,2,6, , ,1,3,63586784,2, , , , , , ,4, , , , , , , , , , , , , , , , , , , , , , , , , , , , , , , , , ,4, , , , , , , , , , , 
2024-10-18 12:25:39.523 UTC, , , , , , , , , ,589,3245989,96872,2800, ,19, ,2, , , , , , , , , ,19,19, , , ,10,14,21, ,1, , , , , , , , , , , , , , ,59218,6, ,58940, , , , ,63391,228851687424,19,19,19,19, , , , , , , , , , , , , , , , , , , , , , , , , , , , , , , , ,63391,1729236077981,,, , , , , , , , , ,3145728,63363, , , , , , , , , , , , ,3, , , ,1, , , , , , , , , , , , , , , , , , , , , ,117064160,2, , , , , , ,2, , , , , , , , , , , , , , , , , , , , , , , , , , , , , , , , , ,2, , , , , , , , , , , 
2024-10-18 12:26:39.530 UTC, , , , , , , , , ,589,3245989,96872,2800, ,19, ,4, , , , , , , , , ,19,19, , , ,10,14,21, ,2, , , , , , , , , , , , , , ,59218,6, ,58940, , , , ,63391,228851683328,19,19,19,19, , , , , , , , , , , , , , , , , , , , , , , , , , , , , , , , ,63391,1729236077981,,, , , , , , , , , ,3145728,63363, , , , , , , , , , , , ,3, , , ,1, , , , , , , , , , , , , , , , , , , ,1,2,96107256,2, , , , , , ,4, , , , , , , , , , , , , , , , , , , , , , , , , , , , , , , , , ,4, , , , , , , , , , , 
2024-10-18 12:27:39.535 UTC, , , , , , , , , ,589,3245989,96872,2800, ,19, ,4, , , , , , , , , ,19,19, , , ,10,14,21, ,2, , , , , , , , , , , , , , ,59218,6, ,58940, , , , ,63391,228851683328,19,19,19,19, , , , , , , , , , , , , , , , , , , , , , , , , , , , , , , , ,63391,1729236077981,,, , , , , , , , , ,3145728,63363, , , , , , , , , , , , ,3, , , ,1, , , , , , , , , , , , , , , ,2,6, , ,1,3,75147232,2, , , , , , ,4, , , , , , , , , , , , , , , , , , , , , , , , , , , , , , , , , ,4, , , , , , , , , , , 
2024-10-18 12:28:39.539 UTC, , , , , , , , , ,589,3245989,96872,2800, ,19, ,4, , , , , , , , , ,19,19, , , ,10,14,21, ,2, , , , , , , , , , , , , , ,59218,6, ,58940, , , , ,63391,228851683328,19,19,19,19, , , , , , , , , , , , , , , , , , , , , , , , , , , , , , , , ,63391,1729236077981,,, , , , , , , , , ,3145728,63363, , , , , , , , , , , , ,3, , , ,1, , , , , , , , , , , , , , , , , , , ,1,3,55216080,2, , , , , , ,4, , , , , , , , , , , , , , , , , , , , , , , , , , , , , , , , , ,4, , , , , , , , , , , 
2024-10-18 12:29:39.546 UTC, , , , , , , , , ,589,3245989,96872,2800, ,19, ,4, , , , , , , , , ,19,19, , , ,10,14,21, ,2, , , , , , , , , , , , , , ,59218,6, ,58940, , , , ,63391,228851683328,19,19,19,19, , , , , , , , , , , , , , , , , , , , , , , , , , , , , , , , ,63391,1729236077981,,, , , , , , , , , ,3145728,63363, , , , , , , , , , , , ,3, , , ,1, , , , , , , , , , , , , , , , , , , , , ,108693456,2, , , , , , ,4, , , , , , , , , , , , , , , , , , , , , , , , , , , , , , , , , ,4, , , , , , , , , , , 
2024-10-18 12:30:39.553 UTC, , , , , , , , , ,589,3245989,96872,2800, ,19, ,2, , , , , , , , , ,19,19, , , ,10,14,21, ,1, , , , , , , , , , , , , , ,59218,6, ,58940, , , , ,63391,228851683328,19,19,19,19, , , , , , , , , , , , , , , , , , , , , , , , , , , , , , , , ,63391,1729236077981,,, , , , , , , , , ,3145728,63363, , , , , , , , , , , , ,3, , , ,1, , , , , , , , , , , , , , , ,2,7, , ,1,4,87722272,2, , , , , , ,2, , , , , , , , , , , , , , , , , , , , , , , , , , , , , , , , , ,2, , , , , , , , , , , 
2024-10-18 12:31:39.558 UTC, , , , , , , , , ,589,3245989,96872,2800, ,19, ,4, , , , , , , , , ,19,19, , , ,10,14,21, ,2, , , , , , , , , , , , , , ,59218,6, ,58940, , , , ,63391,228851683328,19,19,19,19, , , , , , , , , , , , , , , , , , , , , , , , , , , , , , , , ,63391,1729236077981,,, , , , , , , , , ,3145728,63363, , , , , , , , , , , , ,3, , , ,1, , , , , , , , , , , , , , , , , , , ,1,2,66756944,2, , , , , , ,4, , , , , , , , , , , , , , , , , , , , , , , , , , , , , , , , , ,4, , , , , , , , , , , 
2024-10-18 12:32:39.562 UTC, , , , , , , , , ,589,3245989,96872,2800, ,19, ,4, , , , , , , , , ,19,19, , , ,10,14,21, ,2, , , , , , , , , , , , , , ,59218,6, ,58940, , , , ,63391,228851683328,19,19,19,19, , , , , , , , , , , , , , , , , , , , , , , , , , , , , , , , ,63391,1729236077981,,, , , , , , , , , ,3145728,63363, , , , , , , , , , , , ,3, , , ,1, , , , , , , , , , , , , , , , , , , , , ,121282896,2, , , , , , ,4, , , , , , , , , , , , , , , , , , , , , , , , , , , , , , , , , ,4, , , , , , , , , , , 
2024-10-18 12:33:39.569 UTC, , , , , , , , , ,589,3245989,96872,2800, ,19, ,2, , , , , , , , , ,19,19, , , ,10,14,21, ,1, , , , , , , , , , , , , , ,59218,6, ,58940, , , , ,63391,228851679232,19,19,19,19, , , , , , , , , , , , , , , , , , , , , , , , , , , , , , , , ,63391,1729236077981,,, , , , , , , , , ,3145728,63363, , , , , , , , , , , , ,3, , , ,1, , , , , , , , , , , , , , , ,2,8, , ,1,3,100309560,2, , , , , , ,2, , , , , , , , , , , , , , , , , , , , , , , , , , , , , , , , , ,2, , , , , , , , , , , 
2024-10-18 12:34:39.574 UTC, , , , , , , , , ,589,3245989,96872,2800, ,19, ,4, , , , , , , , , ,19,19, , , ,10,14,21, ,2, , , , , , , , , , , , , , ,59218,6, ,58940, , , , ,63391,228851679232,19,19,19,19, , , , , , , , , , , , , , , , , , , , , , , , , , , , , , , , ,63391,1729236077981,,, , , , , , , , , ,3145728,63363, , , , , , , , , , , , ,3, , , ,1, , , , , , , , , , , , , , , , , , , ,1,2,80350136,2, , , , , , ,4, , , , , , , , , , , , , , , , , , , , , , , , , , , , , , , , , ,4, , , , , , , , , , , 
2024-10-18 12:35:39.581 UTC, , , , , , , , , ,589,3245989,96872,2800, ,19, ,4, , , , , , , , , ,19,19, , , ,10,14,21, ,2, , , , , , , , , , , , , , ,59218,6, ,58940, , , , ,63391,228851679232,19,19,19,19, , , , , , , , , , , , , , , , , , , , , , , , , , , , , , , , ,63391,1729236077981,,, , , , , , , , , ,3145728,63363, , , , , , , , , , , , ,3, , , ,1, , , , , , , , , , , , , , , ,2,5, , ,1,4,59428168,2, , , , , , ,4, , , , , , , , , , , , , , , , , , , , , , , , , , , , , , , , , ,4, , , , , , , , , , , 
2024-10-18 12:36:39.586 UTC, , , , , , , , , ,589,3245989,96872,2800, ,19, ,4, , , , , , , , , ,19,19, , , ,10,14,21, ,2, , , , , , , , , , , , , , ,59218,6, ,58940, , , , ,63391,228851613696,19,19,19,19, , , , , , , , , , , , , , , , , , , , , , , , , , , , , , , , ,63391,1729236077981,,, , , , , , , , , ,3145728,63363, , , , , , , , , , , , ,3, , , ,1, , , , , , , , , , , , , , , , , , , , , ,113954120,2, , , , , , ,4, , , , , , , , , , , , , , , , , , , , , , , , , , , , , , , , , ,4, , , , , , , , , , , 
2024-10-18 12:37:39.594 UTC, , , , , , , , , ,589,3245989,96872,2800, ,19, ,2, , , , , , , , , ,19,19, , , ,10,14,21, ,1, , , , , , , , , , , , , , ,59218,6, ,58940, , , , ,63391,228851613696,19,19,19,19, , , , , , , , , , , , , , , , , , , , , , , , , , , , , , , , ,63391,1729236077981,,, , , , , , , , , ,3145728,63363, , , , , , , , , , , , ,3, , , ,1, , , , , , , , , , , , , , , , , , , ,1,2,92922256,2, , , , , , ,2, , , , , , , , , , , , , , , , , , , , , , , , , , , , , , , , , ,2, , , , , , , , , , , 
2024-10-18 12:38:39.613 UTC, , , , , , , , , ,589,3245989,96872,2800, ,19, ,4, , , , , , , , , ,19,19, , , ,10,14,21, ,2, , , , , , , , , , , , , , ,59218,6, ,58940, , , , ,63391,228851613696,19,19,19,19, , , , , , , , , , , , , , , , , , , , , , , , , , , , , , , , ,63391,1729236077981,,, , , , , , , , , ,3145728,63363, , , , , , , , , , , , ,3, , , ,1, , , , , , , , , , , , , , , ,2,11, , ,1,3,71977464,2, , , , , , ,4, , , , , , , , , , , , , , , , , , , , , , , , , , , , , , , , , ,4, , , , , , , , , , , 
2024-10-18 12:39:39.620 UTC, , , , , , , , , ,589,3245989,96872,2800, ,19, ,4, , , , , , , , , ,19,19, , , ,10,14,21, ,2, , , , , , , , , , , , , , ,59218,6, ,58940, , , , ,63391,228851613696,19,19,19,19, , , , , , , , , , , , , , , , , , , , , , , , , , , , , , , , ,63391,1729236077981,,, , , , , , , , , ,3145728,63363, , , , , , , , , , , , ,3, , , ,1, , , , , , , , , , , , , , , , , , , ,1,3,51059184,2, , , , , , ,4, , , , , , , , , , , , , , , , , , , , , , , , , , , , , , , , , ,4, , , , , , , , , , , 
2024-10-18 12:40:39.624 UTC, , , , , , , , , ,589,3245989,96872,2800, ,19, ,4, , , , , , , , , ,19,19, , , ,10,14,21, ,2, , , , , , , , , , , , , , ,59218,6, ,58940, , , , ,63391,228851613696,19,19,19,19, , , , , , , , , , , , , , , , , , , , , , , , , , , , , , , , ,63391,1729236077981,,, , , , , , , , , ,3145728,63363, , , , , , , , , , , , ,3, , , ,1, , , , , , , , , , , , , , , , , , , , , ,105585136,2, , , , , , ,4, , , , , , , , , , , , , , , , , , , , , , , , , , , , , , , , , ,4, , , , , , , , , , , 
2024-10-18 12:41:39.633 UTC, , , , , , , , , ,589,3245989,96872,2800, ,19, ,2, , , , , , , , , ,19,19, , , ,10,14,21, ,1, , , , , , , , , , , , , , ,59218,6, ,58940, , , , ,63391,228851609600,19,19,19,19, , , , , , , , , , , , , , , , , , , , , , , , , , , , , , , , ,63391,1729236077981,,, , , , , , , , , ,3145728,63363, , , , , , , , , , , , ,3, , , ,1, , , , , , , , , , , , , , , ,2,56, , ,1,3,84584416,2, , , , , , ,2, , , , , , , , , , , , , , , , , , , , , , , , , , , , , , , , , ,2, , , , , , , , , , , 
2024-10-18 12:42:39.640 UTC, , , , , , , , , ,589,3245989,96872,2800, ,19, ,4, , , , , , , , , ,19,19, , , ,10,14,21, ,2, , , , , , , , , , , , , , ,59218,6, ,58940, , , , ,63391,228851609600,19,19,19,19, , , , , , , , , , , , , , , , , , , , , , , , , , , , , , , , ,63391,1729236077981,,, , , , , , , , , ,3145728,63363, , , , , , , , , , , , ,3, , , ,1, , , , , , , , , , , , , , , , , , , ,1,2,63697200,2, , , , , , ,4, , , , , , , , , , , , , , , , , , , , , , , , , , , , , , , , , ,4, , , , , , , , , , , 
2024-10-18 12:43:39.645 UTC, , , , , , , , , ,589,3245989,96872,2800, ,19, ,4, , , , , , , , , ,19,19, , , ,10,14,21, ,2, , , , , , , , , , , , , , ,59218,6, ,58940, , , , ,63391,228851609600,19,19,19,19, , , , , , , , , , , , , , , , , , , , , , , , , , , , , , , , ,63391,1729236077981,,, , , , , , , , , ,3145728,63363, , , , , , , , , , , , ,3, , , ,1, , , , , , , , , , , , , , , , , , , , , ,118223152,2, , , , , , ,4, , , , , , , , , , , , , , , , , , , , , , , , , , , , , , , , , ,4, , , , , , , , , , , 
2024-10-18 12:44:39.651 UTC, , , , , , , , , ,589,3245989,96872,2800, ,19, ,4, , , , , , , , , ,19,19, , , ,10,14,21, ,2, , , , , , , , , , , , , , ,59218,6, ,58940, , , , ,63391,228851609600,19,19,19,19, , , , , , , , , , , , , , , , , , , , , , , , , , , , , , , , ,63391,1729236077981,,, , , , , , , , , ,3145728,63363, , , , , , , , , , , , ,3, , , ,1, , , , , , , , , , , , , , , ,2,7, , ,1,3,97228320,2, , , , , , ,4, , , , , , , , , , , , , , , , , , , , , , , , , , , , , , , , , ,4, , , , , , , , , , , 
2024-10-18 12:45:39.656 UTC, , , , , , , , , ,589,3245989,96872,2800, ,19, ,2, , , , , , , , , ,19,19, , , ,10,14,21, ,1, , , , , , , , , , , , , , ,59218,6, ,58940, , , , ,63391,228851609600,19,19,19,19, , , , , , , , , , , , , , , , , , , , , , , , , , , , , , , , ,63391,1729236077981,,, , , , , , , , , ,3145728,63363, , , , , , , , , , , , ,3, , , ,1, , , , , , , , , , , , , , , , , , , ,1,6,76299024,2, , , , , , ,2, , , , , , , , , , , , , , , , , , , , , , , , , , , , , , , , , ,2, , , , , , , , , , , 
2024-10-18 12:46:39.666 UTC, , , , , , , , , ,589,3245989,96872,2800, ,19, ,4, , , , , , , , , ,19,19, , , ,10,14,21, ,2, , , , , , , , , , , , , , ,59218,6, ,58940, , , , ,63391,228851609600,19,19,19,19, , , , , , , , , , , , , , , , , , , , , , , , , , , , , , , , ,63391,1729236077981,,, , , , , , , , , ,3145728,63363, , , , , , , , , , , , ,3, , , ,1, , , , , , , , , , , , , , , ,2,7, , ,1,3,55288008,2, , , , , , ,4, , , , , , , , , , , , , , , , , , , , , , , , , , , , , , , , , ,4, , , , , , , , , , , 
2024-10-18 12:47:39.677 UTC, , , , , , , , , ,589,3245989,96872,2800, ,19, ,4, , , , , , , , , ,19,19, , , ,10,14,21, ,2, , , , , , , , , , , , , , ,59218,6, ,58940, , , , ,63391,228851609600,19,19,19,19, , , , , , , , , , , , , , , , , , , , , , , , , , , , , , , , ,63391,1729236077981,,, , , , , , , , , ,3145728,63363, , , , , , , , , , , , ,3, , , ,1, , , , , , , , , , , , , , , , , , , , , ,109813960,2, , , , , , ,4, , , , , , , , , , , , , , , , , , , , , , , , , , , , , , , , , ,4, , , , , , , , , , , 
2024-10-18 12:48:39.682 UTC, , , , , , , , , ,589,3245989,96872,2800, ,19, ,4, , , , , , , , , ,19,19, , , ,10,14,21, ,2, , , , , , , , , , , , , , ,59218,6, ,58940, , , , ,63391,228851609600,19,19,19,19, , , , , , , , , , , , , , , , , , , , , , , , , , , , , , , , ,63391,1729236077981,,, , , , , , , , , ,3145728,63363, , , , , , , , , , , , ,3, , , ,1, , , , , , , , , , , , , , , , , , , ,1,3,88903912,2, , , , , , ,4, , , , , , , , , , , , , , , , , , , , , , , , , , , , , , , , , ,4, , , , , , , , , , , 
2024-10-18 12:49:39.728 UTC, , , , , , , , , ,589,3245989,96872,2800, ,19, ,4, , , , , , , , , ,19,19, , , ,10,14,21, ,2, , , , , , , , , , , , , , ,59218,6, ,58940, , , , ,63391,228851605504,19,19,19,19, , , , , , , , , , , , , , , , , , , , , , , , , , , , , , , , ,63391,1729236077981,,, , , , , , , , , ,3145728,63363, , , , , , , , , , , , ,3, , , ,1, , , , , , , , , , , , , , , ,2,6, , ,1,3,68936192,2, , , , , , ,4, , , , , , , , , , , , , , , , , , , , , , , , , , , , , , , , , ,4, , , , , , , , , , , 
2024-10-18 12:50:39.733 UTC, , , , , , , , , ,589,3245989,96872,2800, ,19, ,2, , , , , , , , , ,19,19, , , ,10,14,21, ,1, , , , , , , , , , , , , , ,59218,6, ,58940, , , , ,63391,228851605504,19,19,19,19, , , , , , , , , , , , , , , , , , , , , , , , , , , , , , , , ,63391,1729236077981,,, , , , , , , , , ,3145728,63363, , , , , , , , , , , , ,3, , , ,1, , , , , , , , , , , , , , , , , , , , , ,122413568,2, , , , , , ,2, , , , , , , , , , , , , , , , , , , , , , , , , , , , , , , , , ,2, , , , , , , , , , , 
2024-10-18 12:51:39.737 UTC, , , , , , , , , ,589,3245989,96872,2800, ,19, ,4, , , , , , , , , ,19,19, , , ,10,14,21, ,2, , , , , , , , , , , , , , ,59218,6, ,58940, , , , ,63391,228851605504,19,19,19,19, , , , , , , , , , , , , , , , , , , , , , , , , , , , , , , , ,63391,1729236077981,,, , , , , , , , , ,3145728,63363, , , , , , , , , , , , ,3, , , ,1, , , , , , , , , , , , , , , , , , , ,1,2,101444288,2, , , , , , ,4, , , , , , , , , , , , , , , , , , , , , , , , , , , , , , , , , ,4, , , , , , , , , , , 
2024-10-18 12:52:39.744 UTC, , , , , , , , , ,589,3245989,96872,2800, ,19, ,4, , , , , , , , , ,19,19, , , ,10,14,21, ,2, , , , , , , , , , , , , , ,59218,6, ,58940, , , , ,63391,228851605504,19,19,19,19, , , , , , , , , , , , , , , , , , , , , , , , , , , , , , , , ,63391,1729236077981,,, , , , , , , , , ,3145728,63363, , , , , , , , , , , , ,3, , , ,1, , , , , , , , , , , , , , , ,2,7, , ,1,3,82657680,1, , , , , , ,4, , , , , , , , , , , , , , , , , , , , , , , , , , , , , , , , , ,4, , , , , , , , , , , 
2024-10-18 12:53:39.753 UTC, , , , , , , , , ,589,3245989,96872,2800, ,19, ,4, , , , , , , , , ,19,19, , , ,10,14,21, ,2, , , , , , , , , , , , , , ,59218,6, ,58940, , , , ,63391,228851605504,19,19,19,19, , , , , , , , , , , , , , , , , , , , , , , , , , , , , , , , ,63391,1729236077981,,, , , , , , , , , ,3145728,63363, , , , , , , , , , , , ,3, , , ,1, , , , , , , , , , , , , , , , , , , ,1,2,62682056,2, , , , , , ,4, , , , , , , , , , , , , , , , , , , , , , , , , , , , , , , , , ,4, , , , , , , , , , , 
2024-10-18 12:54:30.936 UTC, , , , , , , , , ,589,3243189,96872, , ,19, ,2, , , , , , , , , ,19,19, , , ,10,14,21, ,1, , , , , , , , , , , , , , ,59218,6, ,58940, , , , ,63391,228851601408,19,19,19,19, , , , , , , , , , , , , , , , , , , , , , , , , , , , , , , , ,63391,1729236077981,,, , , , , , , , , ,3145728,63363, , , , , , , , , , , , ,3, , , ,1, , , , , , , , , , , , , , , , , , , , , ,111965128,3, , , , , , ,2, , , , , , , , , , , , , , , , , , , , , , , , , , , , , , , , , ,2, , , , , , , , , , , 
2024-10-19 06:32:03.225 UTC, , , , , , , , , ,125,3220341,74488, , ,16,6,275,16,0.06,7, , , , , , ,16,16, ,99,6,8,14,17, ,188,31, , , , , , , , , , , , , ,68742,7,63461,63461,1,2,12,26,68794,244316631040,17,17,17,17, , , , , ,1,999, , , , , , , , , , , , , , , , , , , , , , , , , ,68794,1729319510576,,, , , , , , , , , ,3145728,68742,0,0,0,0, , ,71,1,1,4,1, ,3,2, ,71, ,4096,1, , , , , ,21150111,84,5403,1, , , , ,4,35, , ,18,192,54148008,4, , , , , , ,186, , , , , , , , , , , , , , , , , , , , , , , , , , , , , , , , , , , , , , , , , , , , , 
2024-10-19 06:33:03.240 UTC, , , , , , , , , ,125,3244637,95984,2800, ,19, ,120,3,0.03, , , , , , , ,19,19, , , ,10,14,22, ,66,43, , , , , , , , , , , , , ,68742,7,63461,63461, , , , ,68794,244316622848,17,17,17,17, , , , , , , , , , , , , , , , , , , , , , , , , , , , , , , , ,68794,1729319510576,,, , , , , , , , , ,3145728,68742, , , , , , ,49, , ,1, , ,3, , ,49,1, , , , , , , ,31697,50, , , , , , , , , , ,2,26,68112840,3, , , , , , ,214, , , , , ,1, , , , , , , , , , , , , , , , , , , , , , , , , , ,97,41,15, , , , , , , , , , 
2024-10-19 06:34:04.599 UTC, , , , , , , , , ,125,3244637,95984,2800, ,19, ,2, , , , , , , , , ,19,19, , , ,10,14,22, ,1, , , , , , , , , , , , , , ,68742,7,63461,63461, , , , ,68794,244316639232,17,17,17,17, , , , , , , , , , , , , , , , , , , , , , , , , , , , , , , , ,68794,1729319510576,,, , , , , , , , , ,3145728,68742, , , , , , , , , , , , ,3, , , ,1, , , , , , , , , , , , , , , , , , , ,1,4,69960520,4, , , , , , ,2, , , , , , , , , , , , , , , , , , , , , , , , , , , , , , , , , ,2, , , , , , , , , , , 
2024-10-19 06:35:04.616 UTC, , , , , , , , , ,125,3244637,95984,2800, ,19, ,2, , , , , , , , , ,19,19, , , ,10,14,22, ,1, , , , , , , , , , , , , , ,68742,7,63461,63461, , , , ,68794,244316594176,17,17,17,17, , , , , , , , , , , , , , , , , , , , , , , , , , , , , , , , ,68794,1729319510576,,, , , , , , , , , ,3145728,68742, , , , , , , , , , , , ,3, , , ,1, , , , , , , , , , , , , , , , , , , ,1,5,66015688,8, , , , , , ,2, , , , , , , , , , , , , , , , , , , , , , , , , , , , , , , , , ,2, , , , , , , , , , , 
2024-10-19 06:36:04.624 UTC, , , , , , , , , ,125,3244637,95984,2800, ,19, , , , , , , , , , , ,19,19, , , ,10,14,22, , , , , , , , , , , , , , , , ,68742,7,63461,63461, , , , ,68794,244316594176,17,17,17,17, , , , , , , , , , , , , , , , , , , , , , , , , , , , , , , , ,68794,1729319510576,,, , , , , , , , , ,3145728,68742, , , , , , , , , , , , ,3, , , ,1, , , , , , , , , , , , , , , , , , , ,1,4,61821384,8, , , , , , , , , , , , , , , , , , , , , , , , , , , , , , , , , , , , , , , , , , , , , , , , , , , , 
2024-10-19 06:37:04.631 UTC, , , , , , , , , ,125,3244637,95984,2800, ,19, ,2, , , , , , , , , ,19,19, , , ,10,14,22, ,1, , , , , , , , , , , , , , ,68742,7,63461,63461, , , , ,68794,244316594176,17,17,17,17, , , , , , , , , , , , , , , , , , , , , , , , , , , , , , , , ,68794,1729319510576,,, , , , , , , , , ,3145728,68742, , , , , , , , , , , , ,3, , , ,1, , , , , , , , , , , , , , , , , , , ,1,27,58007160,6, , , , , , ,2, , , , , , , , , , , , , , , , , , , , , , , , , , , , , , , , , ,2, , , , , , , , , , , 
2024-10-19 06:38:04.641 UTC, , , , , , , , , ,125,3244637,95984,2800, ,19, ,4, , , , , , , , , ,19,19, , , ,10,14,22, ,2, , , , , , , , , , , , , , ,68742,7,63461,63461, , , , ,68794,244316594176,17,17,17,17, , , , , , , , , , , , , , , , , , , , , , , , , , , , , , , , ,68794,1729319510576,,, , , , , , , , , ,3145728,68742, , , , , , , , , , , , ,3, , , ,1, , , , , , , , , , , , , , , , , , , ,1,4,56973944,4, , , , , , ,4, , , , , , , , , , , , , , , , , , , , , , , , , , , , , , , , , ,4, , , , , , , , , , , 
2024-10-19 06:39:05.483 UTC, , , , , , , , , ,125,3244637,95984,2800, ,19, ,4, , , , , , , , , ,19,19, , , ,10,14,22, ,2, , , , , , , , , , , , , , ,68742,7,63461,63461, , , , ,68794,244316581888,17,17,17,17, , , , , , , , , , , , , , , , , , , , , , , , , , , , , , , , ,68794,1729319510576,,, , , , , , , , , ,3145728,68742, , , , , , , , , , , , ,3, , , ,1, , , , , , , , , , , , , , , , , , , ,1,103,56159752,4, , , , , , ,4, , , , , , , , , , , , , , , , , , , , , , , , , , , , , , , , , ,4, , , , , , , , , , , 
2024-10-19 06:40:05.498 UTC, , , , , , , , , ,125,3244637,95984,2800, ,19, ,2, , , , , , , , , ,19,19, , , ,10,14,22, ,1, , , , , , , , , , , , , , ,68742,7,63461,63461, , , , ,68794,244316581888,17,17,17,17, , , , , , , , , , , , , , , , , , , , , , , , , , , , , , , , ,68794,1729319510576,,, , , , , , , , , ,3145728,68742, , , , , , , , , , , , ,3, , , ,1, , , , , , , , , , , , , , , , , , , , , ,109637128,4, , , , , , ,2, , , , , , , , , , , , , , , , , , , , , , , , , , , , , , , , , ,2, , , , , , , , , , , 
2024-10-19 06:41:05.504 UTC, , , , , , , , , ,125,3244637,95984,2800, ,19, ,4, , , , , , , , , ,19,19, , , ,10,14,22, ,2, , , , , , , , , , , , , , ,68742,7,63461,63461, , , , ,68794,244316577792,17,17,17,17, , , , , , , , , , , , , , , , , , , , , , , , , , , , , , , , ,68794,1729319510576,,, , , , , , , , , ,3145728,68742, , , , , , , , , , , , ,3, , , ,1, , , , , , , , , , , , , , , , , , , ,1,75,106291304,3, , , , , , ,4, , , , , , , , , , , , , , , , , , , , , , , , , , , , , , , , , ,4, , , , , , , , , , , 
2024-10-19 06:42:05.511 UTC, , , , , , , , , ,125,3244637,95984,2800, ,19, ,4, , , , , , , , , ,19,19, , , ,10,14,22, ,2, , , , , , , , , , , , , , ,68742,7,63461,63461, , , , ,68794,244316569600,17,17,17,17, , , , , , , , , , , , , , , , , , , , , , , , , , , , , , , , ,68794,1729319510576,,, , , , , , , , , ,3145728,68742, , , , , , , , , , , , ,3, , , ,1, , , , , , , , , , , , , , , , , , , ,1,2,100127616,4, , , , , , ,4, , , , , , , , , , , , , , , , , , , , , , , , , , , , , , , , , ,4, , , , , , , , , , , 
2024-10-19 06:43:05.519 UTC, , , , , , , , , ,125,3244637,95984,2800, ,19, ,2, , , , , , , , , ,19,19, , , ,10,14,22, ,1, , , , , , , , , , , , , , ,68742,7,63461,63461, , , , ,68794,244316565504,17,17,17,17, , , , , , , , , , , , , , , , , , , , , , , , , , , , , , , , ,68794,1729319510576,,, , , , , , , , , ,3145728,68742, , , , , , , , , , , , ,3, , , ,1, , , , , , , , , , , , , , , , , , , ,1,3,96017888,3, , , , , , ,2, , , , , , , , , , , , , , , , , , , , , , , , , , , , , , , , , ,2, , , , , , , , , , , 
2024-10-19 06:44:05.557 UTC, , , , , , , , , ,125,3244637,95984,2800, ,19, ,4, , , , , , , , , ,19,19, , , ,10,14,22, ,2, , , , , , , , , , , , , , ,68742,7,63461,63461, , , , ,68794,244316561408,17,17,17,17, , , , , , , , , , , , , , , , , , , , , , , , , , , , , , , , ,68794,1729319510576,,, , , , , , , , , ,3145728,68742, , , , , , , , , , , , ,3, , , ,1, , , , , , , , , , , , , , , , , , , ,1,3,92860784,2, , , , , , ,4, , , , , , , , , , , , , , , , , , , , , , , , , , , , , , , , , ,4, , , , , , , , , , , 
2024-10-19 06:45:05.566 UTC, , , , , , , , , ,125,3244637,95984,2800, ,19, ,4, , , , , , , , , ,19,19, , , ,10,14,22, ,2, , , , , , , , , , , , , , ,68742,7,63461,63461, , , , ,68794,244316561408,17,17,17,17, , , , , , , , , , , , , , , , , , , , , , , , , , , , , , , , ,68794,1729319510576,,, , , , , , , , , ,3145728,68742, , , , , , , , , , , , ,3, , , ,1, , , , , , , , , , , , , , , , , , , ,1,51,88600184,2, , , , , , ,4, , , , , , , , , , , , , , , , , , , , , , , , , , , , , , , , , ,4, , , , , , , , , , , 
2024-10-19 06:46:05.575 UTC, , , , , , , , , ,125,3244637,95984,2800, ,19, ,2, , , , , , , , , ,19,19, , , ,10,14,22, ,1, , , , , , , , , , , , , , ,68742,7,63461,63461, , , , ,68794,244316454912,17,17,17,17, , , , , , , , , , , , , , , , , , , , , , , , , , , , , , , , ,68794,1729319510576,,, , , , , , , , , ,3145728,68742, , , , , , , , , , , , ,3, , , ,1, , , , , , , , , , , , , , , , , , , ,1,2,84478712,2, , , , , , ,2, , , , , , , , , , , , , , , , , , , , , , , , , , , , , , , , , ,2, , , , , , , , , , , 
2024-10-19 06:47:05.584 UTC, , , , , , , , , ,125,3244637,95984,2800, ,19, ,4, , , , , , , , , ,19,19, , , ,10,14,22, ,2, , , , , , , , , , , , , , ,68742,7,63461,63461, , , , ,68794,244316450816,17,17,17,17, , , , , , , , , , , , , , , , , , , , , , , , , , , , , , , , ,68794,1729319510576,,, , , , , , , , , ,3145728,68742, , , , , , , , , , , , ,3, , , ,1, , , , , , , , , , , , , , , , , , , ,1,66,80261272,2, , , , , , ,4, , , , , , , , , , , , , , , , , , , , , , , , , , , , , , , , , ,4, , , , , , , , , , , 
2024-10-19 06:48:05.589 UTC, , , , , , , , , ,125,3244637,95984,2800, ,19, ,2, , , , , , , , , ,19,19, , , ,10,14,22, ,1, , , , , , , , , , , , , , ,68742,7,63461,63461, , , , ,68794,244316450816,17,17,17,17, , , , , , , , , , , , , , , , , , , , , , , , , , , , , , , , ,68794,1729319510576,,, , , , , , , , , ,3145728,68742, , , , , , , , , , , , ,3, , , ,1, , , , , , , , , , , , , , , , , , , ,1,2,76066336,2, , , , , , ,2, , , , , , , , , , , , , , , , , , , , , , , , , , , , , , , , , ,2, , , , , , , , , , , 
2024-10-19 06:48:30.169 UTC, , , , , , , , , ,125,3241837,95984, , ,19, ,2, , , , , , , , , ,19,19, , , ,10,14,22, ,1, , , , , , , , , , , , , , ,68742,7,63461,63461, , , , ,68794,244317274112,17,17,17,17, , , , , , , , , , , , , , , , , , , , , , , , , , , , , , , , ,68794,1729319510576,,, , , , , , , , , ,3145728,68742, , , , , , , , , , , , ,3, , , ,1, , , , , , , , , , , , , , , , , , , , , ,102280736,3, , , , , , ,2, , , , , , , , , , , , , , , , , , , , , , , , , , , , , , , , , ,2, , , , , , , , , , , 
2024-10-19 07:28:47.341 UTC, , , , , , , , , ,125,3179261,33408, , ,4,1,42,4,0.10,1, , , , , , ,4,4, ,2,1,3,2,5, ,50,33, , , , , , , , , , , , , ,69156,8, ,68873, , , , ,69207,244271308800,17,17,17,17, , , , , ,1,1046, , , , , , , , , , , , , , , , , , , , , , , , , ,69207,1729322904395,,, , , , , , , , , ,3145728,69156, , , , , , ,44, , ,2, , ,3, , ,44, ,4096,1, , , , , ,21023389,55, , , , , , ,8,55, , ,23,471,70935928,8, , , , , , ,30, , , , , , , , , , , , , , , , , , , , , , , , , , , , , , , , , , , , , , , , , , , , , 
2024-10-19 07:29:47.375 UTC, , , , , , , , , ,125,3216893,68240,2800, ,11,1,116,7,0.06, , , , , , , ,11,11, , ,1,6,6,14, ,64,43, , , , , , , , , , , , , ,69156,8, ,68873, , , , ,69207,244271308800,17,17,17,17, , , , , , , , , , , , , , , , , , , , , , , , , , , , , , , , ,69207,1729322904395,,, , , , , , , , , ,3145728,69156, , , , , , ,58, , ,1, , ,3, , ,58,1, , , , , , , ,68561,59, , , , , , , , , , ,2,23,72850264,6, , , , , , ,211, , , , , ,1, , , , , , , , , , , , , , , , , , , , , , , , , , ,97,39,15, , , , , , , , , , 
2024-10-19 07:30:47.406 UTC, , , , , , , , , ,125,3216893,68240,2800, ,11, ,4, , , , , , , , , ,11,11, , , ,6,6,14, ,2, , , , , , , , , , , , , , ,69156,8, ,68873, , , , ,69207,244271308800,17,17,17,17, , , , , , , , , , , , , , , , , , , , , , , , , , , , , , , , ,69207,1729322904395,,, , , , , , , , , ,3145728,69156, , , , , , , , , , , , ,3, , , ,1, , , , , , , , , , , , , , , ,2,20, , ,1,34,81931368,5, , , , , , ,4, , , , , , , , , , , , , , , , , , , , , , , , , , , , , , , , , ,4, , , , , , , , , , , 
2024-10-19 07:31:47.638 UTC, , , , , , , , , ,125,3216893,68240,2800, ,11, ,4, , , , , , , , , ,11,11, , , ,6,6,14, ,2, , , , , , , , , , , , , , ,69156,8, ,68873, , , , ,69207,244271312896,17,17,17,17, , , , , , , , , , , , , , , , , , , , , , , , , , , , , , , , ,69207,1729322904395,,, , , , , , , , , ,3145728,69156, , , , , , , , , , , , ,3, , , ,1, , , , , , , , , , , , , , , , , , , ,1,6,83854984,4, , , , , , ,4, , , , , , , , , , , , , , , , , , , , , , , , , , , , , , , , , ,4, , , , , , , , , , , 
2024-10-19 07:32:47.632 UTC, , , , , , , , , ,125,3216893,68240,2800, ,11, ,4, , , , , , , , , ,11,11, , , ,6,6,14, ,2, , , , , , , , , , , , , , ,69156,8, ,68873, , , , ,69207,244271321088,17,17,17,17, , , , , , , , , , , , , , , , , , , , , , , , , , , , , , , , ,69207,1729322904395,,, , , , , , , , , ,3145728,69156, , , , , , , , , , , , ,3, , , ,1, , , , , , , , , , , , , , , , , , , ,1,6,82163584,4, , , , , , ,4, , , , , , , , , , , , , , , , , , , , , , , , , , , , , , , , , ,4, , , , , , , , , , , 
2024-10-19 07:33:47.655 UTC, , , , , , , , , ,125,3216893,68240,2800, ,11, ,2, , , , , , , , , ,11,11, , , ,6,6,14, ,1, , , , , , , , , , , , , , ,69156,8, ,68873, , , , ,69207,244271300608,17,17,17,17, , , , , , , , , , , , , , , , , , , , , , , , , , , , , , , , ,69207,1729322904395,,, , , , , , , , , ,3145728,69156, , , , , , , , , , , , ,3, , , ,1, , , , , , , , , , , , , , , ,2,4328, , ,1,5,80142736,3, , , , , , ,2, , , , , , , , , , , , , , , , , , , , , , , , , , , , , , , , , ,2, , , , , , , , , , , 
2024-10-19 07:34:47.684 UTC, , , , , , , , , ,125,3216893,68240,2800, ,11, ,4, , , , , , , , , ,11,11, , , ,6,6,14, ,2, , , , , , , , , , , , , , ,69156,8, ,68873, , , , ,69207,244271300608,17,17,17,17, , , , , , , , , , , , , , , , , , , , , , , , , , , , , , , , ,69207,1729322904395,,, , , , , , , , , ,3145728,69156, , , , , , , , , , , , ,3, , , ,1, , , , , , , , , , , , , , , , , , , ,1,3,80028288,3, , , , , , ,4, , , , , , , , , , , , , , , , , , , , , , , , , , , , , , , , , ,4, , , , , , , , , , , 
2024-10-19 07:35:47.722 UTC, , , , , , , , , ,125,3216893,68240,2800, ,11, ,4, , , , , , , , , ,11,11, , , ,6,6,14, ,2, , , , , , , , , , , , , , ,69156,8, ,68873, , , , ,69207,244271251456,17,17,17,17, , , , , , , , , , , , , , , , , , , , , , , , , , , , , , , , ,69207,1729322904395,,, , , , , , , , , ,3145728,69156, , , , , , , , , , , , ,3, , , ,1, , , , , , , , , , , , , , , , , , , ,1,5,77963840,3, , , , , , ,4, , , , , , , , , , , , , , , , , , , , , , , , , , , , , , , , , ,4, , , , , , , , , , , 
2024-10-19 07:36:47.744 UTC, , , , , , , , , ,125,3216893,68240,2800, ,11, ,2, , , , , , , , , ,11,11, , , ,6,6,14, ,1, , , , , , , , , , , , , , ,69156,8, ,68873, , , , ,69207,244271247360,17,17,17,17, , , , , , , , , , , , , , , , , , , , , , , , , , , , , , , , ,69207,1729322904395,,, , , , , , , , , ,3145728,69156, , , , , , , , , , , , ,3, , , ,1, , , , , , , , , , , , , , , ,2,29, , ,1,5,76062984,4, , , , , , ,2, , , , , , , , , , , , , , , , , , , , , , , , , , , , , , , , , ,2, , , , , , , , , , , 
2024-10-19 07:37:47.750 UTC, , , , , , , , , ,125,3216893,68240,2800, ,11, ,4, , , , , , , , , ,11,11, , , ,6,6,14, ,2, , , , , , , , , , , , , , ,69156,8, ,68873, , , , ,69207,244271247360,17,17,17,17, , , , , , , , , , , , , , , , , , , , , , , , , , , , , , , , ,69207,1729322904395,,, , , , , , , , , ,3145728,69156, , , , , , , , , , , , ,3, , , ,1, , , , , , , , , , , , , , , , , , , ,1,3,73895424,3, , , , , , ,4, , , , , , , , , , , , , , , , , , , , , , , , , , , , , , , , , ,4, , , , , , , , , , , 
2024-10-19 07:38:47.756 UTC, , , , , , , , , ,125,3216893,68240,2800, ,11, ,4, , , , , , , , , ,11,11, , , ,6,6,14, ,2, , , , , , , , , , , , , , ,69156,8, ,68873, , , , ,69207,244271247360,17,17,17,17, , , , , , , , , , , , , , , , , , , , , , , , , , , , , , , , ,69207,1729322904395,,, , , , , , , , , ,3145728,69156, , , , , , , , , , , , ,3, , , ,1, , , , , , , , , , , , , , , , , , , ,1,6,71095056,2, , , , , , ,4, , , , , , , , , , , , , , , , , , , , , , , , , , , , , , , , , ,4, , , , , , , , , , , 
2024-10-19 07:39:47.762 UTC, , , , , , , , , ,125,3216893,68240,2800, ,11, ,2, , , , , , , , , ,11,11, , , ,6,6,14, ,1, , , , , , , , , , , , , , ,69156,8, ,68873, , , , ,69207,244271247360,17,17,17,17, , , , , , , , , , , , , , , , , , , , , , , , , , , , , , , , ,69207,1729322904395,,, , , , , , , , , ,3145728,69156, , , , , , , , , , , , ,3, , , ,1, , , , , , , , , , , , , , , ,2,100, , ,1,3,67752080,2, , , , , , ,2, , , , , , , , , , , , , , , , , , , , , , , , , , , , , , , , , ,2, , , , , , , , , , , 
2024-10-19 07:40:47.768 UTC, , , , , , , , , ,125,3216893,68240,2800, ,11, ,4, , , , , , , , , ,11,11, , , ,6,6,14, ,2, , , , , , , , , , , , , , ,69156,8, ,68873, , , , ,69207,244271214592,17,17,17,17, , , , , , , , , , , , , , , , , , , , , , , , , , , , , , , , ,69207,1729322904395,,, , , , , , , , , ,3145728,69156, , , , , , , , , , , , ,3, , , ,1, , , , , , , , , , , , , , , , , , , ,1,28,64929360,2, , , , , , ,4, , , , , , , , , , , , , , , , , , , , , , , , , , , , , , , , , ,4, , , , , , , , , , , 
2024-10-19 07:41:47.773 UTC, , , , , , , , , ,125,3216893,68240,2800, ,11, ,4, , , , , , , , , ,11,11, , , ,6,6,14, ,2, , , , , , , , , , , , , , ,69156,8, ,68873, , , , ,69207,244271214592,17,17,17,17, , , , , , , , , , , , , , , , , , , , , , , , , , , , , , , , ,69207,1729322904395,,, , , , , , , , , ,3145728,69156, , , , , , , , , , , , ,3, , , ,1, , , , , , , , , , , , , , , , , , , ,1,6,62001800,2, , , , , , ,4, , , , , , , , , , , , , , , , , , , , , , , , , , , , , , , , , ,4, , , , , , , , , , , 
2024-10-19 07:42:47.779 UTC, , , , , , , , , ,125,3216893,68240,2800, ,11, ,4, , , , , , , , , ,11,11, , , ,6,6,14, ,2, , , , , , , , , , , , , , ,69156,8, ,68873, , , , ,69207,244271214592,17,17,17,17, , , , , , , , , , , , , , , , , , , , , , , , , , , , , , , , ,69207,1729322904395,,, , , , , , , , , ,3145728,69156, , , , , , , , , , , , ,3, , , ,1, , , , , , , , , , , , , , , ,2,4, , ,1,3,56801208,2, , , , , , ,4, , , , , , , , , , , , , , , , , , , , , , , , , , , , , , , , , ,4, , , , , , , , , , , 
2024-10-19 07:43:47.786 UTC, , , , , , , , , ,125,3216893,68240,2800, ,11, ,2, , , , , , , , , ,11,11, , , ,6,6,14, ,1, , , , , , , , , , , , , , ,69156,8, ,68873, , , , ,69207,244271214592,17,17,17,17, , , , , , , , , , , , , , , , , , , , , , , , , , , , , , , , ,69207,1729322904395,,, , , , , , , , , ,3145728,69156, , , , , , , , , , , , ,3, , , ,1, , , , , , , , , , , , , , , , , , , ,1,3,52614800,2, , , , , , ,2, , , , , , , , , , , , , , , , , , , , , , , , , , , , , , , , , ,2, , , , , , , , , , , 
2024-10-19 07:44:47.794 UTC, , , , , , , , , ,125,3216893,68240,2800, ,11, ,4, , , , , , , , , ,11,11, , , ,6,6,14, ,2, , , , , , , , , , , , , , ,69156,8, ,68873, , , , ,69207,244271210496,17,17,17,17, , , , , , , , , , , , , , , , , , , , , , , , , , , , , , , , ,69207,1729322904395,,, , , , , , , , , ,3145728,69156, , , , , , , , , , , , ,3, , , ,1, , , , , , , , , , , , , , , , , , , , , ,106092176,2, , , , , , ,4, , , , , , , , , , , , , , , , , , , , , , , , , , , , , , , , , ,4, , , , , , , , , , , 
2024-10-19 07:45:47.802 UTC, , , , , , , , , ,125,3216893,68240,2800, ,11, ,4, , , , , , , , , ,11,11, , , ,6,6,14, ,2, , , , , , , , , , , , , , ,69156,8, ,68873, , , , ,69207,244271210496,17,17,17,17, , , , , , , , , , , , , , , , , , , , , , , , , , , , , , , , ,69207,1729322904395,,, , , , , , , , , ,3145728,69156, , , , , , , , , , , , ,3, , , ,1, , , , , , , , , , , , , , , , , , , ,1,4,102699072,2, , , , , , ,4, , , , , , , , , , , , , , , , , , , , , , , , , , , , , , , , , ,4, , , , , , , , , , , 
2024-10-19 07:46:47.807 UTC, , , , , , , , , ,125,3216893,68240,2800, ,11, ,4, , , , , , , , , ,11,11, , , ,6,6,14, ,2, , , , , , , , , , , , , , ,69156,8, ,68873, , , , ,69207,244271206400,17,17,17,17, , , , , , , , , , , , , , , , , , , , , , , , , , , , , , , , ,69207,1729322904395,,, , , , , , , , , ,3145728,69156, , , , , , , , , , , , ,3, , , ,1, , , , , , , , , , , , , , , ,2,4, , ,1,4,99837288,2, , , , , , ,4, , , , , , , , , , , , , , , , , , , , , , , , , , , , , , , , , ,4, , , , , , , , , , , 
2024-10-19 07:47:47.812 UTC, , , , , , , , , ,125,3216893,68240,2800, ,11, ,2, , , , , , , , , ,11,11, , , ,6,6,14, ,1, , , , , , , , , , , , , , ,69156,8, ,68873, , , , ,69207,244271206400,17,17,17,17, , , , , , , , , , , , , , , , , , , , , , , , , , , , , , , , ,69207,1729322904395,,, , , , , , , , , ,3145728,69156, , , , , , , , , , , , ,3, , , ,1, , , , , , , , , , , , , , , , , , , ,1,2,93428016,2, , , , , , ,2, , , , , , , , , , , , , , , , , , , , , , , , , , , , , , , , , ,2, , , , , , , , , , , 
2024-10-19 07:48:47.819 UTC, , , , , , , , , ,125,3216893,68240,2800, ,11, ,4, , , , , , , , , ,11,11, , , ,6,6,14, ,2, , , , , , , , , , , , , , ,69156,8, ,68873, , , , ,69207,244271206400,17,17,17,17, , , , , , , , , , , , , , , , , , , , , , , , , , , , , , , , ,69207,1729322904395,,, , , , , , , , , ,3145728,69156, , , , , , , , , , , , ,3, , , ,1, , , , , , , , , , , , , , , , , , , ,1,3,90181280,2, , , , , , ,4, , , , , , , , , , , , , , , , , , , , , , , , , , , , , , , , , ,4, , , , , , , , , , , 
2024-10-19 07:49:47.827 UTC, , , , , , , , , ,125,3216893,68240,2800, ,11, ,4, , , , , , , , , ,11,11, , , ,6,6,14, ,2, , , , , , , , , , , , , , ,69156,8, ,68873, , , , ,69207,244271206400,17,17,17,17, , , , , , , , , , , , , , , , , , , , , , , , , , , , , , , , ,69207,1729322904395,,, , , , , , , , , ,3145728,69156, , , , , , , , , , , , ,3, , , ,1, , , , , , , , , , , , , , , ,2,41, , ,1,3,83910304,2, , , , , , ,4, , , , , , , , , , , , , , , , , , , , , , , , , , , , , , , , , ,4, , , , , , , , , , , 
2024-10-19 07:50:47.833 UTC, , , , , , , , , ,125,3216893,68240,2800, ,11, ,4, , , , , , , , , ,11,11, , , ,6,6,14, ,2, , , , , , , , , , , , , , ,69156,8, ,68873, , , , ,69207,244271157248,17,17,17,17, , , , , , , , , , , , , , , , , , , , , , , , , , , , , , , , ,69207,1729322904395,,, , , , , , , , , ,3145728,69156, , , , , , , , , , , , ,3, , , ,1, , , , , , , , , , , , , , , , , , , ,1,2,77700016,2, , , , , , ,4, , , , , , , , , , , , , , , , , , , , , , , , , , , , , , , , , ,4, , , , , , , , , , , 
2024-10-19 07:51:47.840 UTC, , , , , , , , , ,125,3216893,68240,2800, ,11, ,4, , , , , , , , , ,11,11, , , ,6,6,14, ,2, , , , , , , , , , , , , , ,69156,8, ,68873, , , , ,69207,244271157248,17,17,17,17, , , , , , , , , , , , , , , , , , , , , , , , , , , , , , , , ,69207,1729322904395,,, , , , , , , , , ,3145728,69156, , , , , , , , , , , , ,3, , , ,1, , , , , , , , , , , , , , , , , , , ,1,3,71080640,2, , , , , , ,4, , , , , , , , , , , , , , , , , , , , , , , , , , , , , , , , , ,4, , , , , , , , , , , 
2024-10-19 07:52:47.851 UTC, , , , , , , , , ,125,3216893,68240,2800, ,11, ,2, , , , , , , , , ,11,11, , , ,6,6,14, ,1, , , , , , , , , , , , , , ,69156,8, ,68873, , , , ,69207,244271149056,17,17,17,17, , , , , , , , , , , , , , , , , , , , , , , , , , , , , , , , ,69207,1729322904395,,, , , , , , , , , ,3145728,69156, , , , , , , , , , , , ,3, , , ,1, , , , , , , , , , , , , , , ,2,5, , ,1,3,63828144,2, , , , , , ,2, , , , , , , , , , , , , , , , , , , , , , , , , , , , , , , , , ,2, , , , , , , , , , , 
2024-10-19 07:53:47.858 UTC, , , , , , , , , ,125,3216893,68240,2800, ,11, ,4, , , , , , , , , ,11,11, , , ,6,6,14, ,2, , , , , , , , , , , , , , ,69156,8, ,68873, , , , ,69207,244271144960,17,17,17,17, , , , , , , , , , , , , , , , , , , , , , , , , , , , , , , , ,69207,1729322904395,,, , , , , , , , , ,3145728,69156, , , , , , , , , , , , ,3, , , ,1, , , , , , , , , , , , , , , , , , , ,1,2,56478040,2, , , , , , ,4, , , , , , , , , , , , , , , , , , , , , , , , , , , , , , , , , ,4, , , , , , , , , , , 
2024-10-19 07:54:47.867 UTC, , , , , , , , , ,125,3216893,68240,2800, ,11, ,4, , , , , , , , , ,11,11, , , ,6,6,14, ,2, , , , , , , , , , , , , , ,69156,8, ,68873, , , , ,69207,244271140864,17,17,17,17, , , , , , , , , , , , , , , , , , , , , , , , , , , , , , , , ,69207,1729322904395,,, , , , , , , , , ,3145728,69156, , , , , , , , , , , , ,3, , , ,1, , , , , , , , , , , , , , , , , , , , , ,111003992,2, , , , , , ,4, , , , , , , , , , , , , , , , , , , , , , , , , , , , , , , , , ,4, , , , , , , , , , , 
2024-10-19 07:55:47.873 UTC, , , , , , , , , ,125,3216893,68240,2800, ,11, ,4, , , , , , , , , ,11,11, , , ,6,6,14, ,2, , , , , , , , , , , , , , ,69156,8, ,68873, , , , ,69207,244271140864,17,17,17,17, , , , , , , , , , , , , , , , , , , , , , , , , , , , , , , , ,69207,1729322904395,,, , , , , , , , , ,3145728,69156, , , , , , , , , , , , ,3, , , ,1, , , , , , , , , , , , , , , , , , , ,1,3,103430000,2, , , , , , ,4, , , , , , , , , , , , , , , , , , , , , , , , , , , , , , , , , ,4, , , , , , , , , , , 
2024-10-19 07:56:47.881 UTC, , , , , , , , , ,125,3216893,68240,2800, ,11, ,2, , , , , , , , , ,11,11, , , ,6,6,14, ,1, , , , , , , , , , , , , , ,69156,8, ,68873, , , , ,69207,244271136768,17,17,17,17, , , , , , , , , , , , , , , , , , , , , , , , , , , , , , , , ,69207,1729322904395,,, , , , , , , , , ,3145728,69156, , , , , , , , , , , , ,3, , , ,1, , , , , , , , , , , , , , , ,2,4, , ,1,4,96179944,2, , , , , , ,2, , , , , , , , , , , , , , , , , , , , , , , , , , , , , , , , , ,2, , , , , , , , , , , 
2024-10-19 07:57:47.895 UTC, , , , , , , , , ,125,3216893,68240,2800, ,11, ,4, , , , , , , , , ,11,11, , , ,6,6,14, ,2, , , , , , , , , , , , , , ,69156,8, ,68873, , , , ,69207,244271132672,17,17,17,17, , , , , , , , , , , , , , , , , , , , , , , , , , , , , , , , ,69207,1729322904395,,, , , , , , , , , ,3145728,69156, , , , , , , , , , , , ,3, , , ,1, , , , , , , , , , , , , , , , , , , ,1,3,88863432,2, , , , , , ,4, , , , , , , , , , , , , , , , , , , , , , , , , , , , , , , , , ,4, , , , , , , , , , , 
2024-10-19 07:58:47.905 UTC, , , , , , , , , ,125,3216893,68240,2800, ,11, ,4, , , , , , , , , ,11,11, , , ,6,6,14, ,2, , , , , , , , , , , , , , ,69156,8, ,68873, , , , ,69207,244271128576,17,17,17,17, , , , , , , , , , , , , , , , , , , , , , , , , , , , , , , , ,69207,1729322904395,,, , , , , , , , , ,3145728,69156, , , , , , , , , , , , ,3, , , ,1, , , , , , , , , , , , , , , , , , , ,1,2,81313376,2, , , , , , ,4, , , , , , , , , , , , , , , , , , , , , , , , , , , , , , , , , ,4, , , , , , , , , , , 
2024-10-19 07:59:47.912 UTC, , , , , , , , , ,125,3216893,68240,2800, ,11, ,4, , , , , , , , , ,11,11, , , ,6,6,14, ,2, , , , , , , , , , , , , , ,69156,8, ,68873, , , , ,69207,244271128576,17,17,17,17, , , , , , , , , , , , , , , , , , , , , , , , , , , , , , , , ,69207,1729322904395,,, , , , , , , , , ,3145728,69156, , , , , , , , , , , , ,3, , , ,1, , , , , , , , , , , , , , , ,2,5, , ,1,3,73967240,2, , , , , , ,4, , , , , , , , , , , , , , , , , , , , , , , , , , , , , , , , , ,4, , , , , , , , , , , 
2024-10-19 08:00:47.919 UTC, , , , , , , , , ,125,3216893,68240,2800, ,11, ,4, , , , , , , , , ,11,11, , , ,6,6,14, ,2, , , , , , , , , , , , , , ,69156,8, ,68873, , , , ,69207,244271120384,17,17,17,17, , , , , , , , , , , , , , , , , , , , , , , , , , , , , , , , ,69207,1729322904395,,, , , , , , , , , ,3145728,69156, , , , , , , , , , , , ,3, , , ,1, , , , , , , , , , , , , , , , , , , ,1,2,66677360,2, , , , , , ,4, , , , , , , , , , , , , , , , , , , , , , , , , , , , , , , , , ,4, , , , , , , , , , , 
2024-10-19 08:01:47.924 UTC, , , , , , , , , ,125,3216893,68240,2800, ,11, ,2, , , , , , , , , ,11,11, , , ,6,6,14, ,1, , , , , , , , , , , , , , ,69156,8, ,68873, , , , ,69207,244271116288,17,17,17,17, , , , , , , , , , , , , , , , , , , , , , , , , , , , , , , , ,69207,1729322904395,,, , , , , , , , , ,3145728,69156, , , , , , , , , , , , ,3, , , ,1, , , , , , , , , , , , , , , , , , , ,1,4,59149872,2, , , , , , ,2, , , , , , , , , , , , , , , , , , , , , , , , , , , , , , , , , ,2, , , , , , , , , , , 
2024-10-19 08:02:47.931 UTC, , , , , , , , , ,125,3216893,68240,2800, ,11, ,4, , , , , , , , , ,11,11, , , ,6,6,14, ,2, , , , , , , , , , , , , , ,69156,8, ,68873, , , , ,69207,244271112192,17,17,17,17, , , , , , , , , , , , , , , , , , , , , , , , , , , , , , , , ,69207,1729322904395,,, , , , , , , , , ,3145728,69156, , , , , , , , , , , , ,3, , , ,1, , , , , , , , , , , , , , , ,2,5, , ,1,2,51914640,2, , , , , , ,4, , , , , , , , , , , , , , , , , , , , , , , , , , , , , , , , , ,4, , , , , , , , , , , 
2024-10-19 08:03:47.939 UTC, , , , , , , , , ,125,3216893,68240,2800, ,11, ,4, , , , , , , , , ,11,11, , , ,6,6,14, ,2, , , , , , , , , , , , , , ,69156,8, ,68873, , , , ,69207,244271112192,17,17,17,17, , , , , , , , , , , , , , , , , , , , , , , , , , , , , , , , ,69207,1729322904395,,, , , , , , , , , ,3145728,69156, , , , , , , , , , , , ,3, , , ,1, , , , , , , , , , , , , , , , , , , , , ,106440592,2, , , , , , ,4, , , , , , , , , , , , , , , , , , , , , , , , , , , , , , , , , ,4, , , , , , , , , , , 
2024-10-19 08:04:47.946 UTC, , , , , , , , , ,125,3216893,68240,2800, ,11, ,4, , , , , , , , , ,11,11, , , ,6,6,14, ,2, , , , , , , , , , , , , , ,69156,8, ,68873, , , , ,69207,244271108096,17,17,17,17, , , , , , , , , , , , , , , , , , , , , , , , , , , , , , , , ,69207,1729322904395,,, , , , , , , , , ,3145728,69156, , , , , , , , , , , , ,3, , , ,1, , , , , , , , , , , , , , , , , , , ,1,4,99147016,3, , , , , , ,4, , , , , , , , , , , , , , , , , , , , , , , , , , , , , , , , , ,4, , , , , , , , , , , 
2024-10-19 08:05:47.954 UTC, , , , , , , , , ,125,3216893,68240,2800, ,11, ,2, , , , , , , , , ,11,11, , , ,6,6,14, ,1, , , , , , , , , , , , , , ,69156,8, ,68873, , , , ,69207,244270989312,17,17,17,17, , , , , , , , , , , , , , , , , , , , , , , , , , , , , , , , ,69207,1729322904395,,, , , , , , , , , ,3145728,69156, , , , , , , , , , , , ,3, , , ,1, , , , , , , , , , , , , , , , , , , ,1,2,91656480,2, , , , , , ,2, , , , , , , , , , , , , , , , , , , , , , , , , , , , , , , , , ,2, , , , , , , , , , , 
2024-10-19 08:06:47.963 UTC, , , , , , , , , ,125,3216893,68240,2800, ,11, ,4, , , , , , , , , ,11,11, , , ,6,6,14, ,2, , , , , , , , , , , , , , ,69156,8, ,68873, , , , ,69207,244270989312,17,17,17,17, , , , , , , , , , , , , , , , , , , , , , , , , , , , , , , , ,69207,1729322904395,,, , , , , , , , , ,3145728,69156, , , , , , , , , , , , ,3, , , ,1, , , , , , , , , , , , , , , ,2,5, , ,1,2,84394920,2, , , , , , ,4, , , , , , , , , , , , , , , , , , , , , , , , , , , , , , , , , ,4, , , , , , , , , , , 
2024-10-19 08:07:47.971 UTC, , , , , , , , , ,125,3216893,68240,2800, ,11, ,4, , , , , , , , , ,11,11, , , ,6,6,14, ,2, , , , , , , , , , , , , , ,69156,8, ,68873, , , , ,69207,244270989312,17,17,17,17, , , , , , , , , , , , , , , , , , , , , , , , , , , , , , , , ,69207,1729322904395,,, , , , , , , , , ,3145728,69156, , , , , , , , , , , , ,3, , , ,1, , , , , , , , , , , , , , , , , , , ,1,2,77041944,2, , , , , , ,4, , , , , , , , , , , , , , , , , , , , , , , , , , , , , , , , , ,4, , , , , , , , , , , 
2024-10-19 08:08:47.978 UTC, , , , , , , , , ,125,3216893,68240,2800, ,11, ,4, , , , , , , , , ,11,11, , , ,6,6,14, ,2, , , , , , , , , , , , , , ,69156,8, ,68873, , , , ,69207,244270985216,17,17,17,17, , , , , , , , , , , , , , , , , , , , , , , , , , , , , , , , ,69207,1729322904395,,, , , , , , , , , ,3145728,69156, , , , , , , , , , , , ,3, , , ,1, , , , , , , , , , , , , , , , , , , ,1,5,69572840,2, , , , , , ,4, , , , , , , , , , , , , , , , , , , , , , , , , , , , , , , , , ,4, , , , , , , , , , , 
2024-10-19 08:09:47.984 UTC, , , , , , , , , ,125,3216893,68240,2800, ,11, ,4, , , , , , , , , ,11,11, , , ,6,6,14, ,2, , , , , , , , , , , , , , ,69156,8, ,68873, , , , ,69207,244270985216,17,17,17,17, , , , , , , , , , , , , , , , , , , , , , , , , , , , , , , , ,69207,1729322904395,,, , , , , , , , , ,3145728,69156, , , , , , , , , , , , ,3, , , ,1, , , , , , , , , , , , , , , ,2,4, , ,1,3,62292168,2, , , , , , ,4, , , , , , , , , , , , , , , , , , , , , , , , , , , , , , , , , ,4, , , , , , , , , , , 
2024-10-19 08:10:47.991 UTC, , , , , , , , , ,125,3216893,68240,2800, ,11, ,2, , , , , , , , , ,11,11, , , ,6,6,14, ,1, , , , , , , , , , , , , , ,69156,8, ,68873, , , , ,69207,244270985216,17,17,17,17, , , , , , , , , , , , , , , , , , , , , , , , , , , , , , , , ,69207,1729322904395,,, , , , , , , , , ,3145728,69156, , , , , , , , , , , , ,3, , , ,1, , , , , , , , , , , , , , , , , , , ,1,2,54984552,2, , , , , , ,2, , , , , , , , , , , , , , , , , , , , , , , , , , , , , , , , , ,2, , , , , , , , , , , 
2024-10-19 08:11:47.996 UTC, , , , , , , , , ,125,3216893,68240,2800, ,11, ,4, , , , , , , , , ,11,11, , , ,6,6,14, ,2, , , , , , , , , , , , , , ,69156,8, ,68873, , , , ,69207,244270985216,17,17,17,17, , , , , , , , , , , , , , , , , , , , , , , , , , , , , , , , ,69207,1729322904395,,, , , , , , , , , ,3145728,69156, , , , , , , , , , , , ,3, , , ,1, , , , , , , , , , , , , , , , , , , , , ,109510504,2, , , , , , ,4, , , , , , , , , , , , , , , , , , , , , , , , , , , , , , , , , ,4, , , , , , , , , , , 
2024-10-19 08:12:48.002 UTC, , , , , , , , , ,125,3216893,68240,2800, ,11, ,4, , , , , , , , , ,11,11, , , ,6,6,14, ,2, , , , , , , , , , , , , , ,69156,8, ,68873, , , , ,69207,244270985216,17,17,17,17, , , , , , , , , , , , , , , , , , , , , , , , , , , , , , , , ,69207,1729322904395,,, , , , , , , , , ,3145728,69156, , , , , , , , , , , , ,3, , , ,1, , , , , , , , , , , , , , , , , , , ,1,4,101954544,2, , , , , , ,4, , , , , , , , , , , , , , , , , , , , , , , , , , , , , , , , , ,4, , , , , , , , , , , 
2024-10-19 08:13:48.008 UTC, , , , , , , , , ,125,3216893,68240,2800, ,11, ,4, , , , , , , , , ,11,11, , , ,6,6,14, ,2, , , , , , , , , , , , , , ,69156,8, ,68873, , , , ,69207,244270985216,17,17,17,17, , , , , , , , , , , , , , , , , , , , , , , , , , , , , , , , ,69207,1729322904395,,, , , , , , , , , ,3145728,69156, , , , , , , , , , , , ,3, , , ,1, , , , , , , , , , , , , , , ,2,5, , ,1,2,95758272,2, , , , , , ,4, , , , , , , , , , , , , , , , , , , , , , , , , , , , , , , , , ,4, , , , , , , , , , , 
2024-10-19 08:14:48.013 UTC, , , , , , , , , ,125,3216893,68240,2800, ,11, ,2, , , , , , , , , ,11,11, , , ,6,6,14, ,1, , , , , , , , , , , , , , ,69156,8, ,68873, , , , ,69207,244270985216,17,17,17,17, , , , , , , , , , , , , , , , , , , , , , , , , , , , , , , , ,69207,1729322904395,,, , , , , , , , , ,3145728,69156, , , , , , , , , , , , ,3, , , ,1, , , , , , , , , , , , , , , , , , , ,1,3,87341712,2, , , , , , ,2, , , , , , , , , , , , , , , , , , , , , , , , , , , , , , , , , ,2, , , , , , , , , , , 
2024-10-19 08:15:48.021 UTC, , , , , , , , , ,125,3216893,68240,2800, ,11, ,4, , , , , , , , , ,11,11, , , ,6,6,14, ,2, , , , , , , , , , , , , , ,69156,8, ,68873, , , , ,69207,244270985216,17,17,17,17, , , , , , , , , , , , , , , , , , , , , , , , , , , , , , , , ,69207,1729322904395,,, , , , , , , , , ,3145728,69156, , , , , , , , , , , , ,3, , , ,1, , , , , , , , , , , , , , , , , , , ,1,367,80781888,1, , , , , , ,4, , , , , , , , , , , , , , , , , , , , , , , , , , , , , , , , , ,4, , , , , , , , , , , 
2024-10-19 08:16:48.029 UTC, , , , , , , , , ,125,3216893,68240,2800, ,11, ,4, , , , , , , , , ,11,11, , , ,6,6,14, ,2, , , , , , , , , , , , , , ,69156,8, ,68873, , , , ,69207,244270981120,17,17,17,17, , , , , , , , , , , , , , , , , , , , , , , , , , , , , , , , ,69207,1729322904395,,, , , , , , , , , ,3145728,69156, , , , , , , , , , , , ,3, , , ,1, , , , , , , , , , , , , , , ,2,11, , ,1,2,73403504,2, , , , , , ,4, , , , , , , , , , , , , , , , , , , , , , , , , , , , , , , , , ,4, , , , , , , , , , , 
2024-10-19 08:17:48.033 UTC, , , , , , , , , ,125,3216893,68240,2800, ,11, ,4, , , , , , , , , ,11,11, , , ,6,6,14, ,2, , , , , , , , , , , , , , ,69156,8, ,68873, , , , ,69207,244270981120,17,17,17,17, , , , , , , , , , , , , , , , , , , , , , , , , , , , , , , , ,69207,1729322904395,,, , , , , , , , , ,3145728,69156, , , , , , , , , , , , ,3, , , ,1, , , , , , , , , , , , , , , , , , , ,1,4,66130488,2, , , , , , ,4, , , , , , , , , , , , , , , , , , , , , , , , , , , , , , , , , ,4, , , , , , , , , , , 
2024-10-19 08:18:48.041 UTC, , , , , , , , , ,125,3216893,68240,2800, ,11, ,4, , , , , , , , , ,11,11, , , ,6,6,14, ,2, , , , , , , , , , , , , , ,69156,8, ,68873, , , , ,69207,244270981120,17,17,17,17, , , , , , , , , , , , , , , , , , , , , , , , , , , , , , , , ,69207,1729322904395,,, , , , , , , , , ,3145728,69156, , , , , , , , , , , , ,3, , , ,1, , , , , , , , , , , , , , , , , , , ,1,4,58633176,2, , , , , , ,4, , , , , , , , , , , , , , , , , , , , , , , , , , , , , , , , , ,4, , , , , , , , , , , 
2024-10-19 08:19:48.046 UTC, , , , , , , , , ,125,3216893,68240,2800, ,11, ,2, , , , , , , , , ,11,11, , , ,6,6,14, ,1, , , , , , , , , , , , , , ,69156,8, ,68873, , , , ,69207,244270981120,17,17,17,17, , , , , , , , , , , , , , , , , , , , , , , , , , , , , , , , ,69207,1729322904395,,, , , , , , , , , ,3145728,69156, , , , , , , , , , , , ,3, , , ,1, , , , , , , , , , , , , , , ,2,75, , ,1,2,51387592,2, , , , , , ,2, , , , , , , , , , , , , , , , , , , , , , , , , , , , , , , , , ,2, , , , , , , , , , , 
2024-10-19 08:20:48.054 UTC, , , , , , , , , ,125,3216893,68240,2800, ,11, ,4, , , , , , , , , ,11,11, , , ,6,6,14, ,2, , , , , , , , , , , , , , ,69156,8, ,68873, , , , ,69207,244270981120,17,17,17,17, , , , , , , , , , , , , , , , , , , , , , , , , , , , , , , , ,69207,1729322904395,,, , , , , , , , , ,3145728,69156, , , , , , , , , , , , ,3, , , ,1, , , , , , , , , , , , , , , , , , , , , ,105913544,2, , , , , , ,4, , , , , , , , , , , , , , , , , , , , , , , , , , , , , , , , , ,4, , , , , , , , , , , 
2024-10-19 08:21:48.059 UTC, , , , , , , , , ,125,3216893,68240,2800, ,11, ,4, , , , , , , , , ,11,11, , , ,6,6,14, ,2, , , , , , , , , , , , , , ,69156,8, ,68873, , , , ,69207,244270981120,17,17,17,17, , , , , , , , , , , , , , , , , , , , , , , , , , , , , , , , ,69207,1729322904395,,, , , , , , , , , ,3145728,69156, , , , , , , , , , , , ,3, , , ,1, , , , , , , , , , , , , , , , , , , ,1,3,98616488,2, , , , , , ,4, , , , , , , , , , , , , , , , , , , , , , , , , , , , , , , , , ,4, , , , , , , , , , , 
2024-10-19 08:22:48.067 UTC, , , , , , , , , ,125,3216893,68240,2800, ,11, ,4, , , , , , , , , ,11,11, , , ,6,6,14, ,2, , , , , , , , , , , , , , ,69156,8, ,68873, , , , ,69207,244270981120,17,17,17,17, , , , , , , , , , , , , , , , , , , , , , , , , , , , , , , , ,69207,1729322904395,,, , , , , , , , , ,3145728,69156, , , , , , , , , , , , ,3, , , ,1, , , , , , , , , , , , , , , ,2,5, , ,1,2,91241528,2, , , , , , ,4, , , , , , , , , , , , , , , , , , , , , , , , , , , , , , , , , ,4, , , , , , , , , , , 
2024-10-19 08:23:48.072 UTC, , , , , , , , , ,125,3216893,68240,2800, ,11, ,2, , , , , , , , , ,11,11, , , ,6,6,14, ,1, , , , , , , , , , , , , , ,69156,8, ,68873, , , , ,69207,244270981120,17,17,17,17, , , , , , , , , , , , , , , , , , , , , , , , , , , , , , , , ,69207,1729322904395,,, , , , , , , , , ,3145728,69156, , , , , , , , , , , , ,3, , , ,1, , , , , , , , , , , , , , , , , , , ,1,3,83913824,2, , , , , , ,2, , , , , , , , , , , , , , , , , , , , , , , , , , , , , , , , , ,2, , , , , , , , , , , 
2024-10-19 08:24:48.083 UTC, , , , , , , , , ,125,3216893,68240,2800, ,11, ,4, , , , , , , , , ,11,11, , , ,6,6,14, ,2, , , , , , , , , , , , , , ,69156,8, ,68873, , , , ,69207,244270977024,17,17,17,17, , , , , , , , , , , , , , , , , , , , , , , , , , , , , , , , ,69207,1729322904395,,, , , , , , , , , ,3145728,69156, , , , , , , , , , , , ,3, , , ,1, , , , , , , , , , , , , , , ,2,6, , ,1,2,76622168,2, , , , , , ,4, , , , , , , , , , , , , , , , , , , , , , , , , , , , , , , , , ,4, , , , , , , , , , , 
2024-10-19 08:25:48.088 UTC, , , , , , , , , ,125,3216893,68240,2800, ,11, ,4, , , , , , , , , ,11,11, , , ,6,6,14, ,2, , , , , , , , , , , , , , ,69156,8, ,68873, , , , ,69207,244270977024,17,17,17,17, , , , , , , , , , , , , , , , , , , , , , , , , , , , , , , , ,69207,1729322904395,,, , , , , , , , , ,3145728,69156, , , , , , , , , , , , ,3, , , ,1, , , , , , , , , , , , , , , , , , , ,1,4,69284440,2, , , , , , ,4, , , , , , , , , , , , , , , , , , , , , , , , , , , , , , , , , ,4, , , , , , , , , , , 
2024-10-19 08:26:48.095 UTC, , , , , , , , , ,125,3216893,68240,2800, ,11, ,4, , , , , , , , , ,11,11, , , ,6,6,14, ,2, , , , , , , , , , , , , , ,69156,8, ,68873, , , , ,69207,244270977024,17,17,17,17, , , , , , , , , , , , , , , , , , , , , , , , , , , , , , , , ,69207,1729322904395,,, , , , , , , , , ,3145728,69156, , , , , , , , , , , , ,3, , , ,1, , , , , , , , , , , , , , , ,2,18, , ,1,3,61970864,2, , , , , , ,4, , , , , , , , , , , , , , , , , , , , , , , , , , , , , , , , , ,4, , , , , , , , , , , 
2024-10-19 08:27:48.101 UTC, , , , , , , , , ,125,3216893,68240,2800, ,11, ,4, , , , , , , , , ,11,11, , , ,6,6,14, ,2, , , , , , , , , , , , , , ,69156,8, ,68873, , , , ,69207,244270977024,17,17,17,17, , , , , , , , , , , , , , , , , , , , , , , , , , , , , , , , ,69207,1729322904395,,, , , , , , , , , ,3145728,69156, , , , , , , , , , , , ,3, , , ,1, , , , , , , , , , , , , , , , , , , ,1,7,54583336,2, , , , , , ,4, , , , , , , , , , , , , , , , , , , , , , , , , , , , , , , , , ,4, , , , , , , , , , , 
2024-10-19 08:28:48.110 UTC, , , , , , , , , ,125,3216893,68240,2800, ,11, ,2, , , , , , , , , ,11,11, , , ,6,6,14, ,1, , , , , , , , , , , , , , ,69156,8, ,68873, , , , ,69207,244270977024,17,17,17,17, , , , , , , , , , , , , , , , , , , , , , , , , , , , , , , , ,69207,1729322904395,,, , , , , , , , , ,3145728,69156, , , , , , , , , , , , ,3, , , ,1, , , , , , , , , , , , , , , , , , , , , ,108060712,2, , , , , , ,2, , , , , , , , , , , , , , , , , , , , , , , , , , , , , , , , , ,2, , , , , , , , , , , 
2024-10-19 08:29:48.118 UTC, , , , , , , , , ,125,3216893,68240,2800, ,11, ,4, , , , , , , , , ,11,11, , , ,6,6,14, ,2, , , , , , , , , , , , , , ,69156,8, ,68873, , , , ,69207,244270977024,17,17,17,17, , , , , , , , , , , , , , , , , , , , , , , , , , , , , , , , ,69207,1729322904395,,, , , , , , , , , ,3145728,69156, , , , , , , , , , , , ,3, , , ,1, , , , , , , , , , , , , , , ,2,9, , ,1,2,101773960,2, , , , , , ,4, , , , , , , , , , , , , , , , , , , , , , , , , , , , , , , , , ,4, , , , , , , , , , , 
2024-10-19 08:30:48.180 UTC, , , , , , , , , ,125,3216893,68240,2800, ,11, ,4, , , , , , , , , ,11,11, , , ,6,6,14, ,2, , , , , , , , , , , , , , ,69156,8, ,68873, , , , ,69207,244270977024,17,17,17,17, , , , , , , , , , , , , , , , , , , , , , , , , , , , , , , , ,69207,1729322904395,,, , , , , , , , , ,3145728,69156, , , , , , , , , , , , ,3, , , ,1, , , , , , , , , , , , , , , , , , , ,1,3,94483224,2, , , , , , ,4, , , , , , , , , , , , , , , , , , , , , , , , , , , , , , , , , ,4, , , , , , , , , , , 
2024-10-19 08:31:48.188 UTC, , , , , , , , , ,125,3216893,68240,2800, ,11, ,4, , , , , , , , , ,11,11, , , ,6,6,14, ,2, , , , , , , , , , , , , , ,69156,8, ,68873, , , , ,69207,244270878720,17,17,17,17, , , , , , , , , , , , , , , , , , , , , , , , , , , , , , , , ,69207,1729322904395,,, , , , , , , , , ,3145728,69156, , , , , , , , , , , , ,3, , , ,1, , , , , , , , , , , , , , , ,2,5, , ,1,3,87139920,2, , , , , , ,4, , , , , , , , , , , , , , , , , , , , , , , , , , , , , , , , , ,4, , , , , , , , , , , 
2024-10-19 08:32:48.195 UTC, , , , , , , , , ,125,3216893,68240,2800, ,11, ,4, , , , , , , , , ,11,11, , , ,6,6,14, ,2, , , , , , , , , , , , , , ,69156,8, ,68873, , , , ,69207,244270874624,17,17,17,17, , , , , , , , , , , , , , , , , , , , , , , , , , , , , , , , ,69207,1729322904395,,, , , , , , , , , ,3145728,69156, , , , , , , , , , , , ,3, , , ,1, , , , , , , , , , , , , , , , , , , ,1,2,79845688,2, , , , , , ,4, , , , , , , , , , , , , , , , , , , , , , , , , , , , , , , , , ,4, , , , , , , , , , , 
2024-10-19 08:33:48.201 UTC, , , , , , , , , ,125,3216893,68240,2800, ,11, ,2, , , , , , , , , ,11,11, , , ,6,6,14, ,1, , , , , , , , , , , , , , ,69156,8, ,68873, , , , ,69207,244270874624,17,17,17,17, , , , , , , , , , , , , , , , , , , , , , , , , , , , , , , , ,69207,1729322904395,,, , , , , , , , , ,3145728,69156, , , , , , , , , , , , ,3, , , ,1, , , , , , , , , , , , , , , ,2,5, , ,1,2,72510744,2, , , , , , ,2, , , , , , , , , , , , , , , , , , , , , , , , , , , , , , , , , ,2, , , , , , , , , , , 
2024-10-19 08:34:48.207 UTC, , , , , , , , , ,125,3216893,68240,2800, ,11, ,4, , , , , , , , , ,11,11, , , ,6,6,14, ,2, , , , , , , , , , , , , , ,69156,8, ,68873, , , , ,69207,244270874624,17,17,17,17, , , , , , , , , , , , , , , , , , , , , , , , , , , , , , , , ,69207,1729322904395,,, , , , , , , , , ,3145728,69156, , , , , , , , , , , , ,3, , , ,1, , , , , , , , , , , , , , , , , , , ,1,3,65224344,2, , , , , , ,4, , , , , , , , , , , , , , , , , , , , , , , , , , , , , , , , , ,4, , , , , , , , , , , 
2024-10-19 08:35:48.214 UTC, , , , , , , , , ,125,3216893,68240,2800, ,11, ,4, , , , , , , , , ,11,11, , , ,6,6,14, ,2, , , , , , , , , , , , , , ,69156,8, ,68873, , , , ,69207,244270874624,17,17,17,17, , , , , , , , , , , , , , , , , , , , , , , , , , , , , , , , ,69207,1729322904395,,, , , , , , , , , ,3145728,69156, , , , , , , , , , , , ,3, , , ,1, , , , , , , , , , , , , , , ,2,5, , ,1,3,57863216,2, , , , , , ,4, , , , , , , , , , , , , , , , , , , , , , , , , , , , , , , , , ,4, , , , , , , , , , , 
2024-10-19 08:36:48.223 UTC, , , , , , , , , ,125,3216893,68240,2800, ,11, ,4, , , , , , , , , ,11,11, , , ,6,6,14, ,2, , , , , , , , , , , , , , ,69156,8, ,68873, , , , ,69207,244270874624,17,17,17,17, , , , , , , , , , , , , , , , , , , , , , , , , , , , , , , , ,69207,1729322904395,,, , , , , , , , , ,3145728,69156, , , , , , , , , , , , ,3, , , ,1, , , , , , , , , , , , , , , , , , , ,1,2,50533136,2, , , , , , ,4, , , , , , , , , , , , , , , , , , , , , , , , , , , , , , , , , ,4, , , , , , , , , , , 
2024-10-19 08:37:48.228 UTC, , , , , , , , , ,125,3216893,68240,2800, ,11, ,2, , , , , , , , , ,11,11, , , ,6,6,14, ,1, , , , , , , , , , , , , , ,69156,8, ,68873, , , , ,69207,244270874624,17,17,17,17, , , , , , , , , , , , , , , , , , , , , , , , , , , , , , , , ,69207,1729322904395,,, , , , , , , , , ,3145728,69156, , , , , , , , , , , , ,3, , , ,1, , , , , , , , , , , , , , , , , , , , , ,104010512,2, , , , , , ,2, , , , , , , , , , , , , , , , , , , , , , , , , , , , , , , , , ,2, , , , , , , , , , , 
2024-10-19 08:38:48.235 UTC, , , , , , , , , ,125,3216893,68240,2800, ,11, ,4, , , , , , , , , ,11,11, , , ,6,6,14, ,2, , , , , , , , , , , , , , ,69156,8, ,68873, , , , ,69207,244270874624,17,17,17,17, , , , , , , , , , , , , , , , , , , , , , , , , , , , , , , , ,69207,1729322904395,,, , , , , , , , , ,3145728,69156, , , , , , , , , , , , ,3, , , ,1, , , , , , , , , , , , , , , ,2,4, , ,1,3,97705880,2, , , , , , ,4, , , , , , , , , , , , , , , , , , , , , , , , , , , , , , , , , ,4, , , , , , , , , , , 
2024-10-19 08:39:48.241 UTC, , , , , , , , , ,125,3216893,68240,2800, ,11, ,4, , , , , , , , , ,11,11, , , ,6,6,14, ,2, , , , , , , , , , , , , , ,69156,8, ,68873, , , , ,69207,244270874624,17,17,17,17, , , , , , , , , , , , , , , , , , , , , , , , , , , , , , , , ,69207,1729322904395,,, , , , , , , , , ,3145728,69156, , , , , , , , , , , , ,3, , , ,1, , , , , , , , , , , , , , , , , , , ,1,2,90353160,2, , , , , , ,4, , , , , , , , , , , , , , , , , , , , , , , , , , , , , , , , , ,4, , , , , , , , , , , 
2024-10-19 08:40:48.298 UTC, , , , , , , , , ,125,3216893,68240,2800, ,11, ,4, , , , , , , , , ,11,11, , , ,6,6,14, ,2, , , , , , , , , , , , , , ,69156,8, ,68873, , , , ,69207,244270870528,17,17,17,17, , , , , , , , , , , , , , , , , , , , , , , , , , , , , , , , ,69207,1729322904395,,, , , , , , , , , ,3145728,69156, , , , , , , , , , , , ,3, , , ,1, , , , , , , , , , , , , , , ,2,48, , ,1,2,83078160,1, , , , , , ,4, , , , , , , , , , , , , , , , , , , , , , , , , , , , , , , , , ,4, , , , , , , , , , , 
2024-10-19 08:41:48.304 UTC, , , , , , , , , ,125,3216893,68240,2800, ,11, ,4, , , , , , , , , ,11,11, , , ,6,6,14, ,2, , , , , , , , , , , , , , ,69156,8, ,68873, , , , ,69207,244270870528,17,17,17,17, , , , , , , , , , , , , , , , , , , , , , , , , , , , , , , , ,69207,1729322904395,,, , , , , , , , , ,3145728,69156, , , , , , , , , , , , ,3, , , ,1, , , , , , , , , , , , , , , , , , , ,1,3,75707280,2, , , , , , ,4, , , , , , , , , , , , , , , , , , , , , , , , , , , , , , , , , ,4, , , , , , , , , , , 
2024-10-19 08:42:48.310 UTC, , , , , , , , , ,125,3216893,68240,2800, ,11, ,2, , , , , , , , , ,11,11, , , ,6,6,14, ,1, , , , , , , , , , , , , , ,69156,8, ,68873, , , , ,69207,244270870528,17,17,17,17, , , , , , , , , , , , , , , , , , , , , , , , , , , , , , , , ,69207,1729322904395,,, , , , , , , , , ,3145728,69156, , , , , , , , , , , , ,3, , , ,1, , , , , , , , , , , , , , , ,2,5, , ,1,2,67305448,2, , , , , , ,2, , , , , , , , , , , , , , , , , , , , , , , , , , , , , , , , , ,2, , , , , , , , , , , 
2024-10-19 08:43:48.316 UTC, , , , , , , , , ,125,3216893,68240,2800, ,11, ,4, , , , , , , , , ,11,11, , , ,6,6,14, ,2, , , , , , , , , , , , , , ,69156,8, ,68873, , , , ,69207,244270804992,17,17,17,17, , , , , , , , , , , , , , , , , , , , , , , , , , , , , , , , ,69207,1729322904395,,, , , , , , , , , ,3145728,69156, , , , , , , , , , , , ,3, , , ,1, , , , , , , , , , , , , , , , , , , ,1,3,59950952,2, , , , , , ,4, , , , , , , , , , , , , , , , , , , , , , , , , , , , , , , , , ,4, , , , , , , , , , , 
2024-10-19 08:44:48.347 UTC, , , , , , , , , ,125,3216893,68240,2800, ,11, ,4, , , , , , , , , ,11,11, , , ,6,6,14, ,2, , , , , , , , , , , , , , ,69156,8, ,68873, , , , ,69207,244270804992,17,17,17,17, , , , , , , , , , , , , , , , , , , , , , , , , , , , , , , , ,69207,1729322904395,,, , , , , , , , , ,3145728,69156, , , , , , , , , , , , ,3, , , ,1, , , , , , , , , , , , , , , ,2,6, , ,1,3,52635608,2, , , , , , ,4, , , , , , , , , , , , , , , , , , , , , , , , , , , , , , , , , ,4, , , , , , , , , , , 
2024-10-19 08:45:48.355 UTC, , , , , , , , , ,125,3216893,68240,2800, ,11, ,4, , , , , , , , , ,11,11, , , ,6,6,14, ,2, , , , , , , , , , , , , , ,69156,8, ,68873, , , , ,69207,244270804992,17,17,17,17, , , , , , , , , , , , , , , , , , , , , , , , , , , , , , , , ,69207,1729322904395,,, , , , , , , , , ,3145728,69156, , , , , , , , , , , , ,3, , , ,1, , , , , , , , , , , , , , , , , , , , , ,107161560,2, , , , , , ,4, , , , , , , , , , , , , , , , , , , , , , , , , , , , , , , , , ,4, , , , , , , , , , , 
2024-10-19 08:46:48.361 UTC, , , , , , , , , ,125,3216893,68240,2800, ,11, ,2, , , , , , , , , ,11,11, , , ,6,6,14, ,1, , , , , , , , , , , , , , ,69156,8, ,68873, , , , ,69207,244270804992,17,17,17,17, , , , , , , , , , , , , , , , , , , , , , , , , , , , , , , , ,69207,1729322904395,,, , , , , , , , , ,3145728,69156, , , , , , , , , , , , ,3, , , ,1, , , , , , , , , , , , , , , , , , , ,1,2,99872432,2, , , , , , ,2, , , , , , , , , , , , , , , , , , , , , , , , , , , , , , , , , ,2, , , , , , , , , , , 
2024-10-19 08:47:48.367 UTC, , , , , , , , , ,125,3216893,68240,2800, ,11, ,4, , , , , , , , , ,11,11, , , ,6,6,14, ,2, , , , , , , , , , , , , , ,69156,8, ,68873, , , , ,69207,244270804992,17,17,17,17, , , , , , , , , , , , , , , , , , , , , , , , , , , , , , , , ,69207,1729322904395,,, , , , , , , , , ,3145728,69156, , , , , , , , , , , , ,3, , , ,1, , , , , , , , , , , , , , , ,2,5, , ,1,2,92491328,2, , , , , , ,4, , , , , , , , , , , , , , , , , , , , , , , , , , , , , , , , , ,4, , , , , , , , , , , 
2024-10-19 08:48:48.374 UTC, , , , , , , , , ,125,3216893,68240,2800, ,11, ,4, , , , , , , , , ,11,11, , , ,6,6,14, ,2, , , , , , , , , , , , , , ,69156,8, ,68873, , , , ,69207,244270800896,17,17,17,17, , , , , , , , , , , , , , , , , , , , , , , , , , , , , , , , ,69207,1729322904395,,, , , , , , , , , ,3145728,69156, , , , , , , , , , , , ,3, , , ,1, , , , , , , , , , , , , , , , , , , ,1,2,85128248,2, , , , , , ,4, , , , , , , , , , , , , , , , , , , , , , , , , , , , , , , , , ,4, , , , , , , , , , , 
2024-10-19 08:49:48.382 UTC, , , , , , , , , ,125,3216893,68240,2800, ,11, ,4, , , , , , , , , ,11,11, , , ,6,6,14, ,2, , , , , , , , , , , , , , ,69156,8, ,68873, , , , ,69207,244270800896,17,17,17,17, , , , , , , , , , , , , , , , , , , , , , , , , , , , , , , , ,69207,1729322904395,,, , , , , , , , , ,3145728,69156, , , , , , , , , , , , ,3, , , ,1, , , , , , , , , , , , , , , ,2,6, , ,1,3,77791328,2, , , , , , ,4, , , , , , , , , , , , , , , , , , , , , , , , , , , , , , , , , ,4, , , , , , , , , , , 
2024-10-19 08:50:48.387 UTC, , , , , , , , , ,125,3216893,68240,2800, ,11, ,4, , , , , , , , , ,11,11, , , ,6,6,14, ,2, , , , , , , , , , , , , , ,69156,8, ,68873, , , , ,69207,244270800896,17,17,17,17, , , , , , , , , , , , , , , , , , , , , , , , , , , , , , , , ,69207,1729322904395,,, , , , , , , , , ,3145728,69156, , , , , , , , , , , , ,3, , , ,1, , , , , , , , , , , , , , , , , , , ,1,3,69408560,2, , , , , , ,4, , , , , , , , , , , , , , , , , , , , , , , , , , , , , , , , , ,4, , , , , , , , , , , 
2024-10-19 08:51:48.392 UTC, , , , , , , , , ,125,3216893,68240,2800, ,11, ,2, , , , , , , , , ,11,11, , , ,6,6,14, ,1, , , , , , , , , , , , , , ,69156,8, ,68873, , , , ,69207,244270800896,17,17,17,17, , , , , , , , , , , , , , , , , , , , , , , , , , , , , , , , ,69207,1729322904395,,, , , , , , , , , ,3145728,69156, , , , , , , , , , , , ,3, , , ,1, , , , , , , , , , , , , , , ,2,8, , ,1,3,62127640,2, , , , , , ,2, , , , , , , , , , , , , , , , , , , , , , , , , , , , , , , , , ,2, , , , , , , , , , , 
2024-10-19 08:52:48.399 UTC, , , , , , , , , ,125,3216893,68240,2800, ,11, ,4, , , , , , , , , ,11,11, , , ,6,6,14, ,2, , , , , , , , , , , , , , ,69156,8, ,68873, , , , ,69207,244270800896,17,17,17,17, , , , , , , , , , , , , , , , , , , , , , , , , , , , , , , , ,69207,1729322904395,,, , , , , , , , , ,3145728,69156, , , , , , , , , , , , ,3, , , ,1, , , , , , , , , , , , , , , , , , , ,1,2,55813304,2, , , , , , ,4, , , , , , , , , , , , , , , , , , , , , , , , , , , , , , , , , ,4, , , , , , , , , , , 
2024-10-19 08:53:48.405 UTC, , , , , , , , , ,125,3216893,68240,2800, ,11, ,4, , , , , , , , , ,11,11, , , ,6,6,14, ,2, , , , , , , , , , , , , , ,69156,8, ,68873, , , , ,69207,244270800896,17,17,17,17, , , , , , , , , , , , , , , , , , , , , , , , , , , , , , , , ,69207,1729322904395,,, , , , , , , , , ,3145728,69156, , , , , , , , , , , , ,3, , , ,1, , , , , , , , , , , , , , , , , , , , , ,109290680,2, , , , , , ,4, , , , , , , , , , , , , , , , , , , , , , , , , , , , , , , , , ,4, , , , , , , , , , , 
2024-10-19 08:54:48.409 UTC, , , , , , , , , ,125,3216893,68240,2800, ,11, ,4, , , , , , , , , ,11,11, , , ,6,6,14, ,2, , , , , , , , , , , , , , ,69156,8, ,68873, , , , ,69207,244270800896,17,17,17,17, , , , , , , , , , , , , , , , , , , , , , , , , , , , , , , , ,69207,1729322904395,,, , , , , , , , , ,3145728,69156, , , , , , , , , , , , ,3, , , ,1, , , , , , , , , , , , , , , ,2,5, , ,1,3,103020944,2, , , , , , ,4, , , , , , , , , , , , , , , , , , , , , , , , , , , , , , , , , ,4, , , , , , , , , , , 
2024-10-19 08:55:48.415 UTC, , , , , , , , , ,125,3216893,68240,2800, ,11, ,2, , , , , , , , , ,11,11, , , ,6,6,14, ,1, , , , , , , , , , , , , , ,69156,8, ,68873, , , , ,69207,244270800896,17,17,17,17, , , , , , , , , , , , , , , , , , , , , , , , , , , , , , , , ,69207,1729322904395,,, , , , , , , , , ,3145728,69156, , , , , , , , , , , , ,3, , , ,1, , , , , , , , , , , , , , , , , , , ,1,2,94649024,2, , , , , , ,2, , , , , , , , , , , , , , , , , , , , , , , , , , , , , , , , , ,2, , , , , , , , , , , 
2024-10-19 08:56:48.423 UTC, , , , , , , , , ,125,3216893,68240,2800, ,11, ,4, , , , , , , , , ,11,11, , , ,6,6,14, ,2, , , , , , , , , , , , , , ,69156,8, ,68873, , , , ,69207,244270800896,17,17,17,17, , , , , , , , , , , , , , , , , , , , , , , , , , , , , , , , ,69207,1729322904395,,, , , , , , , , , ,3145728,69156, , , , , , , , , , , , ,3, , , ,1, , , , , , , , , , , , , , , ,2,110, , ,1,2,87331040,2, , , , , , ,4, , , , , , , , , , , , , , , , , , , , , , , , , , , , , , , , , ,4, , , , , , , , , , , 
2024-10-19 08:57:48.428 UTC, , , , , , , , , ,125,3216893,68240,2800, ,11, ,4, , , , , , , , , ,11,11, , , ,6,6,14, ,2, , , , , , , , , , , , , , ,69156,8, ,68873, , , , ,69207,244270800896,17,17,17,17, , , , , , , , , , , , , , , , , , , , , , , , , , , , , , , , ,69207,1729322904395,,, , , , , , , , , ,3145728,69156, , , , , , , , , , , , ,3, , , ,1, , , , , , , , , , , , , , , , , , , ,1,2,81075272,2, , , , , , ,4, , , , , , , , , , , , , , , , , , , , , , , , , , , , , , , , , ,4, , , , , , , , , , , 
2024-10-19 08:58:48.436 UTC, , , , , , , , , ,125,3216893,68240,2800, ,11, ,2, , , , , , , , , ,11,11, , , ,6,6,14, ,1, , , , , , , , , , , , , , ,69156,8, ,68873, , , , ,69207,244270796800,17,17,17,17, , , , , , , , , , , , , , , , , , , , , , , , , , , , , , , , ,69207,1729322904395,,, , , , , , , , , ,3145728,69156, , , , , , , , , , , , ,3, , , ,1, , , , , , , , , , , , , , , ,2,11, , ,1,3,72645800,2, , , , , , ,2, , , , , , , , , , , , , , , , , , , , , , , , , , , , , , , , , ,2, , , , , , , , , , , 
2024-10-19 08:59:48.441 UTC, , , , , , , , , ,125,3216893,68240,2800, ,11, ,4, , , , , , , , , ,11,11, , , ,6,6,14, ,2, , , , , , , , , , , , , , ,69156,8, ,68873, , , , ,69207,244270796800,17,17,17,17, , , , , , , , , , , , , , , , , , , , , , , , , , , , , , , , ,69207,1729322904395,,, , , , , , , , , ,3145728,69156, , , , , , , , , , , , ,3, , , ,1, , , , , , , , , , , , , , , , , , , ,1,3,65269944,3, , , , , , ,4, , , , , , , , , , , , , , , , , , , , , , , , , , , , , , , , , ,4, , , , , , , , , , , 
2024-10-19 09:00:48.445 UTC, , , , , , , , , ,125,3221373,72720,2800, ,12,1,19,1,0.05, , , , , , , ,12,12, , ,1,6,7,14, ,10,3, , , , , , , , , , , , , ,69156,8, ,68873, , , , ,69207,244270792704,17,17,17,17, , , , , , , , , , , , , , , , , , , , , , , , , , , , , , , , ,69207,1729322904395,,, , , , , , , , , ,3145728,69156, , , , , , ,6, , , , , ,3, , ,6,1, , , , , , , ,13180,6, , , , , , ,2,6, , ,1,6,59158888,2, , , , , , ,18, , , , , , , , , , , , , , , , , , , , , , , , , , , , , , , , , ,18,1, , , , , , , , , , 
2024-10-19 09:01:48.452 UTC, , , , , , , , , ,125,3221373,72720,2800, ,12, ,2, , , , , , , , , ,12,12, , , ,6,7,14, ,1, , , , , , , , , , , , , , ,69156,8, ,68873, , , , ,69207,244270792704,17,17,17,17, , , , , , , , , , , , , , , , , , , , , , , , , , , , , , , , ,69207,1729322904395,,, , , , , , , , , ,3145728,69156, , , , , , , , , , , , ,3, , , ,1, , , , , , , , , , , , , , , , , , , ,1,3,51680048,2, , , , , , ,2, , , , , , , , , , , , , , , , , , , , , , , , , , , , , , , , , ,2, , , , , , , , , , , 
2024-10-19 09:02:48.458 UTC, , , , , , , , , ,125,3221373,72720,2800, ,12, ,4, , , , , , , , , ,12,12, , , ,6,7,14, ,2, , , , , , , , , , , , , , ,69156,8, ,68873, , , , ,69207,244270739456,17,17,17,17, , , , , , , , , , , , , , , , , , , , , , , , , , , , , , , , ,69207,1729322904395,,, , , , , , , , , ,3145728,69156, , , , , , , , , , , , ,3, , , ,1, , , , , , , , , , , , , , , , , , , , , ,105157424,2, , , , , , ,4, , , , , , , , , , , , , , , , , , , , , , , , , , , , , , , , , ,4, , , , , , , , , , , 
2024-10-19 09:03:48.466 UTC, , , , , , , , , ,125,3221373,72720,2800, ,12, ,4, , , , , , , , , ,12,12, , , ,6,7,14, ,2, , , , , , , , , , , , , , ,69156,8, ,68873, , , , ,69207,244270751744,17,17,17,17, , , , , , , , , , , , , , , , , , , , , , , , , , , , , , , , ,69207,1729322904395,,, , , , , , , , , ,3145728,69156, , , , , , , , , , , , ,3, , , ,1, , , , , , , , , , , , , , , ,2,10, , ,1,8,97882416,2, , , , , , ,4, , , , , , , , , , , , , , , , , , , , , , , , , , , , , , , , , ,4, , , , , , , , , , , 
2024-10-19 09:04:48.475 UTC, , , , , , , , , ,125,3221373,72720,2800, ,12, ,2, , , , , , , , , ,12,12, , , ,6,7,14, ,1, , , , , , , , , , , , , , ,69156,8, ,68873, , , , ,69207,244270759936,17,17,17,17, , , , , , , , , , , , , , , , , , , , , , , , , , , , , , , , ,69207,1729322904395,,, , , , , , , , , ,3145728,69156, , , , , , , , , , , , ,3, , , ,1, , , , , , , , , , , , , , , , , , , ,1,3,90613120,2, , , , , , ,2, , , , , , , , , , , , , , , , , , , , , , , , , , , , , , , , , ,2, , , , , , , , , , , 
2024-10-19 09:05:48.482 UTC, , , , , , , , , ,125,3221373,72720,2800, ,12, ,4, , , , , , , , , ,12,12, , , ,6,7,14, ,2, , , , , , , , , , , , , , ,69156,8, ,68873, , , , ,69207,244270747648,17,17,17,17, , , , , , , , , , , , , , , , , , , , , , , , , , , , , , , , ,69207,1729322904395,,, , , , , , , , , ,3145728,69156, , , , , , , , , , , , ,3, , , ,1, , , , , , , , , , , , , , , ,2,467, , ,1,5,83300616,2, , , , , , ,4, , , , , , , , , , , , , , , , , , , , , , , , , , , , , , , , , ,4, , , , , , , , , , , 
2024-10-19 09:06:48.496 UTC, , , , , , , , , ,125,3221373,72720,2800, ,12, ,2, , , , , , , , , ,12,12, , , ,6,7,14, ,1, , , , , , , , , , , , , , ,69156,8, ,68873, , , , ,69207,244270735360,17,17,17,17, , , , , , , , , , , , , , , , , , , , , , , , , , , , , , , , ,69207,1729322904395,,, , , , , , , , , ,3145728,69156, , , , , , , , , , , , ,3, , , ,1, , , , , , , , , , , , , , , , , , , ,1,5,74841552,2, , , , , , ,2, , , , , , , , , , , , , , , , , , , , , , , , , , , , , , , , , ,2, , , , , , , , , , , 
2024-10-19 09:07:48.505 UTC, , , , , , , , , ,125,3221373,72720,2800, ,12, ,4, , , , , , , , , ,12,12, , , ,6,7,14, ,2, , , , , , , , , , , , , , ,69156,8, ,68873, , , , ,69207,244270735360,17,17,17,17, , , , , , , , , , , , , , , , , , , , , , , , , , , , , , , , ,69207,1729322904395,,, , , , , , , , , ,3145728,69156, , , , , , , , , , , , ,3, , , ,1, , , , , , , , , , , , , , , ,2,7, , ,1,3,67558856,2, , , , , , ,4, , , , , , , , , , , , , , , , , , , , , , , , , , , , , , , , , ,4, , , , , , , , , , , 
2024-10-19 09:08:48.556 UTC, , , , , , , , , ,125,3221373,72720,2800, ,12, ,2, , , , , , , , , ,12,12, , , ,6,7,14, ,1, , , , , , , , , , , , , , ,69156,8, ,68873, , , , ,69207,244270731264,17,17,17,17, , , , , , , , , , , , , , , , , , , , , , , , , , , , , , , , ,69207,1729322904395,,, , , , , , , , , ,3145728,69156, , , , , , , , , , , , ,3, , , ,1, , , , , , , , , , , , , , , , , , , ,1,5,60216696,2, , , , , , ,2, , , , , , , , , , , , , , , , , , , , , , , , , , , , , , , , , ,2, , , , , , , , , , , 
2024-10-19 09:09:48.555 UTC, , , , , , , , , ,125,3221373,72720,2800, ,12, ,4, , , , , , , , , ,12,12, , , ,6,7,14, ,2, , , , , , , , , , , , , , ,69156,8, ,68873, , , , ,69207,244270731264,17,17,17,17, , , , , , , , , , , , , , , , , , , , , , , , , , , , , , , , ,69207,1729322904395,,, , , , , , , , , ,3145728,69156, , , , , , , , , , , , ,3, , , ,1, , , , , , , , , , , , , , , ,2,25, , ,1,2,52827864,2, , , , , , ,4, , , , , , , , , , , , , , , , , , , , , , , , , , , , , , , , , ,4, , , , , , , , , , , 
2024-10-19 09:10:48.571 UTC, , , , , , , , , ,125,3221373,72720,2800, ,12, ,2, , , , , , , , , ,12,12, , , ,6,7,14, ,1, , , , , , , , , , , , , , ,69156,8, ,68873, , , , ,69207,244270731264,17,17,17,17, , , , , , , , , , , , , , , , , , , , , , , , , , , , , , , , ,69207,1729322904395,,, , , , , , , , , ,3145728,69156, , , , , , , , , , , , ,3, , , ,1, , , , , , , , , , , , , , , , , , , , , ,107353816,2, , , , , , ,2, , , , , , , , , , , , , , , , , , , , , , , , , , , , , , , , , ,2, , , , , , , , , , , 
2024-10-19 09:11:48.579 UTC, , , , , , , , , ,125,3221373,72720,2800, ,12, ,4, , , , , , , , , ,12,12, , , ,6,7,14, ,2, , , , , , , , , , , , , , ,69156,8, ,68873, , , , ,69207,244270731264,17,17,17,17, , , , , , , , , , , , , , , , , , , , , , , , , , , , , , , , ,69207,1729322904395,,, , , , , , , , , ,3145728,69156, , , , , , , , , , , , ,3, , , ,1, , , , , , , , , , , , , , , , , , , ,1,3,100058480,2, , , , , , ,4, , , , , , , , , , , , , , , , , , , , , , , , , , , , , , , , , ,4, , , , , , , , , , , 
2024-10-19 09:12:48.594 UTC, , , , , , , , , ,125,3221373,72720,2800, ,12, ,2, , , , , , , , , ,12,12, , , ,6,7,14, ,1, , , , , , , , , , , , , , ,69156,8, ,68873, , , , ,69207,244270735360,17,17,17,17, , , , , , , , , , , , , , , , , , , , , , , , , , , , , , , , ,69207,1729322904395,,, , , , , , , , , ,3145728,69156, , , , , , , , , , , , ,3, , , ,1, , , , , , , , , , , , , , , ,2,5, , ,1,2,92693432,2, , , , , , ,2, , , , , , , , , , , , , , , , , , , , , , , , , , , , , , , , , ,2, , , , , , , , , , , 
2024-10-19 09:13:48.603 UTC, , , , , , , , , ,125,3221373,72720,2800, ,12, ,4, , , , , , , , , ,12,12, , , ,6,7,14, ,2, , , , , , , , , , , , , , ,69156,8, ,68873, , , , ,69207,244270735360,17,17,17,17, , , , , , , , , , , , , , , , , , , , , , , , , , , , , , , , ,69207,1729322904395,,, , , , , , , , , ,3145728,69156, , , , , , , , , , , , ,3, , , ,1, , , , , , , , , , , , , , , , , , , ,1,4,85357936,2, , , , , , ,4, , , , , , , , , , , , , , , , , , , , , , , , , , , , , , , , , ,4, , , , , , , , , , , 
2024-10-19 09:14:48.611 UTC, , , , , , , , , ,125,3221373,72720,2800, ,12, ,2, , , , , , , , , ,12,12, , , ,6,7,14, ,1, , , , , , , , , , , , , , ,69156,8, ,68873, , , , ,69207,244270735360,17,17,17,17, , , , , , , , , , , , , , , , , , , , , , , , , , , , , , , , ,69207,1729322904395,,, , , , , , , , , ,3145728,69156, , , , , , , , , , , , ,3, , , ,1, , , , , , , , , , , , , , , ,2,6, , ,1,2,78055856,2, , , , , , ,2, , , , , , , , , , , , , , , , , , , , , , , , , , , , , , , , , ,2, , , , , , , , , , , 
2024-10-19 09:15:49.510 UTC, , , , , , , , , ,125,3221373,72720,2800, ,12, ,4, , , , , , , , , ,12,12, , , ,6,7,14, ,2, , , , , , , , , , , , , , ,69156,8, ,68873, , , , ,69207,244270735360,17,17,17,17, , , , , , , , , , , , , , , , , , , , , , , , , , , , , , , , ,69207,1729322904395,,, , , , , , , , , ,3145728,69156, , , , , , , , , , , , ,3, , , ,1, , , , , , , , , , , , , , , , , , , ,1,2,71667240,2, , , , , , ,4, , , , , , , , , , , , , , , , , , , , , , , , , , , , , , , , , ,4, , , , , , , , , , , 
2024-10-19 09:16:49.523 UTC, , , , , , , , , ,125,3221373,72720,2800, ,12, ,2, , , , , , , , , ,12,12, , , ,6,7,14, ,1, , , , , , , , , , , , , , ,69156,8, ,68873, , , , ,69207,244270735360,17,17,17,17, , , , , , , , , , , , , , , , , , , , , , , , , , , , , , , , ,69207,1729322904395,,, , , , , , , , , ,3145728,69156, , , , , , , , , , , , ,3, , , ,1, , , , , , , , , , , , , , , ,2,6, , ,1,2,63368896,2, , , , , , ,2, , , , , , , , , , , , , , , , , , , , , , , , , , , , , , , , , ,2, , , , , , , , , , , 
2024-10-19 09:17:49.530 UTC, , , , , , , , , ,125,3221373,72720,2800, ,12, ,2, , , , , , , , , ,12,12, , , ,6,7,14, ,1, , , , , , , , , , , , , , ,69156,8, ,68873, , , , ,69207,244270735360,17,17,17,17, , , , , , , , , , , , , , , , , , , , , , , , , , , , , , , , ,69207,1729322904395,,, , , , , , , , , ,3145728,69156, , , , , , , , , , , , ,3, , , ,1, , , , , , , , , , , , , , , , , , , ,1,2,56038912,2, , , , , , ,2, , , , , , , , , , , , , , , , , , , , , , , , , , , , , , , , , ,2, , , , , , , , , , , 
2024-10-19 09:18:49.676 UTC, , , , , , , , , ,125,3221373,72720,2800, ,12, ,4, , , , , , , , , ,12,12, , , ,6,7,14, ,2, , , , , , , , , , , , , , ,69156,8, ,68873, , , , ,69207,244270735360,17,17,17,17, , , , , , , , , , , , , , , , , , , , , , , , , , , , , , , , ,69207,1729322904395,,, , , , , , , , , ,3145728,69156, , , , , , , , , , , , ,3, , , ,1, , , , , , , , , , , , , , , , , , , , , ,110564864,2, , , , , , ,4, , , , , , , , , , , , , , , , , , , , , , , , , , , , , , , , , ,4, , , , , , , , , , , 
2024-10-19 09:19:49.723 UTC, , , , , , , , , ,125,3221373,72720,2800, ,12, ,2, , , , , , , , , ,12,12, , , ,6,7,14, ,1, , , , , , , , , , , , , , ,69156,8, ,68873, , , , ,69207,244270735360,17,17,17,17, , , , , , , , , , , , , , , , , , , , , , , , , , , , , , , , ,69207,1729322904395,,, , , , , , , , , ,3145728,69156, , , , , , , , , , , , ,3, , , ,1, , , , , , , , , , , , , , , ,2,5, , ,1,3,103258432,2, , , , , , ,2, , , , , , , , , , , , , , , , , , , , , , , , , , , , , , , , , ,2, , , , , , , , , , , 
2024-10-19 09:20:49.777 UTC, , , , , , , , , ,125,3221373,72720,2800, ,12, ,4, , , , , , , , , ,12,12, , , ,6,7,14, ,2, , , , , , , , , , , , , , ,69156,8, ,68873, , , , ,69207,244270731264,17,17,17,17, , , , , , , , , , , , , , , , , , , , , , , , , , , , , , , , ,69207,1729322904395,,, , , , , , , , , ,3145728,69156, , , , , , , , , , , , ,3, , , ,1, , , , , , , , , , , , , , , , , , , ,1,4,95883152,2, , , , , , ,4, , , , , , , , , , , , , , , , , , , , , , , , , , , , , , , , , ,4, , , , , , , , , , , 
2024-10-19 09:21:49.784 UTC, , , , , , , , , ,125,3221373,72720,2800, ,12, ,2, , , , , , , , , ,12,12, , , ,6,7,14, ,1, , , , , , , , , , , , , , ,69156,8, ,68873, , , , ,69207,244270755840,17,17,17,17, , , , , , , , , , , , , , , , , , , , , , , , , , , , , , , , ,69207,1729322904395,,, , , , , , , , , ,3145728,69156, , , , , , , , , , , , ,3, , , ,1, , , , , , , , , , , , , , , ,2,5, , ,1,3,88590160,2, , , , , , ,2, , , , , , , , , , , , , , , , , , , , , , , , , , , , , , , , , ,2, , , , , , , , , , , 
2024-10-19 09:22:49.793 UTC, , , , , , , , , ,125,3221373,72720,2800, ,12, ,2, , , , , , , , , ,12,12, , , ,6,7,14, ,1, , , , , , , , , , , , , , ,69156,8, ,68873, , , , ,69207,244270731264,17,17,17,17, , , , , , , , , , , , , , , , , , , , , , , , , , , , , , , , ,69207,1729322904395,,, , , , , , , , , ,3145728,69156, , , , , , , , , , , , ,3, , , ,1, , , , , , , , , , , , , , , , , , , ,1,2,81265920,2, , , , , , ,2, , , , , , , , , , , , , , , , , , , , , , , , , , , , , , , , , ,2, , , , , , , , , , , 
2024-10-19 09:23:49.814 UTC, , , , , , , , , ,125,3221373,72720,2800, ,12, ,4, , , , , , , , , ,12,12, , , ,6,7,14, ,2, , , , , , , , , , , , , , ,69156,8, ,68873, , , , ,69207,244270764032,17,17,17,17, , , , , , , , , , , , , , , , , , , , , , , , , , , , , , , , ,69207,1729322904395,,, , , , , , , , , ,3145728,69156, , , , , , , , , , , , ,3, , , ,1, , , , , , , , , , , , , , , ,2,47, , ,1,5,73887216,2, , , , , , ,4, , , , , , , , , , , , , , , , , , , , , , , , , , , , , , , , , ,4, , , , , , , , , , , 
2024-10-19 09:24:49.841 UTC, , , , , , , , , ,125,3221373,72720,2800, ,12, ,2, , , , , , , , , ,12,12, , , ,6,7,14, ,1, , , , , , , , , , , , , , ,69156,8, ,68873, , , , ,69207,244270731264,17,17,17,17, , , , , , , , , , , , , , , , , , , , , , , , , , , , , , , , ,69207,1729322904395,,, , , , , , , , , ,3145728,69156, , , , , , , , , , , , ,3, , , ,1, , , , , , , , , , , , , , , , , , , ,1,2,66614296,2, , , , , , ,2, , , , , , , , , , , , , , , , , , , , , , , , , , , , , , , , , ,2, , , , , , , , , , , 
2024-10-19 09:25:50.149 UTC, , , , , , , , , ,125,3221373,72720,2800, ,12, ,2, , , , , , , , , ,12,12, , , ,6,7,14, ,1, , , , , , , , , , , , , , ,69156,8, ,68873, , , , ,69207,244270731264,17,17,17,17, , , , , , , , , , , , , , , , , , , , , , , , , , , , , , , , ,69207,1729322904395,,, , , , , , , , , ,3145728,69156, , , , , , , , , , , , ,3, , , ,1, , , , , , , , , , , , , , , ,2,5, , ,1,7,59235472,2, , , , , , ,2, , , , , , , , , , , , , , , , , , , , , , , , , , , , , , , , , ,2, , , , , , , , , , , 
2024-10-19 09:26:50.235 UTC, , , , , , , , , ,125,3221373,72720,2800, ,12, ,4, , , , , , , , , ,12,12, , , ,6,7,14, ,2, , , , , , , , , , , , , , ,69156,8, ,68873, , , , ,69207,244270768128,17,17,17,17, , , , , , , , , , , , , , , , , , , , , , , , , , , , , , , , ,69207,1729322904395,,, , , , , , , , , ,3145728,69156, , , , , , , , , , , , ,3, , , ,1, , , , , , , , , , , , , , , , , , , ,1,5,51953360,2, , , , , , ,4, , , , , , , , , , , , , , , , , , , , , , , , , , , , , , , , , ,4, , , , , , , , , , , 
2024-10-19 09:27:50.410 UTC, , , , , , , , , ,125,3221373,72720,2800, ,12, ,2, , , , , , , , , ,12,12, , , ,6,7,14, ,1, , , , , , , , , , , , , , ,69156,8, ,68873, , , , ,69207,244270665728,17,17,17,17, , , , , , , , , , , , , , , , , , , , , , , , , , , , , , , , ,69207,1729322904395,,, , , , , , , , , ,3145728,69156, , , , , , , , , , , , ,3, , , ,1, , , , , , , , , , , , , , , , , , , , , ,106479312,2, , , , , , ,2, , , , , , , , , , , , , , , , , , , , , , , , , , , , , , , , , ,2, , , , , , , , , , , 
2024-10-19 09:28:50.422 UTC, , , , , , , , , ,125,3221373,72720,2800, ,12, ,4, , , , , , , , , ,12,12, , , ,6,7,14, ,2, , , , , , , , , , , , , , ,69156,8, ,68873, , , , ,69207,244270661632,17,17,17,17, , , , , , , , , , , , , , , , , , , , , , , , , , , , , , , , ,69207,1729322904395,,, , , , , , , , , ,3145728,69156, , , , , , , , , , , , ,3, , , ,1, , , , , , , , , , , , , , , ,2,6, , ,1,2,98030360,2, , , , , , ,4, , , , , , , , , , , , , , , , , , , , , , , , , , , , , , , , , ,4, , , , , , , , , , , 
2024-10-19 09:29:50.545 UTC, , , , , , , , , ,125,3221373,72720,2800, ,12, ,2, , , , , , , , , ,12,12, , , ,6,7,14, ,1, , , , , , , , , , , , , , ,69156,8, ,68873, , , , ,69207,244270661632,17,17,17,17, , , , , , , , , , , , , , , , , , , , , , , , , , , , , , , , ,69207,1729322904395,,, , , , , , , , , ,3145728,69156, , , , , , , , , , , , ,3, , , ,1, , , , , , , , , , , , , , , , , , , ,1,3,91843944,2, , , , , , ,2, , , , , , , , , , , , , , , , , , , , , , , , , , , , , , , , , ,2, , , , , , , , , , , 
2024-10-19 09:30:50.550 UTC, , , , , , , , , ,125,3221373,72720,2800, ,12, ,2, , , , , , , , , ,12,12, , , ,6,7,14, ,1, , , , , , , , , , , , , , ,69156,8, ,68873, , , , ,69207,244270661632,17,17,17,17, , , , , , , , , , , , , , , , , , , , , , , , , , , , , , , , ,69207,1729322904395,,, , , , , , , , , ,3145728,69156, , , , , , , , , , , , ,3, , , ,1, , , , , , , , , , , , , , , ,2,78, , ,1,2,83364504,2, , , , , , ,2, , , , , , , , , , , , , , , , , , , , , , , , , , , , , , , , , ,2, , , , , , , , , , , 
2024-10-19 09:31:50.680 UTC, , , , , , , , , ,125,3221373,72720,2800, ,12, ,4, , , , , , , , , ,12,12, , , ,6,7,14, ,2, , , , , , , , , , , , , , ,69156,8, ,68873, , , , ,69207,244270661632,17,17,17,17, , , , , , , , , , , , , , , , , , , , , , , , , , , , , , , , ,69207,1729322904395,,, , , , , , , , , ,3145728,69156, , , , , , , , , , , , ,3, , , ,1, , , , , , , , , , , , , , , , , , , ,1,3,77142080,2, , , , , , ,4, , , , , , , , , , , , , , , , , , , , , , , , , , , , , , , , , ,4, , , , , , , , , , , 
2024-10-19 09:32:50.687 UTC, , , , , , , , , ,125,3221373,72720,2800, ,12, ,2, , , , , , , , , ,12,12, , , ,6,7,14, ,1, , , , , , , , , , , , , , ,69156,8, ,68873, , , , ,69207,244270661632,17,17,17,17, , , , , , , , , , , , , , , , , , , , , , , , , , , , , , , , ,69207,1729322904395,,, , , , , , , , , ,3145728,69156, , , , , , , , , , , , ,3, , , ,1, , , , , , , , , , , , , , , ,2,33, , ,1,18,68755504,2, , , , , , ,2, , , , , , , , , , , , , , , , , , , , , , , , , , , , , , , , , ,2, , , , , , , , , , , 
2024-10-19 09:33:50.706 UTC, , , , , , , , , ,125,3221373,72720,2800, ,12, ,4, , , , , , , , , ,12,12, , , ,6,7,14, ,2, , , , , , , , , , , , , , ,69156,8, ,68873, , , , ,69207,244270661632,17,17,17,17, , , , , , , , , , , , , , , , , , , , , , , , , , , , , , , , ,69207,1729322904395,,, , , , , , , , , ,3145728,69156, , , , , , , , , , , , ,3, , , ,1, , , , , , , , , , , , , , , , , , , ,1,2,61411952,2, , , , , , ,4, , , , , , , , , , , , , , , , , , , , , , , , , , , , , , , , , ,4, , , , , , , , , , , 
2024-10-19 09:34:50.712 UTC, , , , , , , , , ,125,3221373,72720,2800, ,12, ,2, , , , , , , , , ,12,12, , , ,6,7,14, ,1, , , , , , , , , , , , , , ,69156,8, ,68873, , , , ,69207,244270661632,17,17,17,17, , , , , , , , , , , , , , , , , , , , , , , , , , , , , , , , ,69207,1729322904395,,, , , , , , , , , ,3145728,69156, , , , , , , , , , , , ,3, , , ,1, , , , , , , , , , , , , , , ,2,5, , ,1,3,54062248,2, , , , , , ,2, , , , , , , , , , , , , , , , , , , , , , , , , , , , , , , , , ,2, , , , , , , , , , , 
2024-10-19 09:35:50.721 UTC, , , , , , , , , ,125,3221373,72720,2800, ,12, ,4, , , , , , , , , ,12,12, , , ,6,7,14, ,2, , , , , , , , , , , , , , ,69156,8, ,68873, , , , ,69207,244270661632,17,17,17,17, , , , , , , , , , , , , , , , , , , , , , , , , , , , , , , , ,69207,1729322904395,,, , , , , , , , , ,3145728,69156, , , , , , , , , , , , ,3, , , ,1, , , , , , , , , , , , , , , , , , , , , ,108588200,2, , , , , , ,4, , , , , , , , , , , , , , , , , , , , , , , , , , , , , , , , , ,4, , , , , , , , , , , 
2024-10-19 09:36:50.730 UTC, , , , , , , , , ,125,3221373,72720,2800, ,12, ,2, , , , , , , , , ,12,12, , , ,6,7,14, ,1, , , , , , , , , , , , , , ,69156,8, ,68873, , , , ,69207,244270657536,17,17,17,17, , , , , , , , , , , , , , , , , , , , , , , , , , , , , , , , ,69207,1729322904395,,, , , , , , , , , ,3145728,69156, , , , , , , , , , , , ,3, , , ,1, , , , , , , , , , , , , , , , , , , ,1,2,100256240,2, , , , , , ,2, , , , , , , , , , , , , , , , , , , , , , , , , , , , , , , , , ,2, , , , , , , , , , , 
2024-10-19 09:37:50.861 UTC, , , , , , , , , ,125,3221373,72720,2800, ,12, ,4, , , , , , , , , ,12,12, , , ,6,7,14, ,2, , , , , , , , , , , , , , ,69156,8, ,68873, , , , ,69207,244270657536,17,17,17,17, , , , , , , , , , , , , , , , , , , , , , , , , , , , , , , , ,69207,1729322904395,,, , , , , , , , , ,3145728,69156, , , , , , , , , , , , ,3, , , ,1, , , , , , , , , , , , , , , ,2,8, , ,1,4,93934752,2, , , , , , ,4, , , , , , , , , , , , , , , , , , , , , , , , , , , , , , , , , ,4, , , , , , , , , , , 
2024-10-19 09:38:50.869 UTC, , , , , , , , , ,125,3221373,72720,2800, ,12, ,2, , , , , , , , , ,12,12, , , ,6,7,14, ,1, , , , , , , , , , , , , , ,69156,8, ,68873, , , , ,69207,244270657536,17,17,17,17, , , , , , , , , , , , , , , , , , , , , , , , , , , , , , , , ,69207,1729322904395,,, , , , , , , , , ,3145728,69156, , , , , , , , , , , , ,3, , , ,1, , , , , , , , , , , , , , , , , , , ,1,2,85520488,2, , , , , , ,2, , , , , , , , , , , , , , , , , , , , , , , , , , , , , , , , , ,2, , , , , , , , , , , 
2024-10-19 09:39:50.884 UTC, , , , , , , , , ,125,3221373,72720,2800, ,12, ,4, , , , , , , , , ,12,12, , , ,6,7,14, ,2, , , , , , , , , , , , , , ,69156,8, ,68873, , , , ,69207,244270657536,17,17,17,17, , , , , , , , , , , , , , , , , , , , , , , , , , , , , , , , ,69207,1729322904395,,, , , , , , , , , ,3145728,69156, , , , , , , , , , , , ,3, , , ,1, , , , , , , , , , , , , , , ,2,5, , ,1,3,78284280,2, , , , , , ,4, , , , , , , , , , , , , , , , , , , , , , , , , , , , , , , , , ,4, , , , , , , , , , , 
2024-10-19 09:40:50.887 UTC, , , , , , , , , ,125,3221373,72720,2800, ,12, ,2, , , , , , , , , ,12,12, , , ,6,7,14, ,1, , , , , , , , , , , , , , ,69156,8, ,68873, , , , ,69207,244270657536,17,17,17,17, , , , , , , , , , , , , , , , , , , , , , , , , , , , , , , , ,69207,1729322904395,,, , , , , , , , , ,3145728,69156, , , , , , , , , , , , ,3, , , ,1, , , , , , , , , , , , , , , , , , , ,1,5,70912120,2, , , , , , ,2, , , , , , , , , , , , , , , , , , , , , , , , , , , , , , , , , ,2, , , , , , , , , , , 
2024-10-19 09:41:50.907 UTC, , , , , , , , , ,125,3221373,72720,2800, ,12, ,4, , , , , , , , , ,12,12, , , ,6,7,14, ,2, , , , , , , , , , , , , , ,69156,8, ,68873, , , , ,69207,244270657536,17,17,17,17, , , , , , , , , , , , , , , , , , , , , , , , , , , , , , , , ,69207,1729322904395,,, , , , , , , , , ,3145728,69156, , , , , , , , , , , , ,3, , , ,1, , , , , , , , , , , , , , , ,2,13, , ,1,8,63531824,2, , , , , , ,4, , , , , , , , , , , , , , , , , , , , , , , , , , , , , , , , , ,4, , , , , , , , , , , 
2024-10-19 09:42:50.914 UTC, , , , , , , , , ,125,3221373,72720,2800, ,12, ,2, , , , , , , , , ,12,12, , , ,6,7,14, ,1, , , , , , , , , , , , , , ,69156,8, ,68873, , , , ,69207,244270657536,17,17,17,17, , , , , , , , , , , , , , , , , , , , , , , , , , , , , , , , ,69207,1729322904395,,, , , , , , , , , ,3145728,69156, , , , , , , , , , , , ,3, , , ,1, , , , , , , , , , , , , , , , , , , ,1,3,56283560,2, , , , , , ,2, , , , , , , , , , , , , , , , , , , , , , , , , , , , , , , , , ,2, , , , , , , , , , , 
2024-10-19 09:43:50.919 UTC, , , , , , , , , ,125,3221373,72720,2800, ,12, ,4, , , , , , , , , ,12,12, , , ,6,7,14, ,2, , , , , , , , , , , , , , ,69156,8, ,68873, , , , ,69207,244270657536,17,17,17,17, , , , , , , , , , , , , , , , , , , , , , , , , , , , , , , , ,69207,1729322904395,,, , , , , , , , , ,3145728,69156, , , , , , , , , , , , ,3, , , ,1, , , , , , , , , , , , , , , , , , , , , ,110809512,2, , , , , , ,4, , , , , , , , , , , , , , , , , , , , , , , , , , , , , , , , , ,4, , , , , , , , , , , 
2024-10-19 09:44:50.925 UTC, , , , , , , , , ,125,3221373,72720,2800, ,12, ,4, , , , , , , , , ,12,12, , , ,6,7,14, ,2, , , , , , , , , , , , , , ,69156,8, ,68873, , , , ,69207,244270653440,17,17,17,17, , , , , , , , , , , , , , , , , , , , , , , , , , , , , , , , ,69207,1729322904395,,, , , , , , , , , ,3145728,69156, , , , , , , , , , , , ,3, , , ,1, , , , , , , , , , , , , , , ,2,6, , ,1,3,103446048,2, , , , , , ,4, , , , , , , , , , , , , , , , , , , , , , , , , , , , , , , , , ,4, , , , , , , , , , , 
2024-10-19 09:45:50.934 UTC, , , , , , , , , ,125,3221373,72720,2800, ,12, ,2, , , , , , , , , ,12,12, , , ,6,7,14, ,1, , , , , , , , , , , , , , ,69156,8, ,68873, , , , ,69207,244270653440,17,17,17,17, , , , , , , , , , , , , , , , , , , , , , , , , , , , , , , , ,69207,1729322904395,,, , , , , , , , , ,3145728,69156, , , , , , , , , , , , ,3, , , ,1, , , , , , , , , , , , , , , , , , , ,1,2,96144448,2, , , , , , ,2, , , , , , , , , , , , , , , , , , , , , , , , , , , , , , , , , ,2, , , , , , , , , , , 
2024-10-19 09:46:50.940 UTC, , , , , , , , , ,125,3221373,72720,2800, ,12, ,4, , , , , , , , , ,12,12, , , ,6,7,14, ,2, , , , , , , , , , , , , , ,69156,8, ,68873, , , , ,69207,244270653440,17,17,17,17, , , , , , , , , , , , , , , , , , , , , , , , , , , , , , , , ,69207,1729322904395,,, , , , , , , , , ,3145728,69156, , , , , , , , , , , , ,3, , , ,1, , , , , , , , , , , , , , , ,2,14, , ,1,5,88764368,2, , , , , , ,4, , , , , , , , , , , , , , , , , , , , , , , , , , , , , , , , , ,4, , , , , , , , , , , 
2024-10-19 09:47:50.947 UTC, , , , , , , , , ,125,3221373,72720,2800, ,12, ,2, , , , , , , , , ,12,12, , , ,6,7,14, ,1, , , , , , , , , , , , , , ,69156,8, ,68873, , , , ,69207,244270653440,17,17,17,17, , , , , , , , , , , , , , , , , , , , , , , , , , , , , , , , ,69207,1729322904395,,, , , , , , , , , ,3145728,69156, , , , , , , , , , , , ,3, , , ,1, , , , , , , , , , , , , , , , , , , ,1,5,81461376,2, , , , , , ,2, , , , , , , , , , , , , , , , , , , , , , , , , , , , , , , , , ,2, , , , , , , , , , , 
2024-10-19 09:48:50.956 UTC, , , , , , , , , ,125,3221373,72720,2800, ,12, ,4, , , , , , , , , ,12,12, , , ,6,7,14, ,2, , , , , , , , , , , , , , ,69156,8, ,68873, , , , ,69207,244270653440,17,17,17,17, , , , , , , , , , , , , , , , , , , , , , , , , , , , , , , , ,69207,1729322904395,,, , , , , , , , , ,3145728,69156, , , , , , , , , , , , ,3, , , ,1, , , , , , , , , , , , , , , ,2,65, , ,1,4,74131000,2, , , , , , ,4, , , , , , , , , , , , , , , , , , , , , , , , , , , , , , , , , ,4, , , , , , , , , , , 
2024-10-19 09:49:50.964 UTC, , , , , , , , , ,125,3221373,72720,2800, ,12, ,2, , , , , , , , , ,12,12, , , ,6,7,14, ,1, , , , , , , , , , , , , , ,69156,8, ,68873, , , , ,69207,244270653440,17,17,17,17, , , , , , , , , , , , , , , , , , , , , , , , , , , , , , , , ,69207,1729322904395,,, , , , , , , , , ,3145728,69156, , , , , , , , , , , , ,3, , , ,1, , , , , , , , , , , , , , , , , , , ,1,3,66822872,2, , , , , , ,2, , , , , , , , , , , , , , , , , , , , , , , , , , , , , , , , , ,2, , , , , , , , , , , 
2024-10-19 09:50:50.984 UTC, , , , , , , , , ,125,3221373,72720,2800, ,12, ,12, , , , , , , , , ,12,12, , , ,6,7,14, ,6, , , , , , , , , , , , , , ,69156,8, ,68873, , , , ,69207,244270587904,17,17,17,17, , , , , , , , , , , , , , , , , , , , , , , , , , , , , , , , ,69207,1729322904395,,, , , , , , , , , ,3145728,69156, , , , , , , , , , , , ,3, , , ,1, , , , , , , , , , , , , , , ,2,19, , ,1,2,59464992,2, , , , , , ,12, , , , , , , , , , , , , , , , , , , , , , , , , , , , , , , , , ,12, , , , , , , , , , , 
2024-10-19 09:51:50.992 UTC, , , , , , , , , ,125,3221373,72720,2800, ,12, ,2, , , , , , , , , ,12,12, , , ,6,7,14, ,1, , , , , , , , , , , , , , ,69156,8, ,68873, , , , ,69207,244270587904,17,17,17,17, , , , , , , , , , , , , , , , , , , , , , , , , , , , , , , , ,69207,1729322904395,,, , , , , , , , , ,3145728,69156, , , , , , , , , , , , ,3, , , ,1, , , , , , , , , , , , , , , , , , , ,1,3,51095528,2, , , , , , ,2, , , , , , , , , , , , , , , , , , , , , , , , , , , , , , , , , ,2, , , , , , , , , , , 
2024-10-19 09:52:51.002 UTC, , , , , , , , , ,125,3221373,72720,2800, ,12, ,4, , , , , , , , , ,12,12, , , ,6,7,14, ,2, , , , , , , , , , , , , , ,69156,8, ,68873, , , , ,69207,244270583808,17,17,17,17, , , , , , , , , , , , , , , , , , , , , , , , , , , , , , , , ,69207,1729322904395,,, , , , , , , , , ,3145728,69156, , , , , , , , , , , , ,3, , , ,1, , , , , , , , , , , , , , , , , , , , , ,105621480,2, , , , , , ,4, , , , , , , , , , , , , , , , , , , , , , , , , , , , , , , , , ,4, , , , , , , , , , , 
2024-10-19 09:53:51.008 UTC, , , , , , , , , ,125,3221373,72720,2800, ,12, ,2, , , , , , , , , ,12,12, , , ,6,7,14, ,1, , , , , , , , , , , , , , ,69156,8, ,68873, , , , ,69207,244270579712,17,17,17,17, , , , , , , , , , , , , , , , , , , , , , , , , , , , , , , , ,69207,1729322904395,,, , , , , , , , , ,3145728,69156, , , , , , , , , , , , ,3, , , ,1, , , , , , , , , , , , , , , ,2,9, , ,1,2,98218520,2, , , , , , ,2, , , , , , , , , , , , , , , , , , , , , , , , , , , , , , , , , ,2, , , , , , , , , , , 
2024-10-19 09:54:51.018 UTC, , , , , , , , , ,125,3221373,72720,2800, ,12, ,4, , , , , , , , , ,12,12, , , ,6,7,14, ,2, , , , , , , , , , , , , , ,69156,8, ,68873, , , , ,69207,244270579712,17,17,17,17, , , , , , , , , , , , , , , , , , , , , , , , , , , , , , , , ,69207,1729322904395,,, , , , , , , , , ,3145728,69156, , , , , , , , , , , , ,3, , , ,1, , , , , , , , , , , , , , , , , , , ,1,3,90920552,2, , , , , , ,4, , , , , , , , , , , , , , , , , , , , , , , , , , , , , , , , , ,4, , , , , , , , , , , 
2024-10-19 09:55:51.131 UTC, , , , , , , , , ,125,3221373,72720,2800, ,12, ,2, , , , , , , , , ,12,12, , , ,6,7,14, ,1, , , , , , , , , , , , , , ,69156,8, ,68873, , , , ,69207,244270579712,17,17,17,17, , , , , , , , , , , , , , , , , , , , , , , , , , , , , , , , ,69207,1729322904395,,, , , , , , , , , ,3145728,69156, , , , , , , , , , , , ,3, , , ,1, , , , , , , , , , , , , , , ,2,18, , ,1,3,82504136,2, , , , , , ,2, , , , , , , , , , , , , , , , , , , , , , , , , , , , , , , , , ,2, , , , , , , , , , , 
2024-10-19 09:56:51.137 UTC, , , , , , , , , ,125,3221373,72720,2800, ,12, ,4, , , , , , , , , ,12,12, , , ,6,7,14, ,2, , , , , , , , , , , , , , ,69156,8, ,68873, , , , ,69207,244270579712,17,17,17,17, , , , , , , , , , , , , , , , , , , , , , , , , , , , , , , , ,69207,1729322904395,,, , , , , , , , , ,3145728,69156, , , , , , , , , , , , ,3, , , ,1, , , , , , , , , , , , , , , , , , , ,1,3,75197608,2, , , , , , ,4, , , , , , , , , , , , , , , , , , , , , , , , , , , , , , , , , ,4, , , , , , , , , , , 
2024-10-19 09:57:51.144 UTC, , , , , , , , , ,125,3221373,72720,2800, ,12, ,4, , , , , , , , , ,12,12, , , ,6,7,14, ,2, , , , , , , , , , , , , , ,69156,8, ,68873, , , , ,69207,244270579712,17,17,17,17, , , , , , , , , , , , , , , , , , , , , , , , , , , , , , , , ,69207,1729322904395,,, , , , , , , , , ,3145728,69156, , , , , , , , , , , , ,3, , , ,1, , , , , , , , , , , , , , , ,2,15, , ,1,3,68993712,2, , , , , , ,4, , , , , , , , , , , , , , , , , , , , , , , , , , , , , , , , , ,4, , , , , , , , , , , 
2024-10-19 09:58:51.149 UTC, , , , , , , , , ,125,3221373,72720,2800, ,12, ,4, , , , , , , , , ,12,12, , , ,6,7,14, ,2, , , , , , , , , , , , , , ,69156,8, ,68873, , , , ,69207,244270579712,17,17,17,17, , , , , , , , , , , , , , , , , , , , , , , , , , , , , , , , ,69207,1729322904395,,, , , , , , , , , ,3145728,69156, , , , , , , , , , , , ,3, , , ,1, , , , , , , , , , , , , , , , , , , ,1,9,62658632,2, , , , , , ,4, , , , , , , , , , , , , , , , , , , , , , , , , , , , , , , , , ,4, , , , , , , , , , , 
2024-10-19 09:59:51.156 UTC, , , , , , , , , ,125,3221373,72720,2800, ,12, ,4, , , , , , , , , ,12,12, , , ,6,7,14, ,2, , , , , , , , , , , , , , ,69156,8, ,68873, , , , ,69207,244270579712,17,17,17,17, , , , , , , , , , , , , , , , , , , , , , , , , , , , , , , , ,69207,1729322904395,,, , , , , , , , , ,3145728,69156, , , , , , , , , , , , ,3, , , ,1, , , , , , , , , , , , , , , , , , , ,1,4,55605056,2, , , , , , ,4, , , , , , , , , , , , , , , , , , , , , , , , , , , , , , , , , ,4, , , , , , , , , , , 
2024-10-19 10:00:51.168 UTC, , , , , , , , , ,125,3221373,72720,2800, ,12, ,2, , , , , , , , , ,12,12, , , ,6,7,14, ,1, , , , , , , , , , , , , , ,69156,8, ,68873, , , , ,69207,244270575616,17,17,17,17, , , , , , , , , , , , , , , , , , , , , , , , , , , , , , , , ,69207,1729322904395,,, , , , , , , , , ,3145728,69156, , , , , , , , , , , , ,3, , , ,1, , , , , , , , , , , , , , , , , , , , , ,109082432,2, , , , , , ,2, , , , , , , , , , , , , , , , , , , , , , , , , , , , , , , , , ,2, , , , , , , , , , , 
2024-10-19 10:01:51.179 UTC, , , , , , , , , ,125,3221373,72720,2800, ,12, ,4, , , , , , , , , ,12,12, , , ,6,7,14, ,2, , , , , , , , , , , , , , ,69156,8, ,68873, , , , ,69207,244270575616,17,17,17,17, , , , , , , , , , , , , , , , , , , , , , , , , , , , , , , , ,69207,1729322904395,,, , , , , , , , , ,3145728,69156, , , , , , , , , , , , ,3, , , ,1, , , , , , , , , , , , , , , ,2,26, , ,1,3,101755816,2, , , , , , ,4, , , , , , , , , , , , , , , , , , , , , , , , , , , , , , , , , ,4, , , , , , , , , , , 
2024-10-19 10:02:51.185 UTC, , , , , , , , , ,125,3221373,72720,2800, ,12, ,4, , , , , , , , , ,12,12, , , ,6,7,14, ,2, , , , , , , , , , , , , , ,69156,8, ,68873, , , , ,69207,244270575616,17,17,17,17, , , , , , , , , , , , , , , , , , , , , , , , , , , , , , , , ,69207,1729322904395,,, , , , , , , , , ,3145728,69156, , , , , , , , , , , , ,3, , , ,1, , , , , , , , , , , , , , , , , , , ,1,4,94451024,2, , , , , , ,4, , , , , , , , , , , , , , , , , , , , , , , , , , , , , , , , , ,4, , , , , , , , , , , 
2024-10-19 10:03:51.192 UTC, , , , , , , , , ,125,3221373,72720,2800, ,12, ,4, , , , , , , , , ,12,12, , , ,6,7,14, ,2, , , , , , , , , , , , , , ,69156,8, ,68873, , , , ,69207,244270575616,17,17,17,17, , , , , , , , , , , , , , , , , , , , , , , , , , , , , , , , ,69207,1729322904395,,, , , , , , , , , ,3145728,69156, , , , , , , , , , , , ,3, , , ,1, , , , , , , , , , , , , , , ,2,9, , ,1,6,87160312,2, , , , , , ,4, , , , , , , , , , , , , , , , , , , , , , , , , , , , , , , , , ,4, , , , , , , , , , , 
2024-10-19 10:04:51.199 UTC, , , , , , , , , ,125,3221373,72720,2800, ,12, ,2, , , , , , , , , ,12,12, , , ,6,7,14, ,1, , , , , , , , , , , , , , ,69156,8, ,68873, , , , ,69207,244270575616,17,17,17,17, , , , , , , , , , , , , , , , , , , , , , , , , , , , , , , , ,69207,1729322904395,,, , , , , , , , , ,3145728,69156, , , , , , , , , , , , ,3, , , ,1, , , , , , , , , , , , , , , , , , , ,1,2,78719184,2, , , , , , ,2, , , , , , , , , , , , , , , , , , , , , , , , , , , , , , , , , ,2, , , , , , , , , , , 
2024-10-19 10:05:51.212 UTC, , , , , , , , , ,125,3221373,72720,2800, ,12, ,4, , , , , , , , , ,12,12, , , ,6,7,14, ,2, , , , , , , , , , , , , , ,69156,8, ,68873, , , , ,69207,244270510080,17,17,17,17, , , , , , , , , , , , , , , , , , , , , , , , , , , , , , , , ,69207,1729322904395,,, , , , , , , , , ,3145728,69156, , , , , , , , , , , , ,3, , , ,1, , , , , , , , , , , , , , , ,2,38, , ,1,10,72433696,2, , , , , , ,4, , , , , , , , , , , , , , , , , , , , , , , , , , , , , , , , , ,4, , , , , , , , , , , 
2024-10-19 10:06:51.217 UTC, , , , , , , , , ,125,3221373,72720,2800, ,12, ,4, , , , , , , , , ,12,12, , , ,6,7,14, ,2, , , , , , , , , , , , , , ,69156,8, ,68873, , , , ,69207,244270510080,17,17,17,17, , , , , , , , , , , , , , , , , , , , , , , , , , , , , , , , ,69207,1729322904395,,, , , , , , , , , ,3145728,69156, , , , , , , , , , , , ,3, , , ,1, , , , , , , , , , , , , , , , , , , ,1,3,64036192,2, , , , , , ,4, , , , , , , , , , , , , , , , , , , , , , , , , , , , , , , , , ,4, , , , , , , , , , , 
2024-10-19 10:07:51.225 UTC, , , , , , , , , ,125,3221373,72720,2800, ,12, ,2, , , , , , , , , ,12,12, , , ,6,7,14, ,1, , , , , , , , , , , , , , ,69156,8, ,68873, , , , ,69207,244270510080,17,17,17,17, , , , , , , , , , , , , , , , , , , , , , , , , , , , , , , , ,69207,1729322904395,,, , , , , , , , , ,3145728,69156, , , , , , , , , , , , ,3, , , ,1, , , , , , , , , , , , , , , ,2,62, , ,1,2,56709600,2, , , , , , ,2, , , , , , , , , , , , , , , , , , , , , , , , , , , , , , , , , ,2, , , , , , , , , , , 
2024-10-19 10:08:51.233 UTC, , , , , , , , , ,125,3221373,72720,2800, ,12, ,2, , , , , , , , , ,12,12, , , ,6,7,14, ,1, , , , , , , , , , , , , , ,69156,8, ,68873, , , , ,69207,244270505984,17,17,17,17, , , , , , , , , , , , , , , , , , , , , , , , , , , , , , , , ,69207,1729322904395,,, , , , , , , , , ,3145728,69156, , , , , , , , , , , , ,3, , , ,1, , , , , , , , , , , , , , , , , , , , , ,110186976,2, , , , , , ,2, , , , , , , , , , , , , , , , , , , , , , , , , , , , , , , , , ,2, , , , , , , , , , , 
2024-10-19 10:09:51.448 UTC, , , , , , , , , ,125,3221373,72720,2800, ,12, ,4, , , , , , , , , ,12,12, , , ,6,7,14, ,2, , , , , , , , , , , , , , ,69156,8, ,68873, , , , ,69207,244270505984,17,17,17,17, , , , , , , , , , , , , , , , , , , , , , , , , , , , , , , , ,69207,1729322904395,,, , , , , , , , , ,3145728,69156, , , , , , , , , , , , ,3, , , ,1, , , , , , , , , , , , , , , , , , , ,1,2,103876656,2, , , , , , ,4, , , , , , , , , , , , , , , , , , , , , , , , , , , , , , , , , ,4, , , , , , , , , , , 
2024-10-19 10:10:51.454 UTC, , , , , , , , , ,125,3221373,72720,2800, ,12, ,2, , , , , , , , , ,12,12, , , ,6,7,14, ,1, , , , , , , , , , , , , , ,69156,8, ,68873, , , , ,69207,244270530560,17,17,17,17, , , , , , , , , , , , , , , , , , , , , , , , , , , , , , , , ,69207,1729322904395,,, , , , , , , , , ,3145728,69156, , , , , , , , , , , , ,3, , , ,1, , , , , , , , , , , , , , , ,2,13, , ,1,3,95505776,2, , , , , , ,2, , , , , , , , , , , , , , , , , , , , , , , , , , , , , , , , , ,2, , , , , , , , , , , 
2024-10-19 10:11:51.462 UTC, , , , , , , , , ,125,3221373,72720,2800, ,12, ,2, , , , , , , , , ,12,12, , , ,6,7,14, ,1, , , , , , , , , , , , , , ,69156,8, ,68873, , , , ,69207,244270514176,17,17,17,17, , , , , , , , , , , , , , , , , , , , , , , , , , , , , , , , ,69207,1729322904395,,, , , , , , , , , ,3145728,69156, , , , , , , , , , , , ,3, , , ,1, , , , , , , , , , , , , , , , , , , ,1,2,88092016,4, , , , , , ,2, , , , , , , , , , , , , , , , , , , , , , , , , , , , , , , , , ,2, , , , , , , , , , , 
2024-10-19 10:12:51.472 UTC, , , , , , , , , ,125,3221373,72720,2800, ,12, ,4, , , , , , , , , ,12,12, , , ,6,7,14, ,2, , , , , , , , , , , , , , ,69156,8, ,68873, , , , ,69207,244270505984,17,17,17,17, , , , , , , , , , , , , , , , , , , , , , , , , , , , , , , , ,69207,1729322904395,,, , , , , , , , , ,3145728,69156, , , , , , , , , , , , ,3, , , ,1, , , , , , , , , , , , , , , ,2,5, , ,1,3,80808288,3, , , , , , ,4, , , , , , , , , , , , , , , , , , , , , , , , , , , , , , , , , ,4, , , , , , , , , , , 
2024-10-19 10:13:51.483 UTC, , , , , , , , , ,125,3221373,72720,2800, ,12, ,2, , , , , , , , , ,12,12, , , ,6,7,14, ,1, , , , , , , , , , , , , , ,69156,8, ,68873, , , , ,69207,244270510080,17,17,17,17, , , , , , , , , , , , , , , , , , , , , , , , , , , , , , , , ,69207,1729322904395,,, , , , , , , , , ,3145728,69156, , , , , , , , , , , , ,3, , , ,1, , , , , , , , , , , , , , , , , , , ,1,3,73507920,2, , , , , , ,2, , , , , , , , , , , , , , , , , , , , , , , , , , , , , , , , , ,2, , , , , , , , , , , 
2024-10-19 10:14:51.496 UTC, , , , , , , , , ,125,3221373,72720,2800, ,12, ,4, , , , , , , , , ,12,12, , , ,6,7,14, ,2, , , , , , , , , , , , , , ,69156,8, ,68873, , , , ,69207,244270432256,17,17,17,17, , , , , , , , , , , , , , , , , , , , , , , , , , , , , , , , ,69207,1729322904395,,, , , , , , , , , ,3145728,69156, , , , , , , , , , , , ,3, , , ,1, , , , , , , , , , , , , , , ,2,9, , ,1,3,66185736,2, , , , , , ,4, , , , , , , , , , , , , , , , , , , , , , , , , , , , , , , , , ,4, , , , , , , , , , , 
2024-10-19 10:15:51.539 UTC, , , , , , , , , ,125,3221373,72720,2800, ,12, ,2, , , , , , , , , ,12,12, , , ,6,7,14, ,1, , , , , , , , , , , , , , ,69156,8, ,68873, , , , ,69207,244270432256,17,17,17,17, , , , , , , , , , , , , , , , , , , , , , , , , , , , , , , , ,69207,1729322904395,,, , , , , , , , , ,3145728,69156, , , , , , , , , , , , ,3, , , ,1, , , , , , , , , , , , , , , , , , , ,1,4,57814056,2, , , , , , ,2, , , , , , , , , , , , , , , , , , , , , , , , , , , , , , , , , ,2, , , , , , , , , , , 
2024-10-19 10:16:51.788 UTC, , , , , , , , , ,125,3221373,72720,2800, ,12, ,4, , , , , , , , , ,12,12, , , ,6,7,14, ,2, , , , , , , , , , , , , , ,69156,8, ,68873, , , , ,69207,244270428160,17,17,17,17, , , , , , , , , , , , , , , , , , , , , , , , , , , , , , , , ,69207,1729322904395,,, , , , , , , , , ,3145728,69156, , , , , , , , , , , , ,3, , , ,1, , , , , , , , , , , , , , , ,2,24, , ,1,5,51529808,2, , , , , , ,4, , , , , , , , , , , , , , , , , , , , , , , , , , , , , , , , , ,4, , , , , , , , , , , 
2024-10-19 10:17:51.798 UTC, , , , , , , , , ,125,3221373,72720,2800, ,12, ,2, , , , , , , , , ,12,12, , , ,6,7,14, ,1, , , , , , , , , , , , , , ,69156,8, ,68873, , , , ,69207,244270436352,17,17,17,17, , , , , , , , , , , , , , , , , , , , , , , , , , , , , , , , ,69207,1729322904395,,, , , , , , , , , ,3145728,69156, , , , , , , , , , , , ,3, , , ,1, , , , , , , , , , , , , , , , , , , , , ,105007184,2, , , , , , ,2, , , , , , , , , , , , , , , , , , , , , , , , , , , , , , , , , ,2, , , , , , , , , , , 
2024-10-19 10:18:51.812 UTC, , , , , , , , , ,125,3221373,72720,2800, ,12, ,2, , , , , , , , , ,12,12, , , ,6,7,14, ,1, , , , , , , , , , , , , , ,69156,8, ,68873, , , , ,69207,244270428160,17,17,17,17, , , , , , , , , , , , , , , , , , , , , , , , , , , , , , , , ,69207,1729322904395,,, , , , , , , , , ,3145728,69156, , , , , , , , , , , , ,3, , , ,1, , , , , , , , , , , , , , , , , , , ,1,3,97619432,2, , , , , , ,2, , , , , , , , , , , , , , , , , , , , , , , , , , , , , , , , , ,2, , , , , , , , , , , 
2024-10-19 10:19:52.392 UTC, , , , , , , , , ,125,3221373,72720,2800, ,12, ,4, , , , , , , , , ,12,12, , , ,6,7,14, ,2, , , , , , , , , , , , , , ,69156,8, ,68873, , , , ,69207,244237185024,17,17,17,17, , , , , , , , , , , , , , , , , , , , , , , , , , , , , , , , ,69207,1729322904395,,, , , , , , , , , ,3145728,69156, , , , , , , , , , , , ,3, , , ,1, , , , , , , , , , , , , , , ,2,24, , ,1,4,90360392,2, , , , , , ,4, , , , , , , , , , , , , , , , , , , , , , , , , , , , , , , , , ,4, , , , , , , , , , , 
2024-10-19 10:20:52.654 UTC, , , , , , , , , ,125,3221373,72720,2800, ,12, ,2, , , , , , , , , ,12,12, , , ,6,7,14, ,1, , , , , , , , , , , , , , ,69156,8, ,68873, , , , ,69207,244237185024,17,17,17,17, , , , , , , , , , , , , , , , , , , , , , , , , , , , , , , , ,69207,1729322904395,,, , , , , , , , , ,3145728,69156, , , , , , , , , , , , ,3, , , ,1, , , , , , , , , , , , , , , , , , , ,1,2,82997456,2, , , , , , ,2, , , , , , , , , , , , , , , , , , , , , , , , , , , , , , , , , ,2, , , , , , , , , , , 
2024-10-19 10:21:52.661 UTC, , , , , , , , , ,125,3221373,72720,2800, ,12, ,4, , , , , , , , , ,12,12, , , ,6,7,14, ,2, , , , , , , , , , , , , , ,69156,8, ,68873, , , , ,69207,244237185024,17,17,17,17, , , , , , , , , , , , , , , , , , , , , , , , , , , , , , , , ,69207,1729322904395,,, , , , , , , , , ,3145728,69156, , , , , , , , , , , , ,3, , , ,1, , , , , , , , , , , , , , , ,2,12, , ,1,2,75688728,3, , , , , , ,4, , , , , , , , , , , , , , , , , , , , , , , , , , , , , , , , , ,4, , , , , , , , , , , 
2024-10-19 10:22:52.668 UTC, , , , , , , , , ,125,3221373,72720,2800, ,12, ,2, , , , , , , , , ,12,12, , , ,6,7,14, ,1, , , , , , , , , , , , , , ,69156,8, ,68873, , , , ,69207,244237185024,17,17,17,17, , , , , , , , , , , , , , , , , , , , , , , , , , , , , , , , ,69207,1729322904395,,, , , , , , , , , ,3145728,69156, , , , , , , , , , , , ,3, , , ,1, , , , , , , , , , , , , , , , , , , ,1,2,68330200,2, , , , , , ,2, , , , , , , , , , , , , , , , , , , , , , , , , , , , , , , , , ,2, , , , , , , , , , , 
2024-10-19 10:23:52.674 UTC, , , , , , , , , ,125,3221373,72720,2800, ,12, ,4, , , , , , , , , ,12,12, , , ,6,7,14, ,2, , , , , , , , , , , , , , ,69156,8, ,68873, , , , ,69207,244237185024,17,17,17,17, , , , , , , , , , , , , , , , , , , , , , , , , , , , , , , , ,69207,1729322904395,,, , , , , , , , , ,3145728,69156, , , , , , , , , , , , ,3, , , ,1, , , , , , , , , , , , , , , ,2,34, , ,1,4,60925784,2, , , , , , ,4, , , , , , , , , , , , , , , , , , , , , , , , , , , , , , , , , ,4, , , , , , , , , , , 
2024-10-19 10:24:52.686 UTC, , , , , , , , , ,125,3221373,72720,2800, ,12, ,2, , , , , , , , , ,12,12, , , ,6,7,14, ,1, , , , , , , , , , , , , , ,69156,8, ,68873, , , , ,69207,244237180928,17,17,17,17, , , , , , , , , , , , , , , , , , , , , , , , , , , , , , , , ,69207,1729322904395,,, , , , , , , , , ,3145728,69156, , , , , , , , , , , , ,3, , , ,1, , , , , , , , , , , , , , , , , , , ,1,2,52652688,2, , , , , , ,2, , , , , , , , , , , , , , , , , , , , , , , , , , , , , , , , , ,2, , , , , , , , , , , 
2024-10-19 10:25:52.870 UTC, , , , , , , , , ,125,3221373,72720,2800, ,12, ,2, , , , , , , , , ,12,12, , , ,6,7,14, ,1, , , , , , , , , , , , , , ,69156,8, ,68873, , , , ,69207,244237180928,17,17,17,17, , , , , , , , , , , , , , , , , , , , , , , , , , , , , , , , ,69207,1729322904395,,, , , , , , , , , ,3145728,69156, , , , , , , , , , , , ,3, , , ,1, , , , , , , , , , , , , , , , , , , , , ,107178640,2, , , , , , ,2, , , , , , , , , , , , , , , , , , , , , , , , , , , , , , , , , ,2, , , , , , , , , , , 
2024-10-19 10:26:52.881 UTC, , , , , , , , , ,125,3221373,72720,2800, ,12, ,4, , , , , , , , , ,12,12, , , ,6,7,14, ,2, , , , , , , , , , , , , , ,69156,8, ,68873, , , , ,69207,244237180928,17,17,17,17, , , , , , , , , , , , , , , , , , , , , , , , , , , , , , , , ,69207,1729322904395,,, , , , , , , , , ,3145728,69156, , , , , , , , , , , , ,3, , , ,1, , , , , , , , , , , , , , , ,2,6, , ,1,3,99877312,2, , , , , , ,4, , , , , , , , , , , , , , , , , , , , , , , , , , , , , , , , , ,4, , , , , , , , , , , 
2024-10-19 10:27:52.893 UTC, , , , , , , , , ,125,3221373,72720,2800, ,12, ,2, , , , , , , , , ,12,12, , , ,6,7,14, ,1, , , , , , , , , , , , , , ,69156,8, ,68873, , , , ,69207,244237180928,17,17,17,17, , , , , , , , , , , , , , , , , , , , , , , , , , , , , , , , ,69207,1729322904395,,, , , , , , , , , ,3145728,69156, , , , , , , , , , , , ,3, , , ,1, , , , , , , , , , , , , , , , , , , ,1,3,92488568,3, , , , , , ,2, , , , , , , , , , , , , , , , , , , , , , , , , , , , , , , , , ,2, , , , , , , , , , , 
2024-10-19 10:28:52.945 UTC, , , , , , , , , ,125,3221373,72720,2800, ,12, ,4, , , , , , , , , ,12,12, , , ,6,7,14, ,2, , , , , , , , , , , , , , ,69156,8, ,68873, , , , ,69207,244237180928,17,17,17,17, , , , , , , , , , , , , , , , , , , , , , , , , , , , , , , , ,69207,1729322904395,,, , , , , , , , , ,3145728,69156, , , , , , , , , , , , ,3, , , ,1, , , , , , , , , , , , , , , ,2,14, , ,1,3,85204352,2, , , , , , ,4, , , , , , , , , , , , , , , , , , , , , , , , , , , , , , , , , ,4, , , , , , , , , , , 
2024-10-19 10:29:52.952 UTC, , , , , , , , , ,125,3221373,72720,2800, ,12, ,2, , , , , , , , , ,12,12, , , ,6,7,14, ,1, , , , , , , , , , , , , , ,69156,8, ,68873, , , , ,69207,243743232000,17,17,17,17, , , , , , , , , , , , , , , , , , , , , , , , , , , , , , , , ,69207,1729322904395,,, , , , , , , , , ,3145728,69156, , , , , , , , , , , , ,3, , , ,1, , , , , , , , , , , , , , , , , , , ,1,3,76841072,2, , , , , , ,2, , , , , , , , , , , , , , , , , , , , , , , , , , , , , , , , , ,2, , , , , , , , , , , 
2024-10-19 10:30:53.421 UTC, , , , , , , , , ,125,3221373,72720,2800, ,12, ,4, , , , , , , , , ,12,12, , , ,6,7,14, ,2, , , , , , , , , , , , , , ,69156,8, ,68873, , , , ,69207,243743232000,17,17,17,17, , , , , , , , , , , , , , , , , , , , , , , , , , , , , , , , ,69207,1729322904395,,, , , , , , , , , ,3145728,69156, , , , , , , , , , , , ,3, , , ,1, , , , , , , , , , , , , , , ,2,77, , ,1,4,70500912,2, , , , , , ,4, , , , , , , , , , , , , , , , , , , , , , , , , , , , , , , , , ,4, , , , , , , , , , , 
2024-10-19 10:31:53.434 UTC, , , , , , , , , ,125,3221373,72720,2800, ,12, ,2, , , , , , , , , ,12,12, , , ,6,7,14, ,1, , , , , , , , , , , , , , ,69156,8, ,68873, , , , ,69207,243743232000,17,17,17,17, , , , , , , , , , , , , , , , , , , , , , , , , , , , , , , , ,69207,1729322904395,,, , , , , , , , , ,3145728,69156, , , , , , , , , , , , ,3, , , ,1, , , , , , , , , , , , , , , , , , , ,1,2,62185448,2, , , , , , ,2, , , , , , , , , , , , , , , , , , , , , , , , , , , , , , , , , ,2, , , , , , , , , , , 
2024-10-19 10:32:54.076 UTC, , , , , , , , , ,125,3221373,72720,2800, ,12, ,4, , , , , , , , , ,12,12, , , ,6,7,14, ,2, , , , , , , , , , , , , , ,69156,8, ,68873, , , , ,69207,243743227904,17,17,17,17, , , , , , , , , , , , , , , , , , , , , , , , , , , , , , , , ,69207,1729322904395,,, , , , , , , , , ,3145728,69156, , , , , , , , , , , , ,3, , , ,1, , , , , , , , , , , , , , , ,2,5, , ,1,2,55862808,2, , , , , , ,4, , , , , , , , , , , , , , , , , , , , , , , , , , , , , , , , , ,4, , , , , , , , , , , 
2024-10-19 10:33:54.082 UTC, , , , , , , , , ,125,3221373,72720,2800, ,12, ,2, , , , , , , , , ,12,12, , , ,6,7,14, ,1, , , , , , , , , , , , , , ,69156,8, ,68873, , , , ,69207,243743227904,17,17,17,17, , , , , , , , , , , , , , , , , , , , , , , , , , , , , , , , ,69207,1729322904395,,, , , , , , , , , ,3145728,69156, , , , , , , , , , , , ,3, , , ,1, , , , , , , , , , , , , , , , , , , , , ,110388760,2, , , , , , ,2, , , , , , , , , , , , , , , , , , , , , , , , , , , , , , , , , ,2, , , , , , , , , , , 
2024-10-19 10:34:54.275 UTC, , , , , , , , , ,125,3221373,72720,2800, ,12, ,4, , , , , , , , , ,12,12, , , ,6,7,14, ,2, , , , , , , , , , , , , , ,69156,8, ,68873, , , , ,69207,243743227904,17,17,17,17, , , , , , , , , , , , , , , , , , , , , , , , , , , , , , , , ,69207,1729322904395,,, , , , , , , , , ,3145728,69156, , , , , , , , , , , , ,3, , , ,1, , , , , , , , , , , , , , , , , , , ,1,6,102984872,2, , , , , , ,4, , , , , , , , , , , , , , , , , , , , , , , , , , , , , , , , , ,4, , , , , , , , , , , 
2024-10-19 10:35:54.281 UTC, , , , , , , , , ,125,3221373,72720,2800, ,12, ,2, , , , , , , , , ,12,12, , , ,6,7,14, ,1, , , , , , , , , , , , , , ,69156,8, ,68873, , , , ,69207,243743227904,17,17,17,17, , , , , , , , , , , , , , , , , , , , , , , , , , , , , , , , ,69207,1729322904395,,, , , , , , , , , ,3145728,69156, , , , , , , , , , , , ,3, , , ,1, , , , , , , , , , , , , , , ,2,7, , ,1,3,94635688,2, , , , , , ,2, , , , , , , , , , , , , , , , , , , , , , , , , , , , , , , , , ,2, , , , , , , , , , , 
2024-10-19 10:36:54.291 UTC, , , , , , , , , ,125,3221373,72720,2800, ,12, ,4, , , , , , , , , ,12,12, , , ,6,7,14, ,2, , , , , , , , , , , , , , ,69156,8, ,68873, , , , ,69207,243743227904,17,17,17,17, , , , , , , , , , , , , , , , , , , , , , , , , , , , , , , , ,69207,1729322904395,,, , , , , , , , , ,3145728,69156, , , , , , , , , , , , ,3, , , ,1, , , , , , , , , , , , , , , , , , , ,1,2,87334320,2, , , , , , ,4, , , , , , , , , , , , , , , , , , , , , , , , , , , , , , , , , ,4, , , , , , , , , , , 
2024-10-19 10:37:54.297 UTC, , , , , , , , , ,125,3221373,72720,2800, ,12, ,2, , , , , , , , , ,12,12, , , ,6,7,14, ,1, , , , , , , , , , , , , , ,69156,8, ,68873, , , , ,69207,243743227904,17,17,17,17, , , , , , , , , , , , , , , , , , , , , , , , , , , , , , , , ,69207,1729322904395,,, , , , , , , , , ,3145728,69156, , , , , , , , , , , , ,3, , , ,1, , , , , , , , , , , , , , , ,2,31, , ,1,19,79888584,2, , , , , , ,2, , , , , , , , , , , , , , , , , , , , , , , , , , , , , , , , , ,2, , , , , , , , , , , 
2024-10-19 10:38:54.303 UTC, , , , , , , , , ,125,3221373,72720,2800, ,12, ,4, , , , , , , , , ,12,12, , , ,6,7,14, ,2, , , , , , , , , , , , , , ,69156,8, ,68873, , , , ,69207,243743170560,17,17,17,17, , , , , , , , , , , , , , , , , , , , , , , , , , , , , , , , ,69207,1729322904395,,, , , , , , , , , ,3145728,69156, , , , , , , , , , , , ,3, , , ,1, , , , , , , , , , , , , , , , , , , ,1,2,72639152,2, , , , , , ,4, , , , , , , , , , , , , , , , , , , , , , , , , , , , , , , , , ,4, , , , , , , , , , , 
2024-10-19 10:39:54.310 UTC, , , , , , , , , ,125,3221373,72720,2800, ,12, ,2, , , , , , , , , ,12,12, , , ,6,7,14, ,1, , , , , , , , , , , , , , ,69156,8, ,68873, , , , ,69207,243743158272,17,17,17,17, , , , , , , , , , , , , , , , , , , , , , , , , , , , , , , , ,69207,1729322904395,,, , , , , , , , , ,3145728,69156, , , , , , , , , , , , ,3, , , ,1, , , , , , , , , , , , , , , ,2,13, , ,1,3,65320608,2, , , , , , ,2, , , , , , , , , , , , , , , , , , , , , , , , , , , , , , , , , ,2, , , , , , , , , , , 
2024-10-19 10:40:54.319 UTC, , , , , , , , , ,125,3221373,72720,2800, ,12, ,4, , , , , , , , , ,12,12, , , ,6,7,14, ,2, , , , , , , , , , , , , , ,69156,8, ,68873, , , , ,69207,243743166464,17,17,17,17, , , , , , , , , , , , , , , , , , , , , , , , , , , , , , , , ,69207,1729322904395,,, , , , , , , , , ,3145728,69156, , , , , , , , , , , , ,3, , , ,1, , , , , , , , , , , , , , , , , , , ,1,4,57942784,2, , , , , , ,4, , , , , , , , , , , , , , , , , , , , , , , , , , , , , , , , , ,4, , , , , , , , , , , 
2024-10-19 10:41:54.326 UTC, , , , , , , , , ,125,3221373,72720,2800, ,12, ,2, , , , , , , , , ,12,12, , , ,6,7,14, ,1, , , , , , , , , , , , , , ,69156,8, ,68873, , , , ,69207,243743154176,17,17,17,17, , , , , , , , , , , , , , , , , , , , , , , , , , , , , , , , ,69207,1729322904395,,, , , , , , , , , ,3145728,69156, , , , , , , , , , , , ,3, , , ,1, , , , , , , , , , , , , , , , , , , , , ,111420160,2, , , , , , ,2, , , , , , , , , , , , , , , , , , , , , , , , , , , , , , , , , ,2, , , , , , , , , , , 
2024-10-19 10:42:54.336 UTC, , , , , , , , , ,125,3221373,72720,2800, ,12, ,2, , , , , , , , , ,12,12, , , ,6,7,14, ,1, , , , , , , , , , , , , , ,69156,8, ,68873, , , , ,69207,243743166464,17,17,17,17, , , , , , , , , , , , , , , , , , , , , , , , , , , , , , , , ,69207,1729322904395,,, , , , , , , , , ,3145728,69156, , , , , , , , , , , , ,3, , , ,1, , , , , , , , , , , , , , , ,2,7, , ,1,2,104164784,2, , , , , , ,2, , , , , , , , , , , , , , , , , , , , , , , , , , , , , , , , , ,2, , , , , , , , , , , 
2024-10-19 10:43:54.344 UTC, , , , , , , , , ,125,3221373,72720,2800, ,12, ,4, , , , , , , , , ,12,12, , , ,6,7,14, ,2, , , , , , , , , , , , , , ,69156,8, ,68873, , , , ,69207,243743154176,17,17,17,17, , , , , , , , , , , , , , , , , , , , , , , , , , , , , , , , ,69207,1729322904395,,, , , , , , , , , ,3145728,69156, , , , , , , , , , , , ,3, , , ,1, , , , , , , , , , , , , , , , , , , ,1,3,96801240,2, , , , , , ,4, , , , , , , , , , , , , , , , , , , , , , , , , , , , , , , , , ,4, , , , , , , , , , , 
2024-10-19 10:44:54.352 UTC, , , , , , , , , ,125,3221373,72720,2800, ,12, ,2, , , , , , , , , ,12,12, , , ,6,7,14, ,1, , , , , , , , , , , , , , ,69156,8, ,68873, , , , ,69207,243743150080,17,17,17,17, , , , , , , , , , , , , , , , , , , , , , , , , , , , , , , , ,69207,1729322904395,,, , , , , , , , , ,3145728,69156, , , , , , , , , , , , ,3, , , ,1, , , , , , , , , , , , , , , ,2,6, , ,1,3,89500040,2, , , , , , ,2, , , , , , , , , , , , , , , , , , , , , , , , , , , , , , , , , ,2, , , , , , , , , , , 
2024-10-19 10:45:54.460 UTC, , , , , , , , , ,125,3221373,72720,2800, ,12, ,4, , , , , , , , , ,12,12, , , ,6,7,14, ,2, , , , , , , , , , , , , , ,69156,8, ,68873, , , , ,69207,243743166464,17,17,17,17, , , , , , , , , , , , , , , , , , , , , , , , , , , , , , , , ,69207,1729322904395,,, , , , , , , , , ,3145728,69156, , , , , , , , , , , , ,3, , , ,1, , , , , , , , , , , , , , , , , , , ,1,5,82198792,2, , , , , , ,4, , , , , , , , , , , , , , , , , , , , , , , , , , , , , , , , , ,4, , , , , , , , , , , 
2024-10-19 10:46:54.466 UTC, , , , , , , , , ,125,3221373,72720,2800, ,12, ,2, , , , , , , , , ,12,12, , , ,6,7,14, ,1, , , , , , , , , , , , , , ,69156,8, ,68873, , , , ,69207,243743166464,17,17,17,17, , , , , , , , , , , , , , , , , , , , , , , , , , , , , , , , ,69207,1729322904395,,, , , , , , , , , ,3145728,69156, , , , , , , , , , , , ,3, , , ,1, , , , , , , , , , , , , , , ,2,10, , ,1,2,73755464,2, , , , , , ,2, , , , , , , , , , , , , , , , , , , , , , , , , , , , , , , , , ,2, , , , , , , , , , , 
2024-10-19 10:47:54.472 UTC, , , , , , , , , ,125,3221373,72720,2800, ,12, ,4, , , , , , , , , ,12,12, , , ,6,7,14, ,2, , , , , , , , , , , , , , ,69156,8, ,68873, , , , ,69207,243743170560,17,17,17,17, , , , , , , , , , , , , , , , , , , , , , , , , , , , , , , , ,69207,1729322904395,,, , , , , , , , , ,3145728,69156, , , , , , , , , , , , ,3, , , ,1, , , , , , , , , , , , , , , , , , , ,1,3,66540152,2, , , , , , ,4, , , , , , , , , , , , , , , , , , , , , , , , , , , , , , , , , ,4, , , , , , , , , , , 
2024-10-19 10:48:54.479 UTC, , , , , , , , , ,125,3221373,72720,2800, ,12, ,2, , , , , , , , , ,12,12, , , ,6,7,14, ,1, , , , , , , , , , , , , , ,69156,8, ,68873, , , , ,69207,243743150080,17,17,17,17, , , , , , , , , , , , , , , , , , , , , , , , , , , , , , , , ,69207,1729322904395,,, , , , , , , , , ,3145728,69156, , , , , , , , , , , , ,3, , , ,1, , , , , , , , , , , , , , , ,2,5, , ,1,2,58104392,2, , , , , , ,2, , , , , , , , , , , , , , , , , , , , , , , , , , , , , , , , , ,2, , , , , , , , , , , 
2024-10-19 10:49:54.524 UTC, , , , , , , , , ,125,3221373,72720,2800, ,12, ,4, , , , , , , , , ,12,12, , , ,6,7,14, ,2, , , , , , , , , , , , , , ,69156,8, ,68873, , , , ,69207,243743150080,17,17,17,17, , , , , , , , , , , , , , , , , , , , , , , , , , , , , , , , ,69207,1729322904395,,, , , , , , , , , ,3145728,69156, , , , , , , , , , , , ,3, , , ,1, , , , , , , , , , , , , , , , , , , ,1,2,50726336,2, , , , , , ,4, , , , , , , , , , , , , , , , , , , , , , , , , , , , , , , , , ,4, , , , , , , , , , , 
2024-10-19 10:50:54.531 UTC, , , , , , , , , ,125,3221373,72720,2800, ,12, ,2, , , , , , , , , ,12,12, , , ,6,7,14, ,1, , , , , , , , , , , , , , ,69156,8, ,68873, , , , ,69207,243743150080,17,17,17,17, , , , , , , , , , , , , , , , , , , , , , , , , , , , , , , , ,69207,1729322904395,,, , , , , , , , , ,3145728,69156, , , , , , , , , , , , ,3, , , ,1, , , , , , , , , , , , , , , , , , , , , ,105252288,2, , , , , , ,2, , , , , , , , , , , , , , , , , , , , , , , , , , , , , , , , , ,2, , , , , , , , , , , 
2024-10-19 10:51:54.546 UTC, , , , , , , , , ,125,3221373,72720,2800, ,12, ,4, , , , , , , , , ,12,12, , , ,6,7,14, ,2, , , , , , , , , , , , , , ,69156,8, ,68873, , , , ,69207,243743150080,17,17,17,17, , , , , , , , , , , , , , , , , , , , , , , , , , , , , , , , ,69207,1729322904395,,, , , , , , , , , ,3145728,69156, , , , , , , , , , , , ,3, , , ,1, , , , , , , , , , , , , , , ,2,6, , ,1,2,97921304,2, , , , , , ,4, , , , , , , , , , , , , , , , , , , , , , , , , , , , , , , , , ,4, , , , , , , , , , , 
2024-10-19 10:52:54.555 UTC, , , , , , , , , ,125,3221373,72720,2800, ,12, ,4, , , , , , , , , ,12,12, , , ,6,7,14, ,2, , , , , , , , , , , , , , ,69156,8, ,68873, , , , ,69207,243743150080,17,17,17,17, , , , , , , , , , , , , , , , , , , , , , , , , , , , , , , , ,69207,1729322904395,,, , , , , , , , , ,3145728,69156, , , , , , , , , , , , ,3, , , ,1, , , , , , , , , , , , , , , , , , , ,1,2,90569112,2, , , , , , ,4, , , , , , , , , , , , , , , , , , , , , , , , , , , , , , , , , ,4, , , , , , , , , , , 
2024-10-19 10:53:54.563 UTC, , , , , , , , , ,125,3221373,72720,2800, ,12, ,4, , , , , , , , , ,12,12, , , ,6,7,14, ,2, , , , , , , , , , , , , , ,69156,8, ,68873, , , , ,69207,243743150080,17,17,17,17, , , , , , , , , , , , , , , , , , , , , , , , , , , , , , , , ,69207,1729322904395,,, , , , , , , , , ,3145728,69156, , , , , , , , , , , , ,3, , , ,1, , , , , , , , , , , , , , , ,2,5, , ,1,2,83345784,2, , , , , , ,4, , , , , , , , , , , , , , , , , , , , , , , , , , , , , , , , , ,4, , , , , , , , , , , 
2024-10-19 10:54:54.579 UTC, , , , , , , , , ,125,3221373,72720,2800, ,12, ,2, , , , , , , , , ,12,12, , , ,6,7,14, ,1, , , , , , , , , , , , , , ,69156,8, ,68873, , , , ,69207,243743150080,17,17,17,17, , , , , , , , , , , , , , , , , , , , , , , , , , , , , , , , ,69207,1729322904395,,, , , , , , , , , ,3145728,69156, , , , , , , , , , , , ,3, , , ,1, , , , , , , , , , , , , , , , , , , ,1,3,75926552,2, , , , , , ,2, , , , , , , , , , , , , , , , , , , , , , , , , , , , , , , , , ,2, , , , , , , , , , , 
2024-10-19 10:55:54.588 UTC, , , , , , , , , ,125,3221373,72720,2800, ,12, ,4, , , , , , , , , ,12,12, , , ,6,7,14, ,2, , , , , , , , , , , , , , ,69156,8, ,68873, , , , ,69207,243743150080,17,17,17,17, , , , , , , , , , , , , , , , , , , , , , , , , , , , , , , , ,69207,1729322904395,,, , , , , , , , , ,3145728,69156, , , , , , , , , , , , ,3, , , ,1, , , , , , , , , , , , , , , ,2,13, , ,1,6,68641104,2, , , , , , ,4, , , , , , , , , , , , , , , , , , , , , , , , , , , , , , , , , ,4, , , , , , , , , , , 
2024-10-19 10:56:54.597 UTC, , , , , , , , , ,125,3221373,72720,2800, ,12, ,4, , , , , , , , , ,12,12, , , ,6,7,14, ,2, , , , , , , , , , , , , , ,69156,8, ,68873, , , , ,69207,243743145984,17,17,17,17, , , , , , , , , , , , , , , , , , , , , , , , , , , , , , , , ,69207,1729322904395,,, , , , , , , , , ,3145728,69156, , , , , , , , , , , , ,3, , , ,1, , , , , , , , , , , , , , , , , , , ,1,3,61329440,2, , , , , , ,4, , , , , , , , , , , , , , , , , , , , , , , , , , , , , , , , , ,4, , , , , , , , , , , 
2024-10-19 10:57:54.605 UTC, , , , , , , , , ,125,3221373,72720,2800, ,12, ,2, , , , , , , , , ,12,12, , , ,6,7,14, ,1, , , , , , , , , , , , , , ,69156,8, ,68873, , , , ,69207,243743145984,17,17,17,17, , , , , , , , , , , , , , , , , , , , , , , , , , , , , , , , ,69207,1729322904395,,, , , , , , , , , ,3145728,69156, , , , , , , , , , , , ,3, , , ,1, , , , , , , , , , , , , , , ,2,6, , ,1,3,52892552,2, , , , , , ,2, , , , , , , , , , , , , , , , , , , , , , , , , , , , , , , , , ,2, , , , , , , , , , , 
2024-10-19 10:58:54.620 UTC, , , , , , , , , ,125,3221373,72720,2800, ,12, ,4, , , , , , , , , ,12,12, , , ,6,7,14, ,2, , , , , , , , , , , , , , ,69156,8, ,68873, , , , ,69207,243743145984,17,17,17,17, , , , , , , , , , , , , , , , , , , , , , , , , , , , , , , , ,69207,1729322904395,,, , , , , , , , , ,3145728,69156, , , , , , , , , , , , ,3, , , ,1, , , , , , , , , , , , , , , , , , , , , ,107418504,2, , , , , , ,4, , , , , , , , , , , , , , , , , , , , , , , , , , , , , , , , , ,4, , , , , , , , , , , 
2024-10-19 10:59:54.627 UTC, , , , , , , , , ,125,3221373,72720,2800, ,12, ,4, , , , , , , , , ,12,12, , , ,6,7,14, ,2, , , , , , , , , , , , , , ,69156,8, ,68873, , , , ,69207,243743145984,17,17,17,17, , , , , , , , , , , , , , , , , , , , , , , , , , , , , , , , ,69207,1729322904395,,, , , , , , , , , ,3145728,69156, , , , , , , , , , , , ,3, , , ,1, , , , , , , , , , , , , , , , , , , ,1,2,100082824,2, , , , , , ,4, , , , , , , , , , , , , , , , , , , , , , , , , , , , , , , , , ,4, , , , , , , , , , , 
2024-10-19 11:00:54.633 UTC, , , , , , , , , ,125,3221373,72720,2800, ,12, ,4, , , , , , , , , ,12,12, , , ,6,7,14, ,2, , , , , , , , , , , , , , ,69156,8, ,68873, , , , ,69207,243743145984,17,17,17,17, , , , , , , , , , , , , , , , , , , , , , , , , , , , , , , , ,69207,1729322904395,,, , , , , , , , , ,3145728,69156, , , , , , , , , , , , ,3, , , ,1, , , , , , , , , , , , , , , ,2,7, , ,1,3,92738616,2, , , , , , ,4, , , , , , , , , , , , , , , , , , , , , , , , , , , , , , , , , ,4, , , , , , , , , , , 
2024-10-19 11:01:54.640 UTC, , , , , , , , , ,125,3221373,72720,2800, ,12, ,2, , , , , , , , , ,12,12, , , ,6,7,14, ,1, , , , , , , , , , , , , , ,69156,8, ,68873, , , , ,69207,243743145984,17,17,17,17, , , , , , , , , , , , , , , , , , , , , , , , , , , , , , , , ,69207,1729322904395,,, , , , , , , , , ,3145728,69156, , , , , , , , , , , , ,3, , , ,1, , , , , , , , , , , , , , , , , , , ,1,2,84398128,1, , , , , , ,2, , , , , , , , , , , , , , , , , , , , , , , , , , , , , , , , , ,2, , , , , , , , , , , 
2024-10-19 11:02:54.657 UTC, , , , , , , , , ,125,3221373,72720,2800, ,12, ,4, , , , , , , , , ,12,12, , , ,6,7,14, ,2, , , , , , , , , , , , , , ,69156,8, ,68873, , , , ,69207,243743080448,17,17,17,17, , , , , , , , , , , , , , , , , , , , , , , , , , , , , , , , ,69207,1729322904395,,, , , , , , , , , ,3145728,69156, , , , , , , , , , , , ,3, , , ,1, , , , , , , , , , , , , , , ,2,7, , ,1,3,77124784,2, , , , , , ,4, , , , , , , , , , , , , , , , , , , , , , , , , , , , , , , , , ,4, , , , , , , , , , , 
2024-10-19 11:03:54.664 UTC, , , , , , , , , ,125,3221373,72720,2800, ,12, ,4, , , , , , , , , ,12,12, , , ,6,7,14, ,2, , , , , , , , , , , , , , ,69156,8, ,68873, , , , ,69207,243743080448,17,17,17,17, , , , , , , , , , , , , , , , , , , , , , , , , , , , , , , , ,69207,1729322904395,,, , , , , , , , , ,3145728,69156, , , , , , , , , , , , ,3, , , ,1, , , , , , , , , , , , , , , , , , , ,1,2,70797248,2, , , , , , ,4, , , , , , , , , , , , , , , , , , , , , , , , , , , , , , , , , ,4, , , , , , , , , , , 
2024-10-19 11:04:54.671 UTC, , , , , , , , , ,125,3221373,72720,2800, ,12, ,4, , , , , , , , , ,12,12, , , ,6,7,14, ,2, , , , , , , , , , , , , , ,69156,8, ,68873, , , , ,69207,243743076352,17,17,17,17, , , , , , , , , , , , , , , , , , , , , , , , , , , , , , , , ,69207,1729322904395,,, , , , , , , , , ,3145728,69156, , , , , , , , , , , , ,3, , , ,1, , , , , , , , , , , , , , , ,2,6, , ,1,4,63490552,2, , , , , , ,4, , , , , , , , , , , , , , , , , , , , , , , , , , , , , , , , , ,4, , , , , , , , , , , 
2024-10-19 11:05:54.679 UTC, , , , , , , , , ,125,3221373,72720,2800, ,12, ,2, , , , , , , , , ,12,12, , , ,6,7,14, ,1, , , , , , , , , , , , , , ,69156,8, ,68873, , , , ,69207,243743076352,17,17,17,17, , , , , , , , , , , , , , , , , , , , , , , , , , , , , , , , ,69207,1729322904395,,, , , , , , , , , ,3145728,69156, , , , , , , , , , , , ,3, , , ,1, , , , , , , , , , , , , , , , , , , ,1,3,56165008,3, , , , , , ,2, , , , , , , , , , , , , , , , , , , , , , , , , , , , , , , , , ,2, , , , , , , , , , , 
2024-10-19 11:06:54.687 UTC, , , , , , , , , ,125,3221373,72720,2800, ,12, ,4, , , , , , , , , ,12,12, , , ,6,7,14, ,2, , , , , , , , , , , , , , ,69156,8, ,68873, , , , ,69207,243743076352,17,17,17,17, , , , , , , , , , , , , , , , , , , , , , , , , , , , , , , , ,69207,1729322904395,,, , , , , , , , , ,3145728,69156, , , , , , , , , , , , ,3, , , ,1, , , , , , , , , , , , , , , , , , , , , ,110690960,2, , , , , , ,4, , , , , , , , , , , , , , , , , , , , , , , , , , , , , , , , , ,4, , , , , , , , , , , 
2024-10-19 11:07:54.693 UTC, , , , , , , , , ,125,3221373,72720,2800, ,12, ,4, , , , , , , , , ,12,12, , , ,6,7,14, ,2, , , , , , , , , , , , , , ,69156,8, ,68873, , , , ,69207,243743076352,17,17,17,17, , , , , , , , , , , , , , , , , , , , , , , , , , , , , , , , ,69207,1729322904395,,, , , , , , , , , ,3145728,69156, , , , , , , , , , , , ,3, , , ,1, , , , , , , , , , , , , , , ,2,5, , ,1,2,103370064,2, , , , , , ,4, , , , , , , , , , , , , , , , , , , , , , , , , , , , , , , , , ,4, , , , , , , , , , , 
2024-10-19 11:08:54.699 UTC, , , , , , , , , ,125,3221373,72720,2800, ,12, ,4, , , , , , , , , ,12,12, , , ,6,7,14, ,2, , , , , , , , , , , , , , ,69156,8, ,68873, , , , ,69207,243743076352,17,17,17,17, , , , , , , , , , , , , , , , , , , , , , , , , , , , , , , , ,69207,1729322904395,,, , , , , , , , , ,3145728,69156, , , , , , , , , , , , ,3, , , ,1, , , , , , , , , , , , , , , , , , , ,1,2,96058808,2, , , , , , ,4, , , , , , , , , , , , , , , , , , , , , , , , , , , , , , , , , ,4, , , , , , , , , , , 
2024-10-19 11:09:54.706 UTC, , , , , , , , , ,125,3221373,72720,2800, ,12, ,4, , , , , , , , , ,12,12, , , ,6,7,14, ,2, , , , , , , , , , , , , , ,69156,8, ,68873, , , , ,69207,243743076352,17,17,17,17, , , , , , , , , , , , , , , , , , , , , , , , , , , , , , , , ,69207,1729322904395,,, , , , , , , , , ,3145728,69156, , , , , , , , , , , , ,3, , , ,1, , , , , , , , , , , , , , , ,2,4, , ,1,2,88671952,2, , , , , , ,4, , , , , , , , , , , , , , , , , , , , , , , , , , , , , , , , , ,4, , , , , , , , , , , 
2024-10-19 11:10:54.714 UTC, , , , , , , , , ,125,3221373,72720,2800, ,12, ,2, , , , , , , , , ,12,12, , , ,6,7,14, ,1, , , , , , , , , , , , , , ,69156,8, ,68873, , , , ,69207,243743076352,17,17,17,17, , , , , , , , , , , , , , , , , , , , , , , , , , , , , , , , ,69207,1729322904395,,, , , , , , , , , ,3145728,69156, , , , , , , , , , , , ,3, , , ,1, , , , , , , , , , , , , , , , , , , ,1,3,81325056,2, , , , , , ,2, , , , , , , , , , , , , , , , , , , , , , , , , , , , , , , , , ,2, , , , , , , , , , , 
2024-10-19 11:11:54.721 UTC, , , , , , , , , ,125,3221373,72720,2800, ,12, ,4, , , , , , , , , ,12,12, , , ,6,7,14, ,2, , , , , , , , , , , , , , ,69156,8, ,68873, , , , ,69207,243743076352,17,17,17,17, , , , , , , , , , , , , , , , , , , , , , , , , , , , , , , , ,69207,1729322904395,,, , , , , , , , , ,3145728,69156, , , , , , , , , , , , ,3, , , ,1, , , , , , , , , , , , , , , ,2,8, , ,1,3,73991760,2, , , , , , ,4, , , , , , , , , , , , , , , , , , , , , , , , , , , , , , , , , ,4, , , , , , , , , , , 
2024-10-19 11:12:54.728 UTC, , , , , , , , , ,125,3221373,72720,2800, ,12, ,4, , , , , , , , , ,12,12, , , ,6,7,14, ,2, , , , , , , , , , , , , , ,69156,8, ,68873, , , , ,69207,243743006720,17,17,17,17, , , , , , , , , , , , , , , , , , , , , , , , , , , , , , , , ,69207,1729322904395,,, , , , , , , , , ,3145728,69156, , , , , , , , , , , , ,3, , , ,1, , , , , , , , , , , , , , , , , , , ,1,2,66654368,2, , , , , , ,4, , , , , , , , , , , , , , , , , , , , , , , , , , , , , , , , , ,4, , , , , , , , , , , 
2024-10-19 11:13:54.733 UTC, , , , , , , , , ,125,3221373,72720,2800, ,12, ,4, , , , , , , , , ,12,12, , , ,6,7,14, ,2, , , , , , , , , , , , , , ,69156,8, ,68873, , , , ,69207,243743006720,17,17,17,17, , , , , , , , , , , , , , , , , , , , , , , , , , , , , , , , ,69207,1729322904395,,, , , , , , , , , ,3145728,69156, , , , , , , , , , , , ,3, , , ,1, , , , , , , , , , , , , , , ,2,6, , ,1,2,59384168,2, , , , , , ,4, , , , , , , , , , , , , , , , , , , , , , , , , , , , , , , , , ,4, , , , , , , , , , , 
2024-10-19 11:14:54.739 UTC, , , , , , , , , ,125,3221373,72720,2800, ,12, ,2, , , , , , , , , ,12,12, , , ,6,7,14, ,1, , , , , , , , , , , , , , ,69156,8, ,68873, , , , ,69207,243743006720,17,17,17,17, , , , , , , , , , , , , , , , , , , , , , , , , , , , , , , , ,69207,1729322904395,,, , , , , , , , , ,3145728,69156, , , , , , , , , , , , ,3, , , ,1, , , , , , , , , , , , , , , , , , , ,1,2,50923752,2, , , , , , ,2, , , , , , , , , , , , , , , , , , , , , , , , , , , , , , , , , ,2, , , , , , , , , , , 
2024-10-19 11:15:54.745 UTC, , , , , , , , , ,125,3221373,72720,2800, ,12, ,4, , , , , , , , , ,12,12, , , ,6,7,14, ,2, , , , , , , , , , , , , , ,69156,8, ,68873, , , , ,69207,243743006720,17,17,17,17, , , , , , , , , , , , , , , , , , , , , , , , , , , , , , , , ,69207,1729322904395,,, , , , , , , , , ,3145728,69156, , , , , , , , , , , , ,3, , , ,1, , , , , , , , , , , , , , , , , , , , , ,105449704,2, , , , , , ,4, , , , , , , , , , , , , , , , , , , , , , , , , , , , , , , , , ,4, , , , , , , , , , , 
2024-10-19 11:16:54.751 UTC, , , , , , , , , ,125,3221373,72720,2800, ,12, ,4, , , , , , , , , ,12,12, , , ,6,7,14, ,2, , , , , , , , , , , , , , ,69156,8, ,68873, , , , ,69207,243743006720,17,17,17,17, , , , , , , , , , , , , , , , , , , , , , , , , , , , , , , , ,69207,1729322904395,,, , , , , , , , , ,3145728,69156, , , , , , , , , , , , ,3, , , ,1, , , , , , , , , , , , , , , ,2,6, , ,1,2,98149584,2, , , , , , ,4, , , , , , , , , , , , , , , , , , , , , , , , , , , , , , , , , ,4, , , , , , , , , , , 
2024-10-19 11:17:54.740 UTC, , , , , , , , , ,125,3221373,72720,2800, ,12, ,4, , , , , , , , , ,12,12, , , ,6,7,14, ,2, , , , , , , , , , , , , , ,69156,8, ,68873, , , , ,69207,243743006720,17,17,17,17, , , , , , , , , , , , , , , , , , , , , , , , , , , , , , , , ,69207,1729322904395,,, , , , , , , , , ,3145728,69156, , , , , , , , , , , , ,3, , , ,1, , , , , , , , , , , , , , , , , , , ,1,3,90814520,2, , , , , , ,4, , , , , , , , , , , , , , , , , , , , , , , , , , , , , , , , , ,4, , , , , , , , , , , 
2024-10-19 11:18:54.764 UTC, , , , , , , , , ,125,3221373,72720,2800, ,12, ,2, , , , , , , , , ,12,12, , , ,6,7,14, ,1, , , , , , , , , , , , , , ,69156,8, ,68873, , , , ,69207,243743006720,17,17,17,17, , , , , , , , , , , , , , , , , , , , , , , , , , , , , , , , ,69207,1729322904395,,, , , , , , , , , ,3145728,69156, , , , , , , , , , , , ,3, , , ,1, , , , , , , , , , , , , , , ,2,6, , ,1,2,83484080,2, , , , , , ,2, , , , , , , , , , , , , , , , , , , , , , , , , , , , , , , , , ,2, , , , , , , , , , , 
2024-10-19 11:19:54.777 UTC, , , , , , , , , ,125,3221373,72720,2800, ,12, ,4, , , , , , , , , ,12,12, , , ,6,7,14, ,2, , , , , , , , , , , , , , ,69156,8, ,68873, , , , ,69207,243743006720,17,17,17,17, , , , , , , , , , , , , , , , , , , , , , , , , , , , , , , , ,69207,1729322904395,,, , , , , , , , , ,3145728,69156, , , , , , , , , , , , ,3, , , ,1, , , , , , , , , , , , , , , , , , , ,1,2,76175064,2, , , , , , ,4, , , , , , , , , , , , , , , , , , , , , , , , , , , , , , , , , ,4, , , , , , , , , , , 
2024-10-19 11:20:54.783 UTC, , , , , , , , , ,125,3221373,72720,2800, ,12, ,4, , , , , , , , , ,12,12, , , ,6,7,14, ,2, , , , , , , , , , , , , , ,69156,8, ,68873, , , , ,69207,243743002624,17,17,17,17, , , , , , , , , , , , , , , , , , , , , , , , , , , , , , , , ,69207,1729322904395,,, , , , , , , , , ,3145728,69156, , , , , , , , , , , , ,3, , , ,1, , , , , , , , , , , , , , , ,2,10, , ,1,3,68813176,2, , , , , , ,4, , , , , , , , , , , , , , , , , , , , , , , , , , , , , , , , , ,4, , , , , , , , , , , 
2024-10-19 11:21:54.789 UTC, , , , , , , , , ,125,3221373,72720,2800, ,12, ,4, , , , , , , , , ,12,12, , , ,6,7,14, ,2, , , , , , , , , , , , , , ,69156,8, ,68873, , , , ,69207,243743002624,17,17,17,17, , , , , , , , , , , , , , , , , , , , , , , , , , , , , , , , ,69207,1729322904395,,, , , , , , , , , ,3145728,69156, , , , , , , , , , , , ,3, , , ,1, , , , , , , , , , , , , , , , , , , ,1,2,61474816,2, , , , , , ,4, , , , , , , , , , , , , , , , , , , , , , , , , , , , , , , , , ,4, , , , , , , , , , , 
2024-10-19 11:22:54.794 UTC, , , , , , , , , ,125,3221373,72720,2800, ,12, ,4, , , , , , , , , ,12,12, , , ,6,7,14, ,2, , , , , , , , , , , , , , ,69156,8, ,68873, , , , ,69207,243742937088,17,17,17,17, , , , , , , , , , , , , , , , , , , , , , , , , , , , , , , , ,69207,1729322904395,,, , , , , , , , , ,3145728,69156, , , , , , , , , , , , ,3, , , ,1, , , , , , , , , , , , , , , ,2,19, , ,1,5,55193600,2, , , , , , ,4, , , , , , , , , , , , , , , , , , , , , , , , , , , , , , , , , ,4, , , , , , , , , , , 
2024-10-19 11:23:54.800 UTC, , , , , , , , , ,125,3221373,72720,2800, ,12, ,2, , , , , , , , , ,12,12, , , ,6,7,14, ,1, , , , , , , , , , , , , , ,69156,8, ,68873, , , , ,69207,243742937088,17,17,17,17, , , , , , , , , , , , , , , , , , , , , , , , , , , , , , , , ,69207,1729322904395,,, , , , , , , , , ,3145728,69156, , , , , , , , , , , , ,3, , , ,1, , , , , , , , , , , , , , , , , , , , , ,108670976,2, , , , , , ,2, , , , , , , , , , , , , , , , , , , , , , , , , , , , , , , , , ,2, , , , , , , , , , , 
2024-10-19 11:24:54.811 UTC, , , , , , , , , ,125,3221373,72720,2800, ,12, ,4, , , , , , , , , ,12,12, , , ,6,7,14, ,2, , , , , , , , , , , , , , ,69156,8, ,68873, , , , ,69207,243742937088,17,17,17,17, , , , , , , , , , , , , , , , , , , , , , , , , , , , , , , , ,69207,1729322904395,,, , , , , , , , , ,3145728,69156, , , , , , , , , , , , ,3, , , ,1, , , , , , , , , , , , , , , , , , , ,1,4,101341200,2, , , , , , ,4, , , , , , , , , , , , , , , , , , , , , , , , , , , , , , , , , ,4, , , , , , , , , , , 
2024-10-19 11:25:54.817 UTC, , , , , , , , , ,125,3221373,72720,2800, ,12, ,4, , , , , , , , , ,12,12, , , ,6,7,14, ,2, , , , , , , , , , , , , , ,69156,8, ,68873, , , , ,69207,243742937088,17,17,17,17, , , , , , , , , , , , , , , , , , , , , , , , , , , , , , , , ,69207,1729322904395,,, , , , , , , , , ,3145728,69156, , , , , , , , , , , , ,3, , , ,1, , , , , , , , , , , , , , , ,2,15, , ,1,18,94033896,2, , , , , , ,4, , , , , , , , , , , , , , , , , , , , , , , , , , , , , , , , , ,4, , , , , , , , , , , 
2024-10-19 11:26:54.824 UTC, , , , , , , , , ,125,3221373,72720,2800, ,12, ,4, , , , , , , , , ,12,12, , , ,6,7,14, ,2, , , , , , , , , , , , , , ,69156,8, ,68873, , , , ,69207,243742937088,17,17,17,17, , , , , , , , , , , , , , , , , , , , , , , , , , , , , , , , ,69207,1729322904395,,, , , , , , , , , ,3145728,69156, , , , , , , , , , , , ,3, , , ,1, , , , , , , , , , , , , , , , , , , ,1,4,86656544,2, , , , , , ,4, , , , , , , , , , , , , , , , , , , , , , , , , , , , , , , , , ,4, , , , , , , , , , , 
2024-10-19 11:27:54.829 UTC, , , , , , , , , ,125,3221373,72720,2800, ,12, ,2, , , , , , , , , ,12,12, , , ,6,7,14, ,1, , , , , , , , , , , , , , ,69156,8, ,68873, , , , ,69207,243742937088,17,17,17,17, , , , , , , , , , , , , , , , , , , , , , , , , , , , , , , , ,69207,1729322904395,,, , , , , , , , , ,3145728,69156, , , , , , , , , , , , ,3, , , ,1, , , , , , , , , , , , , , , ,2,11, , ,1,2,79330760,2, , , , , , ,2, , , , , , , , , , , , , , , , , , , , , , , , , , , , , , , , , ,2, , , , , , , , , , , 
2024-10-19 11:28:54.850 UTC, , , , , , , , , ,125,3221373,72720,2800, ,12, ,4, , , , , , , , , ,12,12, , , ,6,7,14, ,2, , , , , , , , , , , , , , ,69156,8, ,68873, , , , ,69207,243742932992,17,17,17,17, , , , , , , , , , , , , , , , , , , , , , , , , , , , , , , , ,69207,1729322904395,,, , , , , , , , , ,3145728,69156, , , , , , , , , , , , ,3, , , ,1, , , , , , , , , , , , , , , , , , , ,1,2,71935784,2, , , , , , ,4, , , , , , , , , , , , , , , , , , , , , , , , , , , , , , , , , ,4, , , , , , , , , , , 
2024-10-19 11:29:54.858 UTC, , , , , , , , , ,125,3221373,72720,2800, ,12, ,4, , , , , , , , , ,12,12, , , ,6,7,14, ,2, , , , , , , , , , , , , , ,69156,8, ,68873, , , , ,69207,243742932992,17,17,17,17, , , , , , , , , , , , , , , , , , , , , , , , , , , , , , , , ,69207,1729322904395,,, , , , , , , , , ,3145728,69156, , , , , , , , , , , , ,3, , , ,1, , , , , , , , , , , , , , , ,2,6, , ,1,3,64648832,2, , , , , , ,4, , , , , , , , , , , , , , , , , , , , , , , , , , , , , , , , , ,4, , , , , , , , , , , 
2024-10-19 11:30:54.865 UTC, , , , , , , , , ,125,3221373,72720,2800, ,12, ,2, , , , , , , , , ,12,12, , , ,6,7,14, ,1, , , , , , , , , , , , , , ,69156,8, ,68873, , , , ,69207,243742932992,17,17,17,17, , , , , , , , , , , , , , , , , , , , , , , , , , , , , , , , ,69207,1729322904395,,, , , , , , , , , ,3145728,69156, , , , , , , , , , , , ,3, , , ,1, , , , , , , , , , , , , , , , , , , ,1,2,57354776,2, , , , , , ,2, , , , , , , , , , , , , , , , , , , , , , , , , , , , , , , , , ,2, , , , , , , , , , , 
2024-10-19 11:31:54.872 UTC, , , , , , , , , ,125,3221373,72720,2800, ,12, ,4, , , , , , , , , ,12,12, , , ,6,7,14, ,2, , , , , , , , , , , , , , ,69156,8, ,68873, , , , ,69207,243742932992,17,17,17,17, , , , , , , , , , , , , , , , , , , , , , , , , , , , , , , , ,69207,1729322904395,,, , , , , , , , , ,3145728,69156, , , , , , , , , , , , ,3, , , ,1, , , , , , , , , , , , , , , , , , , , , ,111880728,2, , , , , , ,4, , , , , , , , , , , , , , , , , , , , , , , , , , , , , , , , , ,4, , , , , , , , , , , 
2024-10-19 11:32:54.880 UTC, , , , , , , , , ,125,3221373,72720,2800, ,12, ,4, , , , , , , , , ,12,12, , , ,6,7,14, ,2, , , , , , , , , , , , , , ,69156,8, ,68873, , , , ,69207,243742932992,17,17,17,17, , , , , , , , , , , , , , , , , , , , , , , , , , , , , , , , ,69207,1729322904395,,, , , , , , , , , ,3145728,69156, , , , , , , , , , , , ,3, , , ,1, , , , , , , , , , , , , , , ,2,5, , ,1,3,104541696,2, , , , , , ,4, , , , , , , , , , , , , , , , , , , , , , , , , , , , , , , , , ,4, , , , , , , , , , , 
2024-10-19 11:33:54.887 UTC, , , , , , , , , ,125,3221373,72720,2800, ,12, ,4, , , , , , , , , ,12,12, , , ,6,7,14, ,2, , , , , , , , , , , , , , ,69156,8, ,68873, , , , ,69207,243742932992,17,17,17,17, , , , , , , , , , , , , , , , , , , , , , , , , , , , , , , , ,69207,1729322904395,,, , , , , , , , , ,3145728,69156, , , , , , , , , , , , ,3, , , ,1, , , , , , , , , , , , , , , , , , , ,1,2,97196056,2, , , , , , ,4, , , , , , , , , , , , , , , , , , , , , , , , , , , , , , , , , ,4, , , , , , , , , , , 
2024-10-19 11:34:54.893 UTC, , , , , , , , , ,125,3221373,72720,2800, ,12, ,2, , , , , , , , , ,12,12, , , ,6,7,14, ,1, , , , , , , , , , , , , , ,69156,8, ,68873, , , , ,69207,243742932992,17,17,17,17, , , , , , , , , , , , , , , , , , , , , , , , , , , , , , , , ,69207,1729322904395,,, , , , , , , , , ,3145728,69156, , , , , , , , , , , , ,3, , , ,1, , , , , , , , , , , , , , , ,2,7, , ,1,3,90924136,2, , , , , , ,2, , , , , , , , , , , , , , , , , , , , , , , , , , , , , , , , , ,2, , , , , , , , , , , 
2024-10-19 11:35:54.922 UTC, , , , , , , , , ,125,3221373,72720,2800, ,12, ,4, , , , , , , , , ,12,12, , , ,6,7,14, ,2, , , , , , , , , , , , , , ,69156,8, ,68873, , , , ,69207,243742932992,17,17,17,17, , , , , , , , , , , , , , , , , , , , , , , , , , , , , , , , ,69207,1729322904395,,, , , , , , , , , ,3145728,69156, , , , , , , , , , , , ,3, , , ,1, , , , , , , , , , , , , , , , , , , ,1,3,84643808,2, , , , , , ,4, , , , , , , , , , , , , , , , , , , , , , , , , , , , , , , , , ,4, , , , , , , , , , , 
2024-10-19 11:36:54.933 UTC, , , , , , , , , ,125,3221373,72720,2800, ,12, ,2, , , , , , , , , ,12,12, , , ,6,7,14, ,1, , , , , , , , , , , , , , ,69156,8, ,68873, , , , ,69207,243742932992,17,17,17,17, , , , , , , , , , , , , , , , , , , , , , , , , , , , , , , , ,69207,1729322904395,,, , , , , , , , , ,3145728,69156, , , , , , , , , , , , ,3, , , ,1, , , , , , , , , , , , , , , , , , , ,1,3,76611224,2, , , , , , ,2, , , , , , , , , , , , , , , , , , , , , , , , , , , , , , , , , ,2, , , , , , , , , , , 
2024-10-19 11:37:54.939 UTC, , , , , , , , , ,125,3221373,72720,2800, ,12, ,4, , , , , , , , , ,12,12, , , ,6,7,14, ,2, , , , , , , , , , , , , , ,69156,8, ,68873, , , , ,69207,243742932992,17,17,17,17, , , , , , , , , , , , , , , , , , , , , , , , , , , , , , , , ,69207,1729322904395,,, , , , , , , , , ,3145728,69156, , , , , , , , , , , , ,3, , , ,1, , , , , , , , , , , , , , , ,2,46, , ,1,20,69186232,2, , , , , , ,4, , , , , , , , , , , , , , , , , , , , , , , , , , , , , , , , , ,4, , , , , , , , , , , 
2024-10-19 11:38:54.948 UTC, , , , , , , , , ,125,3221373,72720,2800, ,12, ,4, , , , , , , , , ,12,12, , , ,6,7,14, ,2, , , , , , , , , , , , , , ,69156,8, ,68873, , , , ,69207,243742928896,17,17,17,17, , , , , , , , , , , , , , , , , , , , , , , , , , , , , , , , ,69207,1729322904395,,, , , , , , , , , ,3145728,69156, , , , , , , , , , , , ,3, , , ,1, , , , , , , , , , , , , , , , , , , ,1,3,61893816,2, , , , , , ,4, , , , , , , , , , , , , , , , , , , , , , , , , , , , , , , , , ,4, , , , , , , , , , , 
2024-10-19 11:39:54.954 UTC, , , , , , , , , ,125,3221373,72720,2800, ,12, ,2, , , , , , , , , ,12,12, , , ,6,7,14, ,1, , , , , , , , , , , , , , ,69156,8, ,68873, , , , ,69207,243742945280,17,17,17,17, , , , , , , , , , , , , , , , , , , , , , , , , , , , , , , , ,69207,1729322904395,,, , , , , , , , , ,3145728,69156, , , , , , , , , , , , ,3, , , ,1, , , , , , , , , , , , , , , ,2,23, , ,1,5,54652440,2, , , , , , ,2, , , , , , , , , , , , , , , , , , , , , , , , , , , , , , , , , ,2, , , , , , , , , , , 
2024-10-19 11:40:54.961 UTC, , , , , , , , , ,125,3221373,72720,2800, ,12, ,4, , , , , , , , , ,12,12, , , ,6,7,14, ,2, , , , , , , , , , , , , , ,69156,8, ,68873, , , , ,69207,243742928896,17,17,17,17, , , , , , , , , , , , , , , , , , , , , , , , , , , , , , , , ,69207,1729322904395,,, , , , , , , , , ,3145728,69156, , , , , , , , , , , , ,3, , , ,1, , , , , , , , , , , , , , , , , , , , , ,109178392,2, , , , , , ,4, , , , , , , , , , , , , , , , , , , , , , , , , , , , , , , , , ,4, , , , , , , , , , , 
2024-10-19 11:41:54.993 UTC, , , , , , , , , ,125,3221373,72720,2800, ,12, ,2, , , , , , , , , ,12,12, , , ,6,7,14, ,1, , , , , , , , , , , , , , ,69156,8, ,68873, , , , ,69207,243742928896,17,17,17,17, , , , , , , , , , , , , , , , , , , , , , , , , , , , , , , , ,69207,1729322904395,,, , , , , , , , , ,3145728,69156, , , , , , , , , , , , ,3, , , ,1, , , , , , , , , , , , , , , , , , , ,1,5,101760616,2, , , , , , ,2, , , , , , , , , , , , , , , , , , , , , , , , , , , , , , , , , ,2, , , , , , , , , , , 
2024-10-19 11:42:55.002 UTC, , , , , , , , , ,125,3221373,72720,2800, ,12, ,4, , , , , , , , , ,12,12, , , ,6,7,14, ,2, , , , , , , , , , , , , , ,69156,8, ,68873, , , , ,69207,243742928896,17,17,17,17, , , , , , , , , , , , , , , , , , , , , , , , , , , , , , , , ,69207,1729322904395,,, , , , , , , , , ,3145728,69156, , , , , , , , , , , , ,3, , , ,1, , , , , , , , , , , , , , , ,2,7, , ,1,2,94450744,2, , , , , , ,4, , , , , , , , , , , , , , , , , , , , , , , , , , , , , , , , , ,4, , , , , , , , , , , 
2024-10-19 11:43:55.042 UTC, , , , , , , , , ,125,3221373,72720,2800, ,12, ,2, , , , , , , , , ,12,12, , , ,6,7,14, ,1, , , , , , , , , , , , , , ,69156,8, ,68873, , , , ,69207,243742924800,17,17,17,17, , , , , , , , , , , , , , , , , , , , , , , , , , , , , , , , ,69207,1729322904395,,, , , , , , , , , ,3145728,69156, , , , , , , , , , , , ,3, , , ,1, , , , , , , , , , , , , , , , , , , ,1,2,86015144,2, , , , , , ,2, , , , , , , , , , , , , , , , , , , , , , , , , , , , , , , , , ,2, , , , , , , , , , , 
2024-10-19 11:44:55.046 UTC, , , , , , , , , ,125,3221373,72720,2800, ,12, ,2, , , , , , , , , ,12,12, , , ,6,7,14, ,1, , , , , , , , , , , , , , ,69156,8, ,68873, , , , ,69207,243742920704,17,17,17,17, , , , , , , , , , , , , , , , , , , , , , , , , , , , , , , , ,69207,1729322904395,,, , , , , , , , , ,3145728,69156, , , , , , , , , , , , ,3, , , ,1, , , , , , , , , , , , , , , ,2,7, , ,1,3,78753720,2, , , , , , ,2, , , , , , , , , , , , , , , , , , , , , , , , , , , , , , , , , ,2, , , , , , , , , , , 
2024-10-19 11:45:55.056 UTC, , , , , , , , , ,125,3221373,72720,2800, ,12, ,4, , , , , , , , , ,12,12, , , ,6,7,14, ,2, , , , , , , , , , , , , , ,69156,8, ,68873, , , , ,69207,243742851072,17,17,17,17, , , , , , , , , , , , , , , , , , , , , , , , , , , , , , , , ,69207,1729322904395,,, , , , , , , , , ,3145728,69156, , , , , , , , , , , , ,3, , , ,1, , , , , , , , , , , , , , , , , , , ,1,3,71358744,2, , , , , , ,4, , , , , , , , , , , , , , , , , , , , , , , , , , , , , , , , , ,4, , , , , , , , , , , 
2024-10-19 11:46:55.126 UTC, , , , , , , , , ,125,3221373,72720,2800, ,12, ,2, , , , , , , , , ,12,12, , , ,6,7,14, ,1, , , , , , , , , , , , , , ,69156,8, ,68873, , , , ,69207,243742851072,17,17,17,17, , , , , , , , , , , , , , , , , , , , , , , , , , , , , , , , ,69207,1729322904395,,, , , , , , , , , ,3145728,69156, , , , , , , , , , , , ,3, , , ,1, , , , , , , , , , , , , , , ,2,8, , ,1,2,64136560,2, , , , , , ,2, , , , , , , , , , , , , , , , , , , , , , , , , , , , , , , , , ,2, , , , , , , , , , , 
2024-10-19 11:47:55.145 UTC, , , , , , , , , ,125,3221373,72720,2800, ,12, ,4, , , , , , , , , ,12,12, , , ,6,7,14, ,2, , , , , , , , , , , , , , ,69156,8, ,68873, , , , ,69207,243742851072,17,17,17,17, , , , , , , , , , , , , , , , , , , , , , , , , , , , , , , , ,69207,1729322904395,,, , , , , , , , , ,3145728,69156, , , , , , , , , , , , ,3, , , ,1, , , , , , , , , , , , , , , , , , , ,1,4,56694352,3, , , , , , ,4, , , , , , , , , , , , , , , , , , , , , , , , , , , , , , , , , ,4, , , , , , , , , , , 
2024-10-19 11:48:55.266 UTC, , , , , , , , , ,125,3221373,72720,2800, ,12, ,2, , , , , , , , , ,12,12, , , ,6,7,14, ,1, , , , , , , , , , , , , , ,69156,8, ,68873, , , , ,69207,243742859264,17,17,17,17, , , , , , , , , , , , , , , , , , , , , , , , , , , , , , , , ,69207,1729322904395,,, , , , , , , , , ,3145728,69156, , , , , , , , , , , , ,3, , , ,1, , , , , , , , , , , , , , , , , , , , , ,111220304,2, , , , , , ,2, , , , , , , , , , , , , , , , , , , , , , , , , , , , , , , , , ,2, , , , , , , , , , , 
2024-10-19 11:49:55.275 UTC, , , , , , , , , ,125,3221373,72720,2800, ,12, ,2, , , , , , , , , ,12,12, , , ,6,7,14, ,1, , , , , , , , , , , , , , ,69156,8, ,68873, , , , ,69207,243742855168,17,17,17,17, , , , , , , , , , , , , , , , , , , , , , , , , , , , , , , , ,69207,1729322904395,,, , , , , , , , , ,3145728,69156, , , , , , , , , , , , ,3, , , ,1, , , , , , , , , , , , , , , ,2,12, , ,1,170,102928424,2, , , , , , ,2, , , , , , , , , , , , , , , , , , , , , , , , , , , , , , , , , ,2, , , , , , , , , , , 
2024-10-19 11:50:55.360 UTC, , , , , , , , , ,125,3221373,72720,2800, ,12, ,4, , , , , , , , , ,12,12, , , ,6,7,14, ,2, , , , , , , , , , , , , , ,69156,8, ,68873, , , , ,69207,243742846976,17,17,17,17, , , , , , , , , , , , , , , , , , , , , , , , , , , , , , , , ,69207,1729322904395,,, , , , , , , , , ,3145728,69156, , , , , , , , , , , , ,3, , , ,1, , , , , , , , , , , , , , , , , , , ,1,3,95657616,2, , , , , , ,4, , , , , , , , , , , , , , , , , , , , , , , , , , , , , , , , , ,4, , , , , , , , , , , 
2024-10-19 11:51:55.367 UTC, , , , , , , , , ,125,3221373,72720,2800, ,12, ,4, , , , , , , , , ,12,12, , , ,6,7,14, ,2, , , , , , , , , , , , , , ,69156,8, ,68873, , , , ,69207,243742838784,17,17,17,17, , , , , , , , , , , , , , , , , , , , , , , , , , , , , , , , ,69207,1729322904395,,, , , , , , , , , ,3145728,69156, , , , , , , , , , , , ,3, , , ,1, , , , , , , , , , , , , , , ,2,7, , ,1,2,88299120,2, , , , , , ,4, , , , , , , , , , , , , , , , , , , , , , , , , , , , , , , , , ,4, , , , , , , , , , , 
2024-10-19 11:52:55.375 UTC, , , , , , , , , ,125,3221373,72720,2800, ,12, ,4, , , , , , , , , ,12,12, , , ,6,7,14, ,2, , , , , , , , , , , , , , ,69156,8, ,68873, , , , ,69207,243742834688,17,17,17,17, , , , , , , , , , , , , , , , , , , , , , , , , , , , , , , , ,69207,1729322904395,,, , , , , , , , , ,3145728,69156, , , , , , , , , , , , ,3, , , ,1, , , , , , , , , , , , , , , , , , , ,1,2,80933240,2, , , , , , ,4, , , , , , , , , , , , , , , , , , , , , , , , , , , , , , , , , ,4, , , , , , , , , , , 
2024-10-19 11:53:55.380 UTC, , , , , , , , , ,125,3221373,72720,2800, ,12, ,2, , , , , , , , , ,12,12, , , ,6,7,14, ,1, , , , , , , , , , , , , , ,69156,8, ,68873, , , , ,69207,243742834688,17,17,17,17, , , , , , , , , , , , , , , , , , , , , , , , , , , , , , , , ,69207,1729322904395,,, , , , , , , , , ,3145728,69156, , , , , , , , , , , , ,3, , , ,1, , , , , , , , , , , , , , , ,2,7, , ,1,3,73598816,2, , , , , , ,2, , , , , , , , , , , , , , , , , , , , , , , , , , , , , , , , , ,2, , , , , , , , , , , 
2024-10-19 11:54:55.386 UTC, , , , , , , , , ,125,3221373,72720,2800, ,12, ,4, , , , , , , , , ,12,12, , , ,6,7,14, ,2, , , , , , , , , , , , , , ,69156,8, ,68873, , , , ,69207,243742834688,17,17,17,17, , , , , , , , , , , , , , , , , , , , , , , , , , , , , , , , ,69207,1729322904395,,, , , , , , , , , ,3145728,69156, , , , , , , , , , , , ,3, , , ,1, , , , , , , , , , , , , , , , , , , ,1,2,66266872,2, , , , , , ,4, , , , , , , , , , , , , , , , , , , , , , , , , , , , , , , , , ,4, , , , , , , , , , , 
2024-10-19 11:55:55.395 UTC, , , , , , , , , ,125,3221373,72720,2800, ,12, ,4, , , , , , , , , ,12,12, , , ,6,7,14, ,2, , , , , , , , , , , , , , ,69156,8, ,68873, , , , ,69207,243742834688,17,17,17,17, , , , , , , , , , , , , , , , , , , , , , , , , , , , , , , , ,69207,1729322904395,,, , , , , , , , , ,3145728,69156, , , , , , , , , , , , ,3, , , ,1, , , , , , , , , , , , , , , ,2,34, , ,1,7,58938816,2, , , , , , ,4, , , , , , , , , , , , , , , , , , , , , , , , , , , , , , , , , ,4, , , , , , , , , , , 
2024-10-19 11:56:55.402 UTC, , , , , , , , , ,125,3221373,72720,2800, ,12, ,2, , , , , , , , , ,12,12, , , ,6,7,14, ,1, , , , , , , , , , , , , , ,69156,8, ,68873, , , , ,69207,243742896128,17,17,17,17, , , , , , , , , , , , , , , , , , , , , , , , , , , , , , , , ,69207,1729322904395,,, , , , , , , , , ,3145728,69156, , , , , , , , , , , , ,3, , , ,1, , , , , , , , , , , , , , , , , , , ,1,2,50563584,2, , , , , , ,2, , , , , , , , , , , , , , , , , , , , , , , , , , , , , , , , , ,2, , , , , , , , , , , 
2024-10-19 11:57:55.458 UTC, , , , , , , , , ,125,3221373,72720,2800, ,12, ,4, , , , , , , , , ,12,12, , , ,6,7,14, ,2, , , , , , , , , , , , , , ,69156,8, ,68873, , , , ,69207,243742826496,17,17,17,17, , , , , , , , , , , , , , , , , , , , , , , , , , , , , , , , ,69207,1729322904395,,, , , , , , , , , ,3145728,69156, , , , , , , , , , , , ,3, , , ,1, , , , , , , , , , , , , , , , , , , , , ,105089536,2, , , , , , ,4, , , , , , , , , , , , , , , , , , , , , , , , , , , , , , , , , ,4, , , , , , , , , , , 
2024-10-19 11:58:55.571 UTC, , , , , , , , , ,125,3221373,72720,2800, ,12, ,2, , , , , , , , , ,12,12, , , ,6,7,14, ,1, , , , , , , , , , , , , , ,69156,8, ,68873, , , , ,69207,243742822400,17,17,17,17, , , , , , , , , , , , , , , , , , , , , , , , , , , , , , , , ,69207,1729322904395,,, , , , , , , , , ,3145728,69156, , , , , , , , , , , , ,3, , , ,1, , , , , , , , , , , , , , , ,2,13, , ,1,2,97754312,2, , , , , , ,2, , , , , , , , , , , , , , , , , , , , , , , , , , , , , , , , , ,2, , , , , , , , , , , 
2024-10-19 11:59:55.602 UTC, , , , , , , , , ,125,3221373,72720,2800, ,12, ,4, , , , , , , , , ,12,12, , , ,6,7,14, ,2, , , , , , , , , , , , , , ,69156,8, ,68873, , , , ,69207,243742822400,17,17,17,17, , , , , , , , , , , , , , , , , , , , , , , , , , , , , , , , ,69207,1729322904395,,, , , , , , , , , ,3145728,69156, , , , , , , , , , , , ,3, , , ,1, , , , , , , , , , , , , , , , , , , ,1,3,90430152,2, , , , , , ,4, , , , , , , , , , , , , , , , , , , , , , , , , , , , , , , , , ,4, , , , , , , , , , , 
2024-10-19 12:00:55.612 UTC, , , , , , , , , ,125,3221373,72720,2800, ,12, ,2, , , , , , , , , ,12,12, , , ,6,7,14, ,1, , , , , , , , , , , , , , ,69156,8, ,68873, , , , ,69207,243742810112,17,17,17,17, , , , , , , , , , , , , , , , , , , , , , , , , , , , , , , , ,69207,1729322904395,,, , , , , , , , , ,3145728,69156, , , , , , , , , , , , ,3, , , ,1, , , , , , , , , , , , , , , ,2,8, , ,1,15,83019264,2, , , , , , ,2, , , , , , , , , , , , , , , , , , , , , , , , , , , , , , , , , ,2, , , , , , , , , , , 
2024-10-19 12:01:55.619 UTC, , , , , , , , , ,125,3221373,72720,2800, ,12, ,4, , , , , , , , , ,12,12, , , ,6,7,14, ,2, , , , , , , , , , , , , , ,69156,8, ,68873, , , , ,69207,243742810112,17,17,17,17, , , , , , , , , , , , , , , , , , , , , , , , , , , , , , , , ,69207,1729322904395,,, , , , , , , , , ,3145728,69156, , , , , , , , , , , , ,3, , , ,1, , , , , , , , , , , , , , , , , , , ,1,3,75722656,2, , , , , , ,4, , , , , , , , , , , , , , , , , , , , , , , , , , , , , , , , , ,4, , , , , , , , , , , 
2024-10-19 12:02:55.629 UTC, , , , , , , , , ,125,3221373,72720,2800, ,12, ,2, , , , , , , , , ,12,12, , , ,6,7,14, ,1, , , , , , , , , , , , , , ,69156,8, ,68873, , , , ,69207,243742810112,17,17,17,17, , , , , , , , , , , , , , , , , , , , , , , , , , , , , , , , ,69207,1729322904395,,, , , , , , , , , ,3145728,69156, , , , , , , , , , , , ,3, , , ,1, , , , , , , , , , , , , , , ,2,13, , ,1,2,67420392,2, , , , , , ,2, , , , , , , , , , , , , , , , , , , , , , , , , , , , , , , , , ,2, , , , , , , , , , , 
2024-10-19 12:03:55.727 UTC, , , , , , , , , ,125,3221373,72720,2800, ,12, ,4, , , , , , , , , ,12,12, , , ,6,7,14, ,2, , , , , , , , , , , , , , ,69156,8, ,68873, , , , ,69207,243742810112,17,17,17,17, , , , , , , , , , , , , , , , , , , , , , , , , , , , , , , , ,69207,1729322904395,,, , , , , , , , , ,3145728,69156, , , , , , , , , , , , ,3, , , ,1, , , , , , , , , , , , , , , , , , , ,1,5,60048688,2, , , , , , ,4, , , , , , , , , , , , , , , , , , , , , , , , , , , , , , , , , ,4, , , , , , , , , , , 
2024-10-19 12:04:55.753 UTC, , , , , , , , , ,125,3221373,72720,2800, ,12, ,4, , , , , , , , , ,12,12, , , ,6,7,14, ,2, , , , , , , , , , , , , , ,69156,8, ,68873, , , , ,69207,243742810112,17,17,17,17, , , , , , , , , , , , , , , , , , , , , , , , , , , , , , , , ,69207,1729322904395,,, , , , , , , , , ,3145728,69156, , , , , , , , , , , , ,3, , , ,1, , , , , , , , , , , , , , , ,2,49, , ,1,8,53696328,2, , , , , , ,4, , , , , , , , , , , , , , , , , , , , , , , , , , , , , , , , , ,4, , , , , , , , , , , 
2024-10-19 12:05:55.761 UTC, , , , , , , , , ,125,3221373,72720,2800, ,12, ,2, , , , , , , , , ,12,12, , , ,6,7,14, ,1, , , , , , , , , , , , , , ,69156,8, ,68873, , , , ,69207,243742810112,17,17,17,17, , , , , , , , , , , , , , , , , , , , , , , , , , , , , , , , ,69207,1729322904395,,, , , , , , , , , ,3145728,69156, , , , , , , , , , , , ,3, , , ,1, , , , , , , , , , , , , , , , , , , , , ,107173704,2, , , , , , ,2, , , , , , , , , , , , , , , , , , , , , , , , , , , , , , , , , ,2, , , , , , , , , , , 
2024-10-19 12:06:55.798 UTC, , , , , , , , , ,125,3221373,72720,2800, ,12, ,2, , , , , , , , , ,12,12, , , ,6,7,14, ,1, , , , , , , , , , , , , , ,69156,8, ,68873, , , , ,69207,243742810112,17,17,17,17, , , , , , , , , , , , , , , , , , , , , , , , , , , , , , , , ,69207,1729322904395,,, , , , , , , , , ,3145728,69156, , , , , , , , , , , , ,3, , , ,1, , , , , , , , , , , , , , , , , , , ,1,3,98846064,2, , , , , , ,2, , , , , , , , , , , , , , , , , , , , , , , , , , , , , , , , , ,2, , , , , , , , , , , 
2024-10-19 12:07:55.857 UTC, , , , , , , , , ,125,3221373,72720,2800, ,12, ,4, , , , , , , , , ,12,12, , , ,6,7,14, ,2, , , , , , , , , , , , , , ,69156,8, ,68873, , , , ,69207,243742810112,17,17,17,17, , , , , , , , , , , , , , , , , , , , , , , , , , , , , , , , ,69207,1729322904395,,, , , , , , , , , ,3145728,69156, , , , , , , , , , , , ,3, , , ,1, , , , , , , , , , , , , , , ,2,6, , ,1,2,91526016,2, , , , , , ,4, , , , , , , , , , , , , , , , , , , , , , , , , , , , , , , , , ,4, , , , , , , , , , , 
2024-10-19 12:08:55.866 UTC, , , , , , , , , ,125,3221373,72720,2800, ,12, ,2, , , , , , , , , ,12,12, , , ,6,7,14, ,1, , , , , , , , , , , , , , ,69156,8, ,68873, , , , ,69207,243742806016,17,17,17,17, , , , , , , , , , , , , , , , , , , , , , , , , , , , , , , , ,69207,1729322904395,,, , , , , , , , , ,3145728,69156, , , , , , , , , , , , ,3, , , ,1, , , , , , , , , , , , , , , , , , , ,1,19,84152376,2, , , , , , ,2, , , , , , , , , , , , , , , , , , , , , , , , , , , , , , , , , ,2, , , , , , , , , , , 
2024-10-19 12:09:56.071 UTC, , , , , , , , , ,125,3221373,72720,2800, ,12, ,4, , , , , , , , , ,12,12, , , ,6,7,14, ,2, , , , , , , , , , , , , , ,69156,8, ,68873, , , , ,69207,243742740480,17,17,17,17, , , , , , , , , , , , , , , , , , , , , , , , , , , , , , , , ,69207,1729322904395,,, , , , , , , , , ,3145728,69156, , , , , , , , , , , , ,3, , , ,1, , , , , , , , , , , , , , , ,2,5, , ,1,2,76887880,2, , , , , , ,4, , , , , , , , , , , , , , , , , , , , , , , , , , , , , , , , , ,4, , , , , , , , , , , 
2024-10-19 12:10:56.078 UTC, , , , , , , , , ,125,3221373,72720,2800, ,12, ,4, , , , , , , , , ,12,12, , , ,6,7,14, ,2, , , , , , , , , , , , , , ,69156,8, ,68873, , , , ,69207,243742740480,17,17,17,17, , , , , , , , , , , , , , , , , , , , , , , , , , , , , , , , ,69207,1729322904395,,, , , , , , , , , ,3145728,69156, , , , , , , , , , , , ,3, , , ,1, , , , , , , , , , , , , , , , , , , ,1,2,69543904,2, , , , , , ,4, , , , , , , , , , , , , , , , , , , , , , , , , , , , , , , , , ,4, , , , , , , , , , , 
2024-10-19 12:11:56.087 UTC, , , , , , , , , ,125,3221373,72720,2800, ,12, ,4, , , , , , , , , ,12,12, , , ,6,7,14, ,2, , , , , , , , , , , , , , ,69156,8, ,68873, , , , ,69207,243742740480,17,17,17,17, , , , , , , , , , , , , , , , , , , , , , , , , , , , , , , , ,69207,1729322904395,,, , , , , , , , , ,3145728,69156, , , , , , , , , , , , ,3, , , ,1, , , , , , , , , , , , , , , ,2,6, , ,1,5,62206448,2, , , , , , ,4, , , , , , , , , , , , , , , , , , , , , , , , , , , , , , , , , ,4, , , , , , , , , , , 
2024-10-19 12:12:56.097 UTC, , , , , , , , , ,125,3221373,72720,2800, ,12, ,2, , , , , , , , , ,12,12, , , ,6,7,14, ,1, , , , , , , , , , , , , , ,69156,8, ,68873, , , , ,69207,243742740480,17,17,17,17, , , , , , , , , , , , , , , , , , , , , , , , , , , , , , , , ,69207,1729322904395,,, , , , , , , , , ,3145728,69156, , , , , , , , , , , , ,3, , , ,1, , , , , , , , , , , , , , , , , , , ,1,2,54882432,2, , , , , , ,2, , , , , , , , , , , , , , , , , , , , , , , , , , , , , , , , , ,2, , , , , , , , , , , 
2024-10-19 12:13:56.103 UTC, , , , , , , , , ,125,3221373,72720,2800, ,12, ,4, , , , , , , , , ,12,12, , , ,6,7,14, ,2, , , , , , , , , , , , , , ,69156,8, ,68873, , , , ,69207,243742740480,17,17,17,17, , , , , , , , , , , , , , , , , , , , , , , , , , , , , , , , ,69207,1729322904395,,, , , , , , , , , ,3145728,69156, , , , , , , , , , , , ,3, , , ,1, , , , , , , , , , , , , , , , , , , , , ,109408384,2, , , , , , ,4, , , , , , , , , , , , , , , , , , , , , , , , , , , , , , , , , ,4, , , , , , , , , , , 
2024-10-19 12:14:56.108 UTC, , , , , , , , , ,125,3221373,72720,2800, ,12, ,4, , , , , , , , , ,12,12, , , ,6,7,14, ,2, , , , , , , , , , , , , , ,69156,8, ,68873, , , , ,69207,243742740480,17,17,17,17, , , , , , , , , , , , , , , , , , , , , , , , , , , , , , , , ,69207,1729322904395,,, , , , , , , , , ,3145728,69156, , , , , , , , , , , , ,3, , , ,1, , , , , , , , , , , , , , , ,2,6, , ,1,2,102073952,2, , , , , , ,4, , , , , , , , , , , , , , , , , , , , , , , , , , , , , , , , , ,4, , , , , , , , , , , 
2024-10-19 12:15:56.116 UTC, , , , , , , , , ,125,3221373,72720,2800, ,12, ,4, , , , , , , , , ,12,12, , , ,6,7,14, ,2, , , , , , , , , , , , , , ,69156,8, ,68873, , , , ,69207,243742740480,17,17,17,17, , , , , , , , , , , , , , , , , , , , , , , , , , , , , , , , ,69207,1729322904395,,, , , , , , , , , ,3145728,69156, , , , , , , , , , , , ,3, , , ,1, , , , , , , , , , , , , , , , , , , ,1,3,94752760,2, , , , , , ,4, , , , , , , , , , , , , , , , , , , , , , , , , , , , , , , , , ,4, , , , , , , , , , , 
2024-10-19 12:16:56.101 UTC, , , , , , , , , ,125,3221373,72720,2800, ,12, ,2, , , , , , , , , ,12,12, , , ,6,7,14, ,1, , , , , , , , , , , , , , ,69156,8, ,68873, , , , ,69207,243742670848,17,17,17,17, , , , , , , , , , , , , , , , , , , , , , , , , , , , , , , , ,69207,1729322904395,,, , , , , , , , , ,3145728,69156, , , , , , , , , , , , ,3, , , ,1, , , , , , , , , , , , , , , ,2,6, , ,1,2,87425480,2, , , , , , ,2, , , , , , , , , , , , , , , , , , , , , , , , , , , , , , , , , ,2, , , , , , , , , , , 
2024-10-19 12:17:56.130 UTC, , , , , , , , , ,125,3221373,72720,2800, ,12, ,4, , , , , , , , , ,12,12, , , ,6,7,14, ,2, , , , , , , , , , , , , , ,69156,8, ,68873, , , , ,69207,243742670848,17,17,17,17, , , , , , , , , , , , , , , , , , , , , , , , , , , , , , , , ,69207,1729322904395,,, , , , , , , , , ,3145728,69156, , , , , , , , , , , , ,3, , , ,1, , , , , , , , , , , , , , , , , , , ,1,2,80085720,2, , , , , , ,4, , , , , , , , , , , , , , , , , , , , , , , , , , , , , , , , , ,4, , , , , , , , , , , 
2024-10-19 12:18:56.136 UTC, , , , , , , , , ,125,3221373,72720,2800, ,12, ,4, , , , , , , , , ,12,12, , , ,6,7,14, ,2, , , , , , , , , , , , , , ,69156,8, ,68873, , , , ,69207,243742670848,17,17,17,17, , , , , , , , , , , , , , , , , , , , , , , , , , , , , , , , ,69207,1729322904395,,, , , , , , , , , ,3145728,69156, , , , , , , , , , , , ,3, , , ,1, , , , , , , , , , , , , , , ,2,6, , ,1,3,73782192,2, , , , , , ,4, , , , , , , , , , , , , , , , , , , , , , , , , , , , , , , , , ,4, , , , , , , , , , , 
2024-10-19 12:19:56.398 UTC, , , , , , , , , ,125,3221373,72720,2800, ,12, ,2, , , , , , , , , ,12,12, , , ,6,7,14, ,1, , , , , , , , , , , , , , ,69156,8, ,68873, , , , ,69207,243742670848,17,17,17,17, , , , , , , , , , , , , , , , , , , , , , , , , , , , , , , , ,69207,1729322904395,,, , , , , , , , , ,3145728,69156, , , , , , , , , , , , ,3, , , ,1, , , , , , , , , , , , , , , , , , , ,1,2,66454096,2, , , , , , ,2, , , , , , , , , , , , , , , , , , , , , , , , , , , , , , , , , ,2, , , , , , , , , , , 
2024-10-19 12:20:56.448 UTC, , , , , , , , , ,125,3221373,72720,2800, ,12, ,2, , , , , , , , , ,12,12, , , ,6,7,14, ,1, , , , , , , , , , , , , , ,69156,8, ,68873, , , , ,69207,243742670848,17,17,17,17, , , , , , , , , , , , , , , , , , , , , , , , , , , , , , , , ,69207,1729322904395,,, , , , , , , , , ,3145728,69156, , , , , , , , , , , , ,3, , , ,1, , , , , , , , , , , , , , , ,2,6, , ,1,3,58070168,2, , , , , , ,2, , , , , , , , , , , , , , , , , , , , , , , , , , , , , , , , , ,2, , , , , , , , , , , 
2024-10-19 12:21:56.864 UTC, , , , , , , , , ,125,3221373,72720,2800, ,12, ,2, , , , , , , , , ,12,12, , , ,6,7,14, ,1, , , , , , , , , , , , , , ,69156,8, ,68873, , , , ,69207,243742670848,17,17,17,17, , , , , , , , , , , , , , , , , , , , , , , , , , , , , , , , ,69207,1729322904395,,, , , , , , , , , ,3145728,69156, , , , , , , , , , , , ,3, , , ,1, , , , , , , , , , , , , , , , , , , ,1,30,50658080,2, , , , , , ,2, , , , , , , , , , , , , , , , , , , , , , , , , , , , , , , , , ,2, , , , , , , , , , , 
2024-10-19 12:22:56.932 UTC, , , , , , , , , ,125,3221373,72720,2800, ,12, ,4, , , , , , , , , ,12,12, , , ,6,7,14, ,2, , , , , , , , , , , , , , ,69156,8, ,68873, , , , ,69207,243742670848,17,17,17,17, , , , , , , , , , , , , , , , , , , , , , , , , , , , , , , , ,69207,1729322904395,,, , , , , , , , , ,3145728,69156, , , , , , , , , , , , ,3, , , ,1, , , , , , , , , , , , , , , , , , , , , ,105184032,2, , , , , , ,4, , , , , , , , , , , , , , , , , , , , , , , , , , , , , , , , , ,4, , , , , , , , , , , 
2024-10-19 12:23:57.018 UTC, , , , , , , , , ,125,3221373,72720,2800, ,12, ,2, , , , , , , , , ,12,12, , , ,6,7,14, ,1, , , , , , , , , , , , , , ,69156,8, ,68873, , , , ,69207,243742670848,17,17,17,17, , , , , , , , , , , , , , , , , , , , , , , , , , , , , , , , ,69207,1729322904395,,, , , , , , , , , ,3145728,69156, , , , , , , , , , , , ,3, , , ,1, , , , , , , , , , , , , , , ,2,6, , ,1,3,97906112,2, , , , , , ,2, , , , , , , , , , , , , , , , , , , , , , , , , , , , , , , , , ,2, , , , , , , , , , , 
2024-10-19 12:24:57.047 UTC, , , , , , , , , ,125,3221373,72720,2800, ,12, ,4, , , , , , , , , ,12,12, , , ,6,7,14, ,2, , , , , , , , , , , , , , ,69156,8, ,68873, , , , ,69207,243742666752,17,17,17,17, , , , , , , , , , , , , , , , , , , , , , , , , , , , , , , , ,69207,1729322904395,,, , , , , , , , , ,3145728,69156, , , , , , , , , , , , ,3, , , ,1, , , , , , , , , , , , , , , , , , , ,1,3,90535256,2, , , , , , ,4, , , , , , , , , , , , , , , , , , , , , , , , , , , , , , , , , ,4, , , , , , , , , , , 
2024-10-19 12:25:57.162 UTC, , , , , , , , , ,125,3221373,72720,2800, ,12, ,2, , , , , , , , , ,12,12, , , ,6,7,14, ,1, , , , , , , , , , , , , , ,69156,8, ,68873, , , , ,69207,243742666752,17,17,17,17, , , , , , , , , , , , , , , , , , , , , , , , , , , , , , , , ,69207,1729322904395,,, , , , , , , , , ,3145728,69156, , , , , , , , , , , , ,3, , , ,1, , , , , , , , , , , , , , , ,2,17, , ,1,2,82128232,2, , , , , , ,2, , , , , , , , , , , , , , , , , , , , , , , , , , , , , , , , , ,2, , , , , , , , , , , 
2024-10-19 12:26:57.169 UTC, , , , , , , , , ,125,3221373,72720,2800, ,12, ,4, , , , , , , , , ,12,12, , , ,6,7,14, ,2, , , , , , , , , , , , , , ,69156,8, ,68873, , , , ,69207,243742658560,17,17,17,17, , , , , , , , , , , , , , , , , , , , , , , , , , , , , , , , ,69207,1729322904395,,, , , , , , , , , ,3145728,69156, , , , , , , , , , , , ,3, , , ,1, , , , , , , , , , , , , , , , , , , ,1,2,74833584,2, , , , , , ,4, , , , , , , , , , , , , , , , , , , , , , , , , , , , , , , , , ,4, , , , , , , , , , , 
2024-10-19 12:27:57.312 UTC, , , , , , , , , ,125,3221373,72720,2800, ,12, ,2, , , , , , , , , ,12,12, , , ,6,7,14, ,1, , , , , , , , , , , , , , ,69156,8, ,68873, , , , ,69207,243742658560,17,17,17,17, , , , , , , , , , , , , , , , , , , , , , , , , , , , , , , , ,69207,1729322904395,,, , , , , , , , , ,3145728,69156, , , , , , , , , , , , ,3, , , ,1, , , , , , , , , , , , , , , ,2,11, , ,1,3,67539632,2, , , , , , ,2, , , , , , , , , , , , , , , , , , , , , , , , , , , , , , , , , ,2, , , , , , , , , , , 
2024-10-19 12:28:57.317 UTC, , , , , , , , , ,125,3221373,72720,2800, ,12, ,4, , , , , , , , , ,12,12, , , ,6,7,14, ,2, , , , , , , , , , , , , , ,69156,8, ,68873, , , , ,69207,243742658560,17,17,17,17, , , , , , , , , , , , , , , , , , , , , , , , , , , , , , , , ,69207,1729322904395,,, , , , , , , , , ,3145728,69156, , , , , , , , , , , , ,3, , , ,1, , , , , , , , , , , , , , , , , , , ,1,5,61282936,2, , , , , , ,4, , , , , , , , , , , , , , , , , , , , , , , , , , , , , , , , , ,4, , , , , , , , , , , 
2024-10-19 12:29:57.323 UTC, , , , , , , , , ,125,3221373,72720,2800, ,12, ,4, , , , , , , , , ,12,12, , , ,6,7,14, ,2, , , , , , , , , , , , , , ,69156,8, ,68873, , , , ,69207,243742658560,17,17,17,17, , , , , , , , , , , , , , , , , , , , , , , , , , , , , , , , ,69207,1729322904395,,, , , , , , , , , ,3145728,69156, , , , , , , , , , , , ,3, , , ,1, , , , , , , , , , , , , , , ,2,8, , ,1,2,53960336,2, , , , , , ,4, , , , , , , , , , , , , , , , , , , , , , , , , , , , , , , , , ,4, , , , , , , , , , , 
2024-10-19 12:30:57.328 UTC, , , , , , , , , ,125,3221373,72720,2800, ,12, ,2, , , , , , , , , ,12,12, , , ,6,7,14, ,1, , , , , , , , , , , , , , ,69156,8, ,68873, , , , ,69207,243742633984,17,17,17,17, , , , , , , , , , , , , , , , , , , , , , , , , , , , , , , , ,69207,1729322904395,,, , , , , , , , , ,3145728,69156, , , , , , , , , , , , ,3, , , ,1, , , , , , , , , , , , , , , , , , , , , ,107437712,2, , , , , , ,2, , , , , , , , , , , , , , , , , , , , , , , , , , , , , , , , , ,2, , , , , , , , , , , 
2024-10-19 12:31:57.340 UTC, , , , , , , , , ,125,3221373,72720,2800, ,12, ,4, , , , , , , , , ,12,12, , , ,6,7,14, ,2, , , , , , , , , , , , , , ,69156,8, ,68873, , , , ,69207,243742633984,17,17,17,17, , , , , , , , , , , , , , , , , , , , , , , , , , , , , , , , ,69207,1729322904395,,, , , , , , , , , ,3145728,69156, , , , , , , , , , , , ,3, , , ,1, , , , , , , , , , , , , , , , , , , ,1,2,100175432,2, , , , , , ,4, , , , , , , , , , , , , , , , , , , , , , , , , , , , , , , , , ,4, , , , , , , , , , , 
2024-10-19 12:32:57.355 UTC, , , , , , , , , ,125,3221373,72720,2800, ,12, ,2, , , , , , , , , ,12,12, , , ,6,7,14, ,1, , , , , , , , , , , , , , ,69156,8, ,68873, , , , ,69207,243740938240,17,17,17,17, , , , , , , , , , , , , , , , , , , , , , , , , , , , , , , , ,69207,1729322904395,,, , , , , , , , , ,3145728,69156, , , , , , , , , , , , ,3, , , ,1, , , , , , , , , , , , , , , ,2,38, , ,1,2,92726152,2, , , , , , ,2, , , , , , , , , , , , , , , , , , , , , , , , , , , , , , , , , ,2, , , , , , , , , , , 
2024-10-19 12:33:57.413 UTC, , , , , , , , , ,125,3221373,72720,2800, ,12, ,4, , , , , , , , , ,12,12, , , ,6,7,14, ,2, , , , , , , , , , , , , , ,69156,8, ,68873, , , , ,69207,243734695936,17,17,17,17, , , , , , , , , , , , , , , , , , , , , , , , , , , , , , , , ,69207,1729322904395,,, , , , , , , , , ,3145728,69156, , , , , , , , , , , , ,3, , , ,1, , , , , , , , , , , , , , , , , , , ,1,3,85414792,2, , , , , , ,4, , , , , , , , , , , , , , , , , , , , , , , , , , , , , , , , , ,4, , , , , , , , , , , 
2024-10-19 12:34:57.417 UTC, , , , , , , , , ,125,3221373,72720,2800, ,12, ,4, , , , , , , , , ,12,12, , , ,6,7,14, ,2, , , , , , , , , , , , , , ,69156,8, ,68873, , , , ,69207,243734695936,17,17,17,17, , , , , , , , , , , , , , , , , , , , , , , , , , , , , , , , ,69207,1729322904395,,, , , , , , , , , ,3145728,69156, , , , , , , , , , , , ,3, , , ,1, , , , , , , , , , , , , , , ,2,7, , ,1,3,78157744,2, , , , , , ,4, , , , , , , , , , , , , , , , , , , , , , , , , , , , , , , , , ,4, , , , , , , , , , , 
2024-10-19 18:47:54.801 UTC, , , , , , , , , ,125,3179261,33408, , ,4,1,42,4,0.10,1, , , , , , ,4,4, ,2,1,3,2,5, ,50,33, , , , , , , , , , , , , ,69156,8, ,68873, , , , ,69207,72864141312,17,17,17,17, , , , , ,1,1046, , , , , , , , , , , , , , , , , , , , , , , , , ,69207,1729363674327,,, , , , , , , , , ,3145728,69156, , , , , , ,44, , ,2, , ,3, , ,44, ,4096,1, , , , , ,21023389,55, , , , , , ,2,10, , ,9,247,92374344,2, , , , , , ,30, , , , , ,1, , , , , , , , , , , , , , , , , , , , , , , , , , , , , , , , , , , , , , , 
2024-10-19 18:48:54.819 UTC, , , , , , , , , ,125,3216893,68240,2800, ,11,1,120,7,0.06, , , , , , , ,11,11, , ,1,6,6,14, ,66,43, , , , , , , , , , , , , ,69156,8, ,68873, , , , ,69207,71664627712,17,17,17,17, , , , , , , , , , , , , , , , , , , , , , , , , , , , , , , , ,69207,1729363674327,,, , , , , , , , , ,3145728,69156, , , , , , ,58, , ,1, , ,3, , ,58,1, , , , , , , ,68561,59, , , , , , ,2,14, , ,2,76,116190728,2, , , , , , ,215, , , , , , , , , , , , , , , , , , , , , , , , , , , , , , , , ,97,43,15, , , , , , , , , , 
2024-10-19 18:49:54.837 UTC, , , , , , , , , ,125,3221373,72720,2800, ,12,1,19,1,0.05, , , , , , , ,12,12, , ,1,6,7,14, ,10,3, , , , , , , , , , , , , ,69156,8, ,68873, , , , ,69207,71663603712,17,17,17,17, , , , , , , , , , , , , , , , , , , , , , , , , , , , , , , , ,69207,1729363674327,,, , , , , , , , , ,3145728,69156, , , , , , ,6, , , , , ,3, , ,6,1, , , , , , , ,13180,6, , , , , , , , , , ,1,33,82989800,2, , , , , , ,18, , , , , , , , , , , , , , , , , , , , , , , , , , , , , , , , , ,18,1, , , , , , , , , , 
2024-10-19 18:50:54.851 UTC, , , , , , , , , ,125,3221373,72720,2800, ,12, ,2, , , , , , , , , ,12,12, , , ,6,7,14, ,1, , , , , , , , , , , , , , ,69156,8, ,68873, , , , ,69207,71659130880,17,17,17,17, , , , , , , , , , , , , , , , , , , , , , , , , , , , , , , , ,69207,1729363674327,,, , , , , , , , , ,3145728,69156, , , , , , , , , , , , ,3, , , ,1, , , , , , , , , , , , , , , , , , , , , ,134370024,2, , , , , , ,2, , , , , , , , , , , , , , , , , , , , , , , , , , , , , , , , , ,2, , , , , , , , , , , 
2024-10-19 18:51:54.874 UTC, , , , , , , , , ,125,3221373,72720,2800, ,12, ,4, , , , , , , , , ,12,12, , , ,6,7,14, ,2, , , , , , , , , , , , , , ,69156,8, ,68873, , , , ,69207,71633694720,17,17,17,17, , , , , , , , , , , , , , , , , , , , , , , , , , , , , , , , ,69207,1729363674327,,, , , , , , , , , ,3145728,69156, , , , , , , , , , , , ,3, , , ,1, , , , , , , , , , , , , , , , , , , ,1,33,92565448,2, , , , , , ,4, , , , , , , , , , , , , , , , , , , , , , , , , , , , , , , , , ,4, , , , , , , , , , , 
2024-10-19 18:52:54.893 UTC, , , , , , , , , ,125,3221373,72720,2800, ,12, ,4, , , , , , , , , ,12,12, , , ,6,7,14, ,2, , , , , , , , , , , , , , ,69156,8, ,68873, , , , ,69207,71611744256,17,17,17,17, , , , , , , , , , , , , , , , , , , , , , , , , , , , , , , , ,69207,1729363674327,,, , , , , , , , , ,3145728,69156, , , , , , , , , , , , ,3, , , ,1, , , , , , , , , , , , , , , , , , , , , ,144994248,2, , , , , , ,4, , , , , , , , , , , , , , , , , , , , , , , , , , , , , , , , , ,4, , , , , , , , , , , 
2024-10-19 18:53:54.911 UTC, , , , , , , , , ,125,3221373,72720,2800, ,12, ,4, , , , , , , , , ,12,12, , , ,6,7,14, ,2, , , , , , , , , , , , , , ,69156,8, ,68873, , , , ,69207,71611224064,17,17,17,17, , , , , , , , , , , , , , , , , , , , , , , , , , , , , , , , ,69207,1729363674327,,, , , , , , , , , ,3145728,69156, , , , , , , , , , , , ,3, , , ,1, , , , , , , , , , , , , , , , , , , ,1,20,103580640,2, , , , , , ,4, , , , , , , , , , , , , , , , , , , , , , , , , , , , , , , , , ,4, , , , , , , , , , , 
2024-10-19 18:54:54.926 UTC, , , , , , , , , ,125,3221373,72720,2800, ,12, ,4, , , , , , , , , ,12,12, , , ,6,7,14, ,2, , , , , , , , , , , , , , ,69156,8, ,68873, , , , ,69207,71611416576,17,17,17,17, , , , , , , , , , , , , , , , , , , , , , , , , , , , , , , , ,69207,1729363674327,,, , , , , , , , , ,3145728,69156, , , , , , , , , , , , ,3, , , ,1, , , , , , , , , , , , , , , , , , , ,1,19,56097288,2, , , , , , ,4, , , , , , , , , , , , , , , , , , , , , , , , , , , , , , , , , ,4, , , , , , , , , , , 
2024-10-19 18:55:54.939 UTC, , , , , , , , , ,125,3221373,72720,2800, ,12, ,4, , , , , , , , , ,12,12, , , ,6,7,14, ,2, , , , , , , , , , , , , , ,69156,8, ,68873, , , , ,69207,71609180160,17,17,17,17, , , , , , , , , , , , , , , , , , , , , , , , , , , , , , , , ,69207,1729363674327,,, , , , , , , , , ,3145728,69156, , , , , , , , , , , , ,3, , , ,1, , , , , , , , , , , , , , , , , , , , , ,108526088,2, , , , , , ,4, , , , , , , , , , , , , , , , , , , , , , , , , , , , , , , , , ,4, , , , , , , , , , , 
2024-10-19 18:56:54.950 UTC, , , , , , , , , ,125,3221373,72720,2800, ,12, ,4, , , , , , , , , ,12,12, , , ,6,7,14, ,2, , , , , , , , , , , , , , ,69156,8, ,68873, , , , ,69207,71602909184,17,17,17,17, , , , , , , , , , , , , , , , , , , , , , , , , , , , , , , , ,69207,1729363674327,,, , , , , , , , , ,3145728,69156, , , , , , , , , , , , ,3, , , ,1, , , , , , , , , , , , , , , , , , , ,1,12,61317496,2, , , , , , ,4, , , , , , , , , , , , , , , , , , , , , , , , , , , , , , , , , ,4, , , , , , , , , , , 
2024-10-19 18:57:54.959 UTC, , , , , , , , , ,125,3221373,72720,2800, ,12, ,4, , , , , , , , , ,12,12, , , ,6,7,14, ,2, , , , , , , , , , , , , , ,69156,8, ,68873, , , , ,69207,71595057152,17,17,17,17, , , , , , , , , , , , , , , , , , , , , , , , , , , , , , , , ,69207,1729363674327,,, , , , , , , , , ,3145728,69156, , , , , , , , , , , , ,3, , , ,1, , , , , , , , , , , , , , , , , , , , , ,113746296,2, , , , , , ,4, , , , , , , , , , , , , , , , , , , , , , , , , , , , , , , , , ,4, , , , , , , , , , , 
2024-10-19 18:58:54.978 UTC, , , , , , , , , ,125,3221373,72720,2800, ,12, ,4, , , , , , , , , ,12,12, , , ,6,7,14, ,2, , , , , , , , , , , , , , ,69156,8, ,68873, , , , ,69207,70619656192,17,17,17,17, , , , , , , , , , , , , , , , , , , , , , , , , , , , , , , , ,69207,1729363674327,,, , , , , , , , , ,3145728,69156, , , , , , , , , , , , ,3, , , ,1, , , , , , , , , , , , , , , , , , , ,1,66,66528776,2, , , , , , ,4, , , , , , , , , , , , , , , , , , , , , , , , , , , , , , , , , ,4, , , , , , , , , , , 
2024-10-19 18:59:54.991 UTC, , , , , , , , , ,125,3221373,72720,2800, ,12, ,4, , , , , , , , , ,12,12, , , ,6,7,14, ,2, , , , , , , , , , , , , , ,69156,8, ,68873, , , , ,69207,70449958912,17,17,17,17, , , , , , , , , , , , , , , , , , , , , , , , , , , , , , , , ,69207,1729363674327,,, , , , , , , , , ,3145728,69156, , , , , , , , , , , , ,3, , , ,1, , , , , , , , , , , , , , , , , , , , , ,118957576,2, , , , , , ,4, , , , , , , , , , , , , , , , , , , , , , , , , , , , , , , , , ,4, , , , , , , , , , , 
2024-10-19 19:00:55.003 UTC, , , , , , , , , ,125,3221373,72720,2800, ,12, ,4, , , , , , , , , ,12,12, , , ,6,7,14, ,2, , , , , , , , , , , , , , ,69156,8, ,68873, , , , ,69207,70432772096,17,17,17,17, , , , , , , , , , , , , , , , , , , , , , , , , , , , , , , , ,69207,1729363674327,,, , , , , , , , , ,3145728,69156, , , , , , , , , , , , ,3, , , ,1, , , , , , , , , , , , , , , , , , , ,1,26,71756728,2, , , , , , ,4, , , , , , , , , , , , , , , , , , , , , , , , , , , , , , , , , ,4, , , , , , , , , , , 
2024-10-19 19:01:55.013 UTC, , , , , , , , , ,125,3221373,72720,2800, ,12, ,4, , , , , , , , , ,12,12, , , ,6,7,14, ,2, , , , , , , , , , , , , , ,69156,8, ,68873, , , , ,69207,70423994368,17,17,17,17, , , , , , , , , , , , , , , , , , , , , , , , , , , , , , , , ,69207,1729363674327,,, , , , , , , , , ,3145728,69156, , , , , , , , , , , , ,3, , , ,1, , , , , , , , , , , , , , , , , , , , , ,124185528,2, , , , , , ,4, , , , , , , , , , , , , , , , , , , , , , , , , , , , , , , , , ,4, , , , , , , , , , , 
2024-10-19 19:02:55.029 UTC, , , , , , , , , ,125,3221373,72720,2800, ,12, ,4, , , , , , , , , ,12,12, , , ,6,7,14, ,2, , , , , , , , , , , , , , ,69156,8, ,68873, , , , ,69207,70387347456,17,17,17,17, , , , , , , , , , , , , , , , , , , , , , , , , , , , , , , , ,69207,1729363674327,,, , , , , , , , , ,3145728,69156, , , , , , , , , , , , ,3, , , ,1, , , , , , , , , , , , , , , , , , , ,1,28,76152272,2, , , , , , ,4, , , , , , , , , , , , , , , , , , , , , , , , , , , , , , , , , ,4, , , , , , , , , , , 
2024-10-19 19:03:55.043 UTC, , , , , , , , , ,125,3221373,72720,2800, ,12, ,2, , , , , , , , , ,12,12, , , ,6,7,14, ,1, , , , , , , , , , , , , , ,69156,8, ,68873, , , , ,69207,70380789760,17,17,17,17, , , , , , , , , , , , , , , , , , , , , , , , , , , , , , , , ,69207,1729363674327,,, , , , , , , , , ,3145728,69156, , , , , , , , , , , , ,3, , , ,1, , , , , , , , , , , , , , , , , , , , , ,128581072,2, , , , , , ,2, , , , , , , , , , , , , , , , , , , , , , , , , , , , , , , , , ,2, , , , , , , , , , , 
2024-10-19 19:04:55.061 UTC, , , , , , , , , ,125,3221373,72720,2800, ,12, ,4, , , , , , , , , ,12,12, , , ,6,7,14, ,2, , , , , , , , , , , , , , ,69156,8, ,68873, , , , ,69207,70376411136,17,17,17,17, , , , , , , , , , , , , , , , , , , , , , , , , , , , , , , , ,69207,1729363674327,,, , , , , , , , , ,3145728,69156, , , , , , , , , , , , ,3, , , ,1, , , , , , , , , , , , , , , , , , , ,1,29,80169736,2, , , , , , ,4, , , , , , , , , , , , , , , , , , , , , , , , , , , , , , , , , ,4, , , , , , , , , , , 
2024-10-19 19:05:55.077 UTC, , , , , , , , , ,125,3221373,72720,2800, ,12, ,4, , , , , , , , , ,12,12, , , ,6,7,14, ,2, , , , , , , , , , , , , , ,69156,8, ,68873, , , , ,69207,70368264192,17,17,17,17, , , , , , , , , , , , , , , , , , , , , , , , , , , , , , , , ,69207,1729363674327,,, , , , , , , , , ,3145728,69156, , , , , , , , , , , , ,3, , , ,1, , , , , , , , , , , , , , , , , , , , , ,132598536,3, , , , , , ,4, , , , , , , , , , , , , , , , , , , , , , , , , , , , , , , , , ,4, , , , , , , , , , , 
2024-10-19 19:06:55.094 UTC, , , , , , , , , ,125,3221373,72720,2800, ,12, ,4, , , , , , , , , ,12,12, , , ,6,7,14, ,2, , , , , , , , , , , , , , ,69156,8, ,68873, , , , ,69207,70371016704,17,17,17,17, , , , , , , , , , , , , , , , , , , , , , , , , , , , , , , , ,69207,1729363674327,,, , , , , , , , , ,3145728,69156, , , , , , , , , , , , ,3, , , ,1, , , , , , , , , , , , , , , , , , , ,1,24,85501568,2, , , , , , ,4, , , , , , , , , , , , , , , , , , , , , , , , , , , , , , , , , ,4, , , , , , , , , , , 
2024-10-19 19:07:55.109 UTC, , , , , , , , , ,125,3221373,72720,2800, ,12, ,4, , , , , , , , , ,12,12, , , ,6,7,14, ,2, , , , , , , , , , , , , , ,69156,8, ,68873, , , , ,69207,70404734976,17,17,17,17, , , , , , , , , , , , , , , , , , , , , , , , , , , , , , , , ,69207,1729363674327,,, , , , , , , , , ,3145728,69156, , , , , , , , , , , , ,3, , , ,1, , , , , , , , , , , , , , , , , , , , , ,137930368,2, , , , , , ,4, , , , , , , , , , , , , , , , , , , , , , , , , , , , , , , , , ,4, , , , , , , , , , , 
2024-10-19 19:08:55.129 UTC, , , , , , , , , ,125,3221373,72720,2800, ,12, ,4, , , , , , , , , ,12,12, , , ,6,7,14, ,2, , , , , , , , , , , , , , ,69156,8, ,68873, , , , ,69207,70415507456,17,17,17,17, , , , , , , , , , , , , , , , , , , , , , , , , , , , , , , , ,69207,1729363674327,,, , , , , , , , , ,3145728,69156, , , , , , , , , , , , ,3, , , ,1, , , , , , , , , , , , , , , , , , , ,1,34,90619256,2, , , , , , ,4, , , , , , , , , , , , , , , , , , , , , , , , , , , , , , , , , ,4, , , , , , , , , , , 
2024-10-19 19:09:55.152 UTC, , , , , , , , , ,125,3221373,72720,2800, ,12, ,4, , , , , , , , , ,12,12, , , ,6,7,14, ,2, , , , , , , , , , , , , , ,69156,8, ,68873, , , , ,69207,70415994880,17,17,17,17, , , , , , , , , , , , , , , , , , , , , , , , , , , , , , , , ,69207,1729363674327,,, , , , , , , , , ,3145728,69156, , , , , , , , , , , , ,3, , , ,1, , , , , , , , , , , , , , , , , , , , , ,143048056,2, , , , , , ,4, , , , , , , , , , , , , , , , , , , , , , , , , , , , , , , , , ,4, , , , , , , , , , , 
2024-10-19 19:10:55.174 UTC, , , , , , , , , ,125,3221373,72720,2800, ,12, ,4, , , , , , , , , ,12,12, , , ,6,7,14, ,2, , , , , , , , , , , , , , ,69156,8, ,68873, , , , ,69207,70418563072,17,17,17,17, , , , , , , , , , , , , , , , , , , , , , , , , , , , , , , , ,69207,1729363674327,,, , , , , , , , , ,3145728,69156, , , , , , , , , , , , ,3, , , ,1, , , , , , , , , , , , , , , , , , , ,1,26,94812376,2, , , , , , ,4, , , , , , , , , , , , , , , , , , , , , , , , , , , , , , , , , ,4, , , , , , , , , , , 
2024-10-19 19:11:55.184 UTC, , , , , , , , , ,125,3221373,72720,2800, ,12, ,4, , , , , , , , , ,12,12, , , ,6,7,14, ,2, , , , , , , , , , , , , , ,69156,8, ,68873, , , , ,69207,70411223040,17,17,17,17, , , , , , , , , , , , , , , , , , , , , , , , , , , , , , , , ,69207,1729363674327,,, , , , , , , , , ,3145728,69156, , , , , , , , , , , , ,3, , , ,1, , , , , , , , , , , , , , , , , , , , , ,146192600,2, , , , , , ,4, , , , , , , , , , , , , , , , , , , , , , , , , , , , , , , , , ,4, , , , , , , , , , , 
2024-10-19 19:12:55.203 UTC, , , , , , , , , ,125,3221373,72720,2800, ,12, ,4, , , , , , , , , ,12,12, , , ,6,7,14, ,2, , , , , , , , , , , , , , ,69156,8, ,68873, , , , ,69207,70403481600,17,17,17,17, , , , , , , , , , , , , , , , , , , , , , , , , , , , , , , , ,69207,1729363674327,,, , , , , , , , , ,3145728,69156, , , , , , , , , , , , ,3, , , ,1, , , , , , , , , , , , , , , , , , , ,1,20,100146112,3, , , , , , ,4, , , , , , , , , , , , , , , , , , , , , , , , , , , , , , , , , ,4, , , , , , , , , , , 
2024-10-19 19:13:55.182 UTC, , , , , , , , , ,125,3221373,72720,2800, ,12, ,4, , , , , , , , , ,12,12, , , ,6,7,14, ,2, , , , , , , , , , , , , , ,69156,8, ,68873, , , , ,69207,70400700416,17,17,17,17, , , , , , , , , , , , , , , , , , , , , , , , , , , , , , , , ,69207,1729363674327,,, , , , , , , , , ,3145728,69156, , , , , , , , , , , , ,3, , , ,1, , , , , , , , , , , , , , , , , , , , , ,152574912,2, , , , , , ,4, , , , , , , , , , , , , , , , , , , , , , , , , , , , , , , , , ,4, , , , , , , , , , , 
2024-10-19 19:14:55.208 UTC, , , , , , , , , ,125,3221373,72720,2800, ,12, ,2, , , , , , , , , ,12,12, , , ,6,7,14, ,1, , , , , , , , , , , , , , ,69156,8, ,68873, , , , ,69207,70369398784,17,17,17,17, , , , , , , , , , , , , , , , , , , , , , , , , , , , , , , , ,69207,1729363674327,,, , , , , , , , , ,3145728,69156, , , , , , , , , , , , ,3, , , ,1, , , , , , , , , , , , , , , , , , , ,1,22,104419784,2, , , , , , ,2, , , , , , , , , , , , , , , , , , , , , , , , , , , , , , , , , ,2, , , , , , , , , , , 
2024-10-19 19:15:55.234 UTC, , , , , , , , , ,125,3221373,72720,2800, ,12, ,4, , , , , , , , , ,12,12, , , ,6,7,14, ,2, , , , , , , , , , , , , , ,69156,8, ,68873, , , , ,69207,70294855680,17,17,17,17, , , , , , , , , , , , , , , , , , , , , , , , , , , , , , , , ,69207,1729363674327,,, , , , , , , , , ,3145728,69156, , , , , , , , , , , , ,3, , , ,1, , , , , , , , , , , , , , , , , , , ,1,20,57127280,2, , , , , , ,4, , , , , , , , , , , , , , , , , , , , , , , , , , , , , , , , , ,4, , , , , , , , , , , 
2024-10-19 19:16:55.260 UTC, , , , , , , , , ,125,3221373,72720,2800, ,12, ,4, , , , , , , , , ,12,12, , , ,6,7,14, ,2, , , , , , , , , , , , , , ,69156,8, ,68873, , , , ,69207,70246957056,17,17,17,17, , , , , , , , , , , , , , , , , , , , , , , , , , , , , , , , ,69207,1729363674327,,, , , , , , , , , ,3145728,69156, , , , , , , , , , , , ,3, , , ,1, , , , , , , , , , , , , , , , , , , , , ,109556080,2, , , , , , ,4, , , , , , , , , , , , , , , , , , , , , , , , , , , , , , , , , ,4, , , , , , , , , , , 
2024-10-19 19:17:55.276 UTC, , , , , , , , , ,125,3221373,72720,2800, ,12, ,4, , , , , , , , , ,12,12, , , ,6,7,14, ,2, , , , , , , , , , , , , , ,69156,8, ,68873, , , , ,69207,70241841152,17,17,17,17, , , , , , , , , , , , , , , , , , , , , , , , , , , , , , , , ,69207,1729363674327,,, , , , , , , , , ,3145728,69156, , , , , , , , , , , , ,3, , , ,1, , , , , , , , , , , , , , , , , , , ,1,31,61497944,2, , , , , , ,4, , , , , , , , , , , , , , , , , , , , , , , , , , , , , , , , , ,4, , , , , , , , , , , 
2024-10-19 19:18:55.286 UTC, , , , , , , , , ,125,3221373,72720,2800, ,12, ,4, , , , , , , , , ,12,12, , , ,6,7,14, ,2, , , , , , , , , , , , , , ,69156,8, ,68873, , , , ,69207,70244569088,17,17,17,17, , , , , , , , , , , , , , , , , , , , , , , , , , , , , , , , ,69207,1729363674327,,, , , , , , , , , ,3145728,69156, , , , , , , , , , , , ,3, , , ,1, , , , , , , , , , , , , , , , , , , , , ,113926744,2, , , , , , ,4, , , , , , , , , , , , , , , , , , , , , , , , , , , , , , , , , ,4, , , , , , , , , , , 
2024-10-19 19:19:55.306 UTC, , , , , , , , , ,125,3221373,72720,2800, ,12, ,4, , , , , , , , , ,12,12, , , ,6,7,14, ,2, , , , , , , , , , , , , , ,69156,8, ,68873, , , , ,69207,70183731200,17,17,17,17, , , , , , , , , , , , , , , , , , , , , , , , , , , , , , , , ,69207,1729363674327,,, , , , , , , , , ,3145728,69156, , , , , , , , , , , , ,3, , , ,1, , , , , , , , , , , , , , , , , , , ,1,16,64612040,2, , , , , , ,4, , , , , , , , , , , , , , , , , , , , , , , , , , , , , , , , , ,4, , , , , , , , , , , 
2024-10-19 19:20:55.340 UTC, , , , , , , , , ,125,3221373,72720,2800, ,12, ,4, , , , , , , , , ,12,12, , , ,6,7,14, ,2, , , , , , , , , , , , , , ,69156,8, ,68873, , , , ,69207,70140739584,17,17,17,17, , , , , , , , , , , , , , , , , , , , , , , , , , , , , , , , ,69207,1729363674327,,, , , , , , , , , ,3145728,69156, , , , , , , , , , , , ,3, , , ,1, , , , , , , , , , , , , , , , , , , , , ,115992264,2, , , , , , ,4, , , , , , , , , , , , , , , , , , , , , , , , , , , , , , , , , ,4, , , , , , , , , , , 
2024-10-19 19:21:55.374 UTC, , , , , , , , , ,125,3221373,72720,2800, ,12, ,4, , , , , , , , , ,12,12, , , ,6,7,14, ,2, , , , , , , , , , , , , , ,69156,8, ,68873, , , , ,69207,70152957952,17,17,17,17, , , , , , , , , , , , , , , , , , , , , , , , , , , , , , , , ,69207,1729363674327,,, , , , , , , , , ,3145728,69156, , , , , , , , , , , , ,3, , , ,1, , , , , , , , , , , , , , , , , , , ,1,20,67735416,2, , , , , , ,4, , , , , , , , , , , , , , , , , , , , , , , , , , , , , , , , , ,4, , , , , , , , , , , 
2024-10-19 19:22:55.397 UTC, , , , , , , , , ,125,3221373,72720,2800, ,12, ,4, , , , , , , , , ,12,12, , , ,6,7,14, ,2, , , , , , , , , , , , , , ,69156,8, ,68873, , , , ,69207,70154174464,17,17,17,17, , , , , , , , , , , , , , , , , , , , , , , , , , , , , , , , ,69207,1729363674327,,, , , , , , , , , ,3145728,69156, , , , , , , , , , , , ,3, , , ,1, , , , , , , , , , , , , , , , , , , , , ,120164216,2, , , , , , ,4, , , , , , , , , , , , , , , , , , , , , , , , , , , , , , , , , ,4, , , , , , , , , , , 
2024-10-19 19:23:55.414 UTC, , , , , , , , , ,125,3221373,72720,2800, ,12, ,4, , , , , , , , , ,12,12, , , ,6,7,14, ,2, , , , , , , , , , , , , , ,69156,8, ,68873, , , , ,69207,70149316608,17,17,17,17, , , , , , , , , , , , , , , , , , , , , , , , , , , , , , , , ,69207,1729363674327,,, , , , , , , , , ,3145728,69156, , , , , , , , , , , , ,3, , , ,1, , , , , , , , , , , , , , , , , , , ,1,23,68780976,2, , , , , , ,4, , , , , , , , , , , , , , , , , , , , , , , , , , , , , , , , , ,4, , , , , , , , , , , 
2024-10-19 19:24:55.386 UTC, , , , , , , , , ,125,3221373,72720,2800, ,12, ,4, , , , , , , , , ,12,12, , , ,6,7,14, ,2, , , , , , , , , , , , , , ,69156,8, ,68873, , , , ,69207,70146854912,17,17,17,17, , , , , , , , , , , , , , , , , , , , , , , , , , , , , , , , ,69207,1729363674327,,, , , , , , , , , ,3145728,69156, , , , , , , , , , , , ,3, , , ,1, , , , , , , , , , , , , , , , , , , , , ,122258352,2, , , , , , ,4, , , , , , , , , , , , , , , , , , , , , , , , , , , , , , , , , ,4, , , , , , , , , , , 
2024-10-19 19:25:55.430 UTC, , , , , , , , , ,125,3221373,72720,2800, ,12, ,4, , , , , , , , , ,12,12, , , ,6,7,14, ,2, , , , , , , , , , , , , , ,69156,8, ,68873, , , , ,69207,70130122752,17,17,17,17, , , , , , , , , , , , , , , , , , , , , , , , , , , , , , , , ,69207,1729363674327,,, , , , , , , , , ,3145728,69156, , , , , , , , , , , , ,3, , , ,1, , , , , , , , , , , , , , , , , , , ,1,21,70891512,2, , , , , , ,4, , , , , , , , , , , , , , , , , , , , , , , , , , , , , , , , , ,4, , , , , , , , , , , 
2024-10-19 19:26:55.437 UTC, , , , , , , , , ,125,3221373,72720,2800, ,12, ,4, , , , , , , , , ,12,12, , , ,6,7,14, ,2, , , , , , , , , , , , , , ,69156,8, ,68873, , , , ,69207,70118699008,17,17,17,17, , , , , , , , , , , , , , , , , , , , , , , , , , , , , , , , ,69207,1729363674327,,, , , , , , , , , ,3145728,69156, , , , , , , , , , , , ,3, , , ,1, , , , , , , , , , , , , , , , , , , , , ,123320312,2, , , , , , ,4, , , , , , , , , , , , , , , , , , , , , , , , , , , , , , , , , ,4, , , , , , , , , , , 
2024-10-19 19:27:55.468 UTC, , , , , , , , , ,125,3221373,72720,2800, ,12, ,2, , , , , , , , , ,12,12, , , ,6,7,14, ,1, , , , , , , , , , , , , , ,69156,8, ,68873, , , , ,69207,69058842624,17,17,17,17, , , , , , , , , , , , , , , , , , , , , , , , , , , , , , , , ,69207,1729363674327,,, , , , , , , , , ,3145728,69156, , , , , , , , , , , , ,3, , , ,1, , , , , , , , , , , , , , , , , , , ,1,13,72973768,2, , , , , , ,2, , , , , , , , , , , , , , , , , , , , , , , , , , , , , , , , , ,2, , , , , , , , , , , 
2024-10-19 19:28:55.509 UTC, , , , , , , , , ,125,3221373,72720,2800, ,12, ,4, , , , , , , , , ,12,12, , , ,6,7,14, ,2, , , , , , , , , , , , , , ,69156,8, ,68873, , , , ,69207,69008916480,17,17,17,17, , , , , , , , , , , , , , , , , , , , , , , , , , , , , , , , ,69207,1729363674327,,, , , , , , , , , ,3145728,69156, , , , , , , , , , , , ,3, , , ,1, , , , , , , , , , , , , , , , , , , , , ,125402568,2, , , , , , ,4, , , , , , , , , , , , , , , , , , , , , , , , , , , , , , , , , ,4, , , , , , , , , , , 
2024-10-19 19:29:55.542 UTC, , , , , , , , , ,125,3221373,72720,2800, ,12, ,4, , , , , , , , , ,12,12, , , ,6,7,14, ,2, , , , , , , , , , , , , , ,69156,8, ,68873, , , , ,69207,68987510784,17,17,17,17, , , , , , , , , , , , , , , , , , , , , , , , , , , , , , , , ,69207,1729363674327,,, , , , , , , , , ,3145728,69156, , , , , , , , , , , , ,3, , , ,1, , , , , , , , , , , , , , , , , , , ,1,19,74101016,2, , , , , , ,4, , , , , , , , , , , , , , , , , , , , , , , , , , , , , , , , , ,4, , , , , , , , , , , 
2024-10-19 19:30:55.565 UTC, , , , , , , , , ,125,3221373,72720,2800, ,12, ,4, , , , , , , , , ,12,12, , , ,6,7,14, ,2, , , , , , , , , , , , , , ,69156,8, ,68873, , , , ,69207,68981792768,17,17,17,17, , , , , , , , , , , , , , , , , , , , , , , , , , , , , , , , ,69207,1729363674327,,, , , , , , , , , ,3145728,69156, , , , , , , , , , , , ,3, , , ,1, , , , , , , , , , , , , , , , , , , , , ,126529816,2, , , , , , ,4, , , , , , , , , , , , , , , , , , , , , , , , , , , , , , , , , ,4, , , , , , , , , , , 
2024-10-19 19:31:55.604 UTC, , , , , , , , , ,125,3221373,72720,2800, ,12, ,4, , , , , , , , , ,12,12, , , ,6,7,14, ,2, , , , , , , , , , , , , , ,69156,8, ,68873, , , , ,69207,68979572736,17,17,17,17, , , , , , , , , , , , , , , , , , , , , , , , , , , , , , , , ,69207,1729363674327,,, , , , , , , , , ,3145728,69156, , , , , , , , , , , , ,3, , , ,1, , , , , , , , , , , , , , , , , , , ,1,35,75047800,2, , , , , , ,4, , , , , , , , , , , , , , , , , , , , , , , , , , , , , , , , , ,4, , , , , , , , , , , 
2024-10-19 19:32:55.623 UTC, , , , , , , , , ,125,3221373,72720,2800, ,12, ,4, , , , , , , , , ,12,12, , , ,6,7,14, ,2, , , , , , , , , , , , , , ,69156,8, ,68873, , , , ,69207,68965752832,17,17,17,17, , , , , , , , , , , , , , , , , , , , , , , , , , , , , , , , ,69207,1729363674327,,, , , , , , , , , ,3145728,69156, , , , , , , , , , , , ,3, , , ,1, , , , , , , , , , , , , , , , , , , , , ,128525176,3, , , , , , ,4, , , , , , , , , , , , , , , , , , , , , , , , , , , , , , , , , ,4, , , , , , , , , , , 
2024-10-19 19:33:55.641 UTC, , , , , , , , , ,125,3221373,72720,2800, ,12, ,4, , , , , , , , , ,12,12, , , ,6,7,14, ,2, , , , , , , , , , , , , , ,69156,8, ,68873, , , , ,69207,68904136704,17,17,17,17, , , , , , , , , , , , , , , , , , , , , , , , , , , , , , , , ,69207,1729363674327,,, , , , , , , , , ,3145728,69156, , , , , , , , , , , , ,3, , , ,1, , , , , , , , , , , , , , , , , , , ,1,18,77197808,2, , , , , , ,4, , , , , , , , , , , , , , , , , , , , , , , , , , , , , , , , , ,4, , , , , , , , , , , 
2024-10-19 19:34:55.664 UTC, , , , , , , , , ,125,3221373,72720,2800, ,12, ,4, , , , , , , , , ,12,12, , , ,6,7,14, ,2, , , , , , , , , , , , , , ,69156,8, ,68873, , , , ,69207,68902637568,17,17,17,17, , , , , , , , , , , , , , , , , , , , , , , , , , , , , , , , ,69207,1729363674327,,, , , , , , , , , ,3145728,69156, , , , , , , , , , , , ,3, , , ,1, , , , , , , , , , , , , , , , , , , , , ,129626608,2, , , , , , ,4, , , , , , , , , , , , , , , , , , , , , , , , , , , , , , , , , ,4, , , , , , , , , , , 
2024-10-19 19:35:55.682 UTC, , , , , , , , , ,125,3221373,72720,2800, ,12, ,4, , , , , , , , , ,12,12, , , ,6,7,14, ,2, , , , , , , , , , , , , , ,69156,8, ,68873, , , , ,69207,68896288768,17,17,17,17, , , , , , , , , , , , , , , , , , , , , , , , , , , , , , , , ,69207,1729363674327,,, , , , , , , , , ,3145728,69156, , , , , , , , , , , , ,3, , , ,1, , , , , , , , , , , , , , , , , , , ,1,22,79311184,2, , , , , , ,4, , , , , , , , , , , , , , , , , , , , , , , , , , , , , , , , , ,4, , , , , , , , , , , 
2024-10-19 19:36:55.707 UTC, , , , , , , , , ,125,3221373,72720,2800, ,12, ,4, , , , , , , , , ,12,12, , , ,6,7,14, ,2, , , , , , , , , , , , , , ,69156,8, ,68873, , , , ,69207,68892573696,17,17,17,17, , , , , , , , , , , , , , , , , , , , , , , , , , , , , , , , ,69207,1729363674327,,, , , , , , , , , ,3145728,69156, , , , , , , , , , , , ,3, , , ,1, , , , , , , , , , , , , , , , , , , , , ,131739984,2, , , , , , ,4, , , , , , , , , , , , , , , , , , , , , , , , , , , , , , , , , ,4, , , , , , , , , , , 
2024-10-19 19:37:55.727 UTC, , , , , , , , , ,125,3221373,72720,2800, ,12, ,2, , , , , , , , , ,12,12, , , ,6,7,14, ,1, , , , , , , , , , , , , , ,69156,8, ,68873, , , , ,69207,68915650560,17,17,17,17, , , , , , , , , , , , , , , , , , , , , , , , , , , , , , , , ,69207,1729363674327,,, , , , , , , , , ,3145728,69156, , , , , , , , , , , , ,3, , , ,1, , , , , , , , , , , , , , , , , , , ,1,12,80353808,2, , , , , , ,2, , , , , , , , , , , , , , , , , , , , , , , , , , , , , , , , , ,2, , , , , , , , , , , 
2024-10-19 19:38:55.753 UTC, , , , , , , , , ,125,3221373,72720,2800, ,12, ,4, , , , , , , , , ,12,12, , , ,6,7,14, ,2, , , , , , , , , , , , , , ,69156,8, ,68873, , , , ,69207,68915179520,17,17,17,17, , , , , , , , , , , , , , , , , , , , , , , , , , , , , , , , ,69207,1729363674327,,, , , , , , , , , ,3145728,69156, , , , , , , , , , , , ,3, , , ,1, , , , , , , , , , , , , , , , , , , , , ,131734032,2, , , , , , ,4, , , , , , , , , , , , , , , , , , , , , , , , , , , , , , , , , ,4, , , , , , , , , , , 
2024-10-19 19:39:55.783 UTC, , , , , , , , , ,125,3221373,72720,2800, ,12, ,4, , , , , , , , , ,12,12, , , ,6,7,14, ,2, , , , , , , , , , , , , , ,69156,8, ,68873, , , , ,69207,68903759872,17,17,17,17, , , , , , , , , , , , , , , , , , , , , , , , , , , , , , , , ,69207,1729363674327,,, , , , , , , , , ,3145728,69156, , , , , , , , , , , , ,3, , , ,1, , , , , , , , , , , , , , , , , , , ,1,25,81415720,2, , , , , , ,4, , , , , , , , , , , , , , , , , , , , , , , , , , , , , , , , , ,4, , , , , , , , , , , 
2024-10-19 19:40:55.803 UTC, , , , , , , , , ,125,3221373,72720,2800, ,12, ,4, , , , , , , , , ,12,12, , , ,6,7,14, ,2, , , , , , , , , , , , , , ,69156,8, ,68873, , , , ,69207,68897198080,17,17,17,17, , , , , , , , , , , , , , , , , , , , , , , , , , , , , , , , ,69207,1729363674327,,, , , , , , , , , ,3145728,69156, , , , , , , , , , , , ,3, , , ,1, , , , , , , , , , , , , , , , , , , , , ,134893096,2, , , , , , ,4, , , , , , , , , , , , , , , , , , , , , , , , , , , , , , , , , ,4, , , , , , , , , , , 
2024-10-19 19:41:55.821 UTC, , , , , , , , , ,125,3221373,72720,2800, ,12, ,4, , , , , , , , , ,12,12, , , ,6,7,14, ,2, , , , , , , , , , , , , , ,69156,8, ,68873, , , , ,69207,68892094464,17,17,17,17, , , , , , , , , , , , , , , , , , , , , , , , , , , , , , , , ,69207,1729363674327,,, , , , , , , , , ,3145728,69156, , , , , , , , , , , , ,3, , , ,1, , , , , , , , , , , , , , , , , , , ,1,20,83511456,2, , , , , , ,4, , , , , , , , , , , , , , , , , , , , , , , , , , , , , , , , , ,4, , , , , , , , , , , 
2024-10-19 19:42:55.867 UTC, , , , , , , , , ,125,3221373,72720,2800, ,12, ,4, , , , , , , , , ,12,12, , , ,6,7,14, ,2, , , , , , , , , , , , , , ,69156,8, ,68873, , , , ,69207,67837145088,17,17,17,17, , , , , , , , , , , , , , , , , , , , , , , , , , , , , , , , ,69207,1729363674327,,, , , , , , , , , ,3145728,69156, , , , , , , , , , , , ,3, , , ,1, , , , , , , , , , , , , , , , , , , , , ,135940256,2, , , , , , ,4, , , , , , , , , , , , , , , , , , , , , , , , , , , , , , , , , ,4, , , , , , , , , , , 
2024-10-19 19:43:55.885 UTC, , , , , , , , , ,125,3221373,72720,2800, ,12, ,4, , , , , , , , , ,12,12, , , ,6,7,14, ,2, , , , , , , , , , , , , , ,69156,8, ,68873, , , , ,69207,68898578432,17,17,17,17, , , , , , , , , , , , , , , , , , , , , , , , , , , , , , , , ,69207,1729363674327,,, , , , , , , , , ,3145728,69156, , , , , , , , , , , , ,3, , , ,1, , , , , , , , , , , , , , , , , , , ,1,25,85623352,2, , , , , , ,4, , , , , , , , , , , , , , , , , , , , , , , , , , , , , , , , , ,4, , , , , , , , , , , 
2024-10-19 19:44:55.908 UTC, , , , , , , , , ,125,3221373,72720,2800, ,12, ,4, , , , , , , , , ,12,12, , , ,6,7,14, ,2, , , , , , , , , , , , , , ,69156,8, ,68873, , , , ,69207,68878778368,17,17,17,17, , , , , , , , , , , , , , , , , , , , , , , , , , , , , , , , ,69207,1729363674327,,, , , , , , , , , ,3145728,69156, , , , , , , , , , , , ,3, , , ,1, , , , , , , , , , , , , , , , , , , , , ,138052152,2, , , , , , ,4, , , , , , , , , , , , , , , , , , , , , , , , , , , , , , , , , ,4, , , , , , , , , , , 
2024-10-19 19:45:55.981 UTC, , , , , , , , , ,125,3221373,72720,2800, ,12, ,4, , , , , , , , , ,12,12, , , ,6,7,14, ,2, , , , , , , , , , , , , , ,69156,8, ,68873, , , , ,69207,68870733824,17,17,17,17, , , , , , , , , , , , , , , , , , , , , , , , , , , , , , , , ,69207,1729363674327,,, , , , , , , , , ,3145728,69156, , , , , , , , , , , , ,3, , , ,1, , , , , , , , , , , , , , , , , , , ,1,14,86733848,2, , , , , , ,4, , , , , , , , , , , , , , , , , , , , , , , , , , , , , , , , , ,4, , , , , , , , , , , 
2024-10-19 19:46:56.001 UTC, , , , , , , , , ,125,3221373,72720,2800, ,12, ,4, , , , , , , , , ,12,12, , , ,6,7,14, ,2, , , , , , , , , , , , , , ,69156,8, ,68873, , , , ,69207,68855566336,17,17,17,17, , , , , , , , , , , , , , , , , , , , , , , , , , , , , , , , ,69207,1729363674327,,, , , , , , , , , ,3145728,69156, , , , , , , , , , , , ,3, , , ,1, , , , , , , , , , , , , , , , , , , , , ,140211224,2, , , , , , ,4, , , , , , , , , , , , , , , , , , , , , , , , , , , , , , , , , ,4, , , , , , , , , , , 
2024-10-19 19:47:56.016 UTC, , , , , , , , , ,125,3221373,72720,2800, ,12, ,4, , , , , , , , , ,12,12, , , ,6,7,14, ,2, , , , , , , , , , , , , , ,69156,8, ,68873, , , , ,69207,68862693376,17,17,17,17, , , , , , , , , , , , , , , , , , , , , , , , , , , , , , , , ,69207,1729363674327,,, , , , , , , , , ,3145728,69156, , , , , , , , , , , , ,3, , , ,1, , , , , , , , , , , , , , , , , , , ,1,25,88744560,2, , , , , , ,4, , , , , , , , , , , , , , , , , , , , , , , , , , , , , , , , , ,4, , , , , , , , , , , 
2024-10-19 19:48:56.024 UTC, , , , , , , , , ,125,3221373,72720,2800, ,12, ,4, , , , , , , , , ,12,12, , , ,6,7,14, ,2, , , , , , , , , , , , , , ,69156,8, ,68873, , , , ,69207,69941030912,17,17,17,17, , , , , , , , , , , , , , , , , , , , , , , , , , , , , , , , ,69207,1729363674327,,, , , , , , , , , ,3145728,69156, , , , , , , , , , , , ,3, , , ,1, , , , , , , , , , , , , , , , , , , , , ,141173360,3, , , , , , ,4, , , , , , , , , , , , , , , , , , , , , , , , , , , , , , , , , ,4, , , , , , , , , , , 
2024-10-19 19:49:56.049 UTC, , , , , , , , , ,125,3221373,72720,2800, ,12, ,2, , , , , , , , , ,12,12, , , ,6,7,14, ,1, , , , , , , , , , , , , , ,69156,8, ,68873, , , , ,69207,69900894208,17,17,17,17, , , , , , , , , , , , , , , , , , , , , , , , , , , , , , , , ,69207,1729363674327,,, , , , , , , , , ,3145728,69156, , , , , , , , , , , , ,3, , , ,1, , , , , , , , , , , , , , , , , , , ,1,14,90882480,2, , , , , , ,2, , , , , , , , , , , , , , , , , , , , , , , , , , , , , , , , , ,2, , , , , , , , , , , 
2024-10-19 19:50:56.072 UTC, , , , , , , , , ,125,3221373,72720,2800, ,12, ,4, , , , , , , , , ,12,12, , , ,6,7,14, ,2, , , , , , , , , , , , , , ,69156,8, ,68873, , , , ,69207,69899440128,17,17,17,17, , , , , , , , , , , , , , , , , , , , , , , , , , , , , , , , ,69207,1729363674327,,, , , , , , , , , ,3145728,69156, , , , , , , , , , , , ,3, , , ,1, , , , , , , , , , , , , , , , , , , , , ,143311280,2, , , , , , ,4, , , , , , , , , , , , , , , , , , , , , , , , , , , , , , , , , ,4, , , , , , , , , , , 
2024-10-19 19:51:56.092 UTC, , , , , , , , , ,125,3221373,72720,2800, ,12, ,4, , , , , , , , , ,12,12, , , ,6,7,14, ,2, , , , , , , , , , , , , , ,69156,8, ,68873, , , , ,69207,69909913600,17,17,17,17, , , , , , , , , , , , , , , , , , , , , , , , , , , , , , , , ,69207,1729363674327,,, , , , , , , , , ,3145728,69156, , , , , , , , , , , , ,3, , , ,1, , , , , , , , , , , , , , , , , , , ,1,12,91951776,2, , , , , , ,4, , , , , , , , , , , , , , , , , , , , , , , , , , , , , , , , , ,4, , , , , , , , , , , 
2024-10-19 19:52:56.112 UTC, , , , , , , , , ,125,3221373,72720,2800, ,12, ,4, , , , , , , , , ,12,12, , , ,6,7,14, ,2, , , , , , , , , , , , , , ,69156,8, ,68873, , , , ,69207,69899726848,17,17,17,17, , , , , , , , , , , , , , , , , , , , , , , , , , , , , , , , ,69207,1729363674327,,, , , , , , , , , ,3145728,69156, , , , , , , , , , , , ,3, , , ,1, , , , , , , , , , , , , , , , , , , , , ,144380576,2, , , , , , ,4, , , , , , , , , , , , , , , , , , , , , , , , , , , , , , , , , ,4, , , , , , , , , , , 
2024-10-19 19:53:56.132 UTC, , , , , , , , , ,125,3221373,72720,2800, ,12, ,4, , , , , , , , , ,12,12, , , ,6,7,14, ,2, , , , , , , , , , , , , , ,69156,8, ,68873, , , , ,69207,69890613248,17,17,17,17, , , , , , , , , , , , , , , , , , , , , , , , , , , , , , , , ,69207,1729363674327,,, , , , , , , , , ,3145728,69156, , , , , , , , , , , , ,3, , , ,1, , , , , , , , , , , , , , , , , , , ,1,30,94115304,2, , , , , , ,4, , , , , , , , , , , , , , , , , , , , , , , , , , , , , , , , , ,4, , , , , , , , , , , 
2024-10-19 19:54:56.164 UTC, , , , , , , , , ,125,3221373,72720,2800, ,12, ,4, , , , , , , , , ,12,12, , , ,6,7,14, ,2, , , , , , , , , , , , , , ,69156,8, ,68873, , , , ,69207,69887115264,17,17,17,17, , , , , , , , , , , , , , , , , , , , , , , , , , , , , , , , ,69207,1729363674327,,, , , , , , , , , ,3145728,69156, , , , , , , , , , , , ,3, , , ,1, , , , , , , , , , , , , , , , , , , , , ,146544104,2, , , , , , ,4, , , , , , , , , , , , , , , , , , , , , , , , , , , , , , , , , ,4, , , , , , , , , , , 
2024-10-19 19:55:56.184 UTC, , , , , , , , , ,125,3221373,72720,2800, ,12, ,4, , , , , , , , , ,12,12, , , ,6,7,14, ,2, , , , , , , , , , , , , , ,69156,8, ,68873, , , , ,69207,69883596800,17,17,17,17, , , , , , , , , , , , , , , , , , , , , , , , , , , , , , , , ,69207,1729363674327,,, , , , , , , , , ,3145728,69156, , , , , , , , , , , , ,3, , , ,1, , , , , , , , , , , , , , , , , , , ,1,15,95058600,2, , , , , , ,4, , , , , , , , , , , , , , , , , , , , , , , , , , , , , , , , , ,4, , , , , , , , , , , 
2024-10-19 19:56:56.199 UTC, , , , , , , , , ,125,3221373,72720,2800, ,12, ,4, , , , , , , , , ,12,12, , , ,6,7,14, ,2, , , , , , , , , , , , , , ,69156,8, ,68873, , , , ,69207,69885153280,17,17,17,17, , , , , , , , , , , , , , , , , , , , , , , , , , , , , , , , ,69207,1729363674327,,, , , , , , , , , ,3145728,69156, , , , , , , , , , , , ,3, , , ,1, , , , , , , , , , , , , , , , , , , , , ,147487400,2, , , , , , ,4, , , , , , , , , , , , , , , , , , , , , , , , , , , , , , , , , ,4, , , , , , , , , , , 
2024-10-19 19:57:56.228 UTC, , , , , , , , , ,125,3221373,72720,2800, ,12, ,4, , , , , , , , , ,12,12, , , ,6,7,14, ,2, , , , , , , , , , , , , , ,69156,8, ,68873, , , , ,69207,69870931968,17,17,17,17, , , , , , , , , , , , , , , , , , , , , , , , , , , , , , , , ,69207,1729363674327,,, , , , , , , , , ,3145728,69156, , , , , , , , , , , , ,3, , , ,1, , , , , , , , , , , , , , , , , , , ,1,38,97215352,2, , , , , , ,4, , , , , , , , , , , , , , , , , , , , , , , , , , , , , , , , , ,4, , , , , , , , , , , 
2024-10-19 19:58:56.257 UTC, , , , , , , , , ,125,3221373,72720,2800, ,12, ,4, , , , , , , , , ,12,12, , , ,6,7,14, ,2, , , , , , , , , , , , , , ,69156,8, ,68873, , , , ,69207,69861560320,17,17,17,17, , , , , , , , , , , , , , , , , , , , , , , , , , , , , , , , ,69207,1729363674327,,, , , , , , , , , ,3145728,69156, , , , , , , , , , , , ,3, , , ,1, , , , , , , , , , , , , , , , , , , , , ,149644152,2, , , , , , ,4, , , , , , , , , , , , , , , , , , , , , , , , , , , , , , , , , ,4, , , , , , , , , , , 
2024-10-19 19:59:56.284 UTC, , , , , , , , , ,125,3221373,72720,2800, ,12, ,4, , , , , , , , , ,12,12, , , ,6,7,14, ,2, , , , , , , , , , , , , , ,69156,8, ,68873, , , , ,69207,69854212096,17,17,17,17, , , , , , , , , , , , , , , , , , , , , , , , , , , , , , , , ,69207,1729363674327,,, , , , , , , , , ,3145728,69156, , , , , , , , , , , , ,3, , , ,1, , , , , , , , , , , , , , , , , , , ,1,14,99305440,2, , , , , , ,4, , , , , , , , , , , , , , , , , , , , , , , , , , , , , , , , , ,4, , , , , , , , , , , 
2024-10-19 20:00:56.292 UTC, , , , , , , , , ,125,3221373,72720,2800, ,12, ,2, , , , , , , , , ,12,12, , , ,6,7,14, ,1, , , , , , , , , , , , , , ,69156,8, ,68873, , , , ,69207,68770045952,17,17,17,17, , , , , , , , , , , , , , , , , , , , , , , , , , , , , , , , ,69207,1729363674327,,, , , , , , , , , ,3145728,69156, , , , , , , , , , , , ,3, , , ,1, , , , , , , , , , , , , , , , , , , , , ,151734240,3, , , , , , ,2, , , , , , , , , , , , , , , , , , , , , , , , , , , , , , , , , ,2, , , , , , , , , , , 
2024-10-19 20:01:56.310 UTC, , , , , , , , , ,125,3221373,72720,2800, ,12, ,4, , , , , , , , , ,12,12, , , ,6,7,14, ,2, , , , , , , , , , , , , , ,69156,8, ,68873, , , , ,69207,68766093312,17,17,17,17, , , , , , , , , , , , , , , , , , , , , , , , , , , , , , , , ,69207,1729363674327,,, , , , , , , , , ,3145728,69156, , , , , , , , , , , , ,3, , , ,1, , , , , , , , , , , , , , , , , , , ,1,7,100422024,2, , , , , , ,4, , , , , , , , , , , , , , , , , , , , , , , , , , , , , , , , , ,4, , , , , , , , , , , 
2024-10-19 20:02:56.327 UTC, , , , , , , , , ,125,3221373,72720,2800, ,12, ,4, , , , , , , , , ,12,12, , , ,6,7,14, ,2, , , , , , , , , , , , , , ,69156,8, ,68873, , , , ,69207,68758290432,17,17,17,17, , , , , , , , , , , , , , , , , , , , , , , , , , , , , , , , ,69207,1729363674327,,, , , , , , , , , ,3145728,69156, , , , , , , , , , , , ,3, , , ,1, , , , , , , , , , , , , , , , , , , , , ,152850824,3, , , , , , ,4, , , , , , , , , , , , , , , , , , , , , , , , , , , , , , , , , ,4, , , , , , , , , , , 
2024-10-19 20:03:56.345 UTC, , , , , , , , , ,125,3221373,72720,2800, ,12, ,4, , , , , , , , , ,12,12, , , ,6,7,14, ,2, , , , , , , , , , , , , , ,69156,8, ,68873, , , , ,69207,68751204352,17,17,17,17, , , , , , , , , , , , , , , , , , , , , , , , , , , , , , , , ,69207,1729363674327,,, , , , , , , , , ,3145728,69156, , , , , , , , , , , , ,3, , , ,1, , , , , , , , , , , , , , , , , , , ,1,28,102418296,1, , , , , , ,4, , , , , , , , , , , , , , , , , , , , , , , , , , , , , , , , , ,4, , , , , , , , , , , 
2024-10-19 20:04:56.354 UTC, , , , , , , , , ,125,3221373,72720,2800, ,12, ,4, , , , , , , , , ,12,12, , , ,6,7,14, ,2, , , , , , , , , , , , , , ,69156,8, ,68873, , , , ,69207,68754251776,17,17,17,17, , , , , , , , , , , , , , , , , , , , , , , , , , , , , , , , ,69207,1729363674327,,, , , , , , , , , ,3145728,69156, , , , , , , , , , , , ,3, , , ,1, , , , , , , , , , , , , , , , , , , , , ,154847096,2, , , , , , ,4, , , , , , , , , , , , , , , , , , , , , , , , , , , , , , , , , ,4, , , , , , , , , , , 
2024-10-19 20:05:56.390 UTC, , , , , , , , , ,125,3221373,72720,2800, ,12, ,4, , , , , , , , , ,12,12, , , ,6,7,14, ,2, , , , , , , , , , , , , , ,69156,8, ,68873, , , , ,69207,68780720128,17,17,17,17, , , , , , , , , , , , , , , , , , , , , , , , , , , , , , , , ,69207,1729363674327,,, , , , , , , , , ,3145728,69156, , , , , , , , , , , , ,3, , , ,1, , , , , , , , , , , , , , , , , , , ,1,25,103517128,2, , , , , , ,4, , , , , , , , , , , , , , , , , , , , , , , , , , , , , , , , , ,4, , , , , , , , , , , 
2024-10-19 20:06:56.407 UTC, , , , , , , , , ,125,3221373,72720,2800, ,12, ,4, , , , , , , , , ,12,12, , , ,6,7,14, ,2, , , , , , , , , , , , , , ,69156,8, ,68873, , , , ,69207,68769853440,17,17,17,17, , , , , , , , , , , , , , , , , , , , , , , , , , , , , , , , ,69207,1729363674327,,, , , , , , , , , ,3145728,69156, , , , , , , , , , , , ,3, , , ,1, , , , , , , , , , , , , , , , , , , , , ,155945928,2, , , , , , ,4, , , , , , , , , , , , , , , , , , , , , , , , , , , , , , , , , ,4, , , , , , , , , , , 
2024-10-19 20:07:56.423 UTC, , , , , , , , , ,125,3221373,72720,2800, ,12, ,4, , , , , , , , , ,12,12, , , ,6,7,14, ,2, , , , , , , , , , , , , , ,69156,8, ,68873, , , , ,69207,68774944768,17,17,17,17, , , , , , , , , , , , , , , , , , , , , , , , , , , , , , , , ,69207,1729363674327,,, , , , , , , , , ,3145728,69156, , , , , , , , , , , , ,3, , , ,1, , , , , , , , , , , , , , , , , , , ,1,12,105652536,2, , , , , , ,4, , , , , , , , , , , , , , , , , , , , , , , , , , , , , , , , , ,4, , , , , , , , , , , 
2024-10-19 20:08:56.438 UTC, , , , , , , , , ,125,3221373,72720,2800, ,12, ,4, , , , , , , , , ,12,12, , , ,6,7,14, ,2, , , , , , , , , , , , , , ,69156,8, ,68873, , , , ,69207,68779843584,17,17,17,17, , , , , , , , , , , , , , , , , , , , , , , , , , , , , , , , ,69207,1729363674327,,, , , , , , , , , ,3145728,69156, , , , , , , , , , , , ,3, , , ,1, , , , , , , , , , , , , , , , , , , ,1,15,54310544,2, , , , , , ,4, , , , , , , , , , , , , , , , , , , , , , , , , , , , , , , , , ,4, , , , , , , , , , , 
2024-10-19 20:09:56.460 UTC, , , , , , , , , ,125,3221373,72720,2800, ,12, ,4, , , , , , , , , ,12,12, , , ,6,7,14, ,2, , , , , , , , , , , , , , ,69156,8, ,68873, , , , ,69207,68769234944,17,17,17,17, , , , , , , , , , , , , , , , , , , , , , , , , , , , , , , , ,69207,1729363674327,,, , , , , , , , , ,3145728,69156, , , , , , , , , , , , ,3, , , ,1, , , , , , , , , , , , , , , , , , , , , ,106739344,2, , , , , , ,4, , , , , , , , , , , , , , , , , , , , , , , , , , , , , , , , , ,4, , , , , , , , , , , 
2024-10-19 20:10:56.476 UTC, , , , , , , , , ,125,3221373,72720,2800, ,12, ,4, , , , , , , , , ,12,12, , , ,6,7,14, ,2, , , , , , , , , , , , , , ,69156,8, ,68873, , , , ,69207,68767395840,17,17,17,17, , , , , , , , , , , , , , , , , , , , , , , , , , , , , , , , ,69207,1729363674327,,, , , , , , , , , ,3145728,69156, , , , , , , , , , , , ,3, , , ,1, , , , , , , , , , , , , , , , , , , ,1,13,56356848,2, , , , , , ,4, , , , , , , , , , , , , , , , , , , , , , , , , , , , , , , , , ,4, , , , , , , , , , , 
2024-10-19 20:11:56.487 UTC, , , , , , , , , ,125,3221373,72720,2800, ,12, ,4, , , , , , , , , ,12,12, , , ,6,7,14, ,2, , , , , , , , , , , , , , ,69156,8, ,68873, , , , ,69207,68783312896,17,17,17,17, , , , , , , , , , , , , , , , , , , , , , , , , , , , , , , , ,69207,1729363674327,,, , , , , , , , , ,3145728,69156, , , , , , , , , , , , ,3, , , ,1, , , , , , , , , , , , , , , , , , , , , ,108785648,2, , , , , , ,4, , , , , , , , , , , , , , , , , , , , , , , , , , , , , , , , , ,4, , , , , , , , , , , 
2024-10-19 20:12:56.500 UTC, , , , , , , , , ,125,3221373,72720,2800, ,12, ,2, , , , , , , , , ,12,12, , , ,6,7,14, ,1, , , , , , , , , , , , , , ,69156,8, ,68873, , , , ,69207,68772311040,17,17,17,17, , , , , , , , , , , , , , , , , , , , , , , , , , , , , , , , ,69207,1729363674327,,, , , , , , , , , ,3145728,69156, , , , , , , , , , , , ,3, , , ,1, , , , , , , , , , , , , , , , , , , ,1,20,57367152,2, , , , , , ,2, , , , , , , , , , , , , , , , , , , , , , , , , , , , , , , , , ,2, , , , , , , , , , , 
2024-10-19 20:13:56.503 UTC, , , , , , , , , ,125,3221373,72720,2800, ,12, ,4, , , , , , , , , ,12,12, , , ,6,7,14, ,2, , , , , , , , , , , , , , ,69156,8, ,68873, , , , ,69207,68765511680,17,17,17,17, , , , , , , , , , , , , , , , , , , , , , , , , , , , , , , , ,69207,1729363674327,,, , , , , , , , , ,3145728,69156, , , , , , , , , , , , ,3, , , ,1, , , , , , , , , , , , , , , , , , , , , ,109795952,2, , , , , , ,4, , , , , , , , , , , , , , , , , , , , , , , , , , , , , , , , , ,4, , , , , , , , , , , 
2024-10-19 20:14:56.503 UTC, , , , , , , , , ,125,3221373,72720,2800, ,12, ,4, , , , , , , , , ,12,12, , , ,6,7,14, ,2, , , , , , , , , , , , , , ,69156,8, ,68873, , , , ,69207,68754313216,17,17,17,17, , , , , , , , , , , , , , , , , , , , , , , , , , , , , , , , ,69207,1729363674327,,, , , , , , , , , ,3145728,69156, , , , , , , , , , , , ,3, , , ,1, , , , , , , , , , , , , , , , , , , ,1,33,58464848,2, , , , , , ,4, , , , , , , , , , , , , , , , , , , , , , , , , , , , , , , , , ,4, , , , , , , , , , , 
2024-10-19 20:15:56.523 UTC, , , , , , , , , ,125,3221373,72720,2800, ,12, ,4, , , , , , , , , ,12,12, , , ,6,7,14, ,2, , , , , , , , , , , , , , ,69156,8, ,68873, , , , ,69207,68742488064,17,17,17,17, , , , , , , , , , , , , , , , , , , , , , , , , , , , , , , , ,69207,1729363674327,,, , , , , , , , , ,3145728,69156, , , , , , , , , , , , ,3, , , ,1, , , , , , , , , , , , , , , , , , , , , ,111942224,2, , , , , , ,4, , , , , , , , , , , , , , , , , , , , , , , , , , , , , , , , , ,4, , , , , , , , , , , 
2024-10-19 20:16:56.548 UTC, , , , , , , , , ,125,3221373,72720,2800, ,12, ,4, , , , , , , , , ,12,12, , , ,6,7,14, ,2, , , , , , , , , , , , , , ,69156,8, ,68873, , , , ,69207,68733685760,17,17,17,17, , , , , , , , , , , , , , , , , , , , , , , , , , , , , , , , ,69207,1729363674327,,, , , , , , , , , ,3145728,69156, , , , , , , , , , , , ,3, , , ,1, , , , , , , , , , , , , , , , , , , ,1,21,60619544,2, , , , , , ,4, , , , , , , , , , , , , , , , , , , , , , , , , , , , , , , , , ,4, , , , , , , , , , , 
2024-10-19 20:17:56.563 UTC, , , , , , , , , ,125,3221373,72720,2800, ,12, ,4, , , , , , , , , ,12,12, , , ,6,7,14, ,2, , , , , , , , , , , , , , ,69156,8, ,68873, , , , ,69207,68732313600,17,17,17,17, , , , , , , , , , , , , , , , , , , , , , , , , , , , , , , , ,69207,1729363674327,,, , , , , , , , , ,3145728,69156, , , , , , , , , , , , ,3, , , ,1, , , , , , , , , , , , , , , , , , , , , ,113048344,2, , , , , , ,4, , , , , , , , , , , , , , , , , , , , , , , , , , , , , , , , , ,4, , , , , , , , , , , 
2024-10-19 20:18:56.576 UTC, , , , , , , , , ,125,3221373,72720,2800, ,12, ,4, , , , , , , , , ,12,12, , , ,6,7,14, ,2, , , , , , , , , , , , , , ,69156,8, ,68873, , , , ,69207,68727439360,17,17,17,17, , , , , , , , , , , , , , , , , , , , , , , , , , , , , , , , ,69207,1729363674327,,, , , , , , , , , ,3145728,69156, , , , , , , , , , , , ,3, , , ,1, , , , , , , , , , , , , , , , , , , ,1,20,62668528,2, , , , , , ,4, , , , , , , , , , , , , , , , , , , , , , , , , , , , , , , , , ,4, , , , , , , , , , , 
2024-10-19 20:19:56.589 UTC, , , , , , , , , ,125,3221373,72720,2800, ,12, ,4, , , , , , , , , ,12,12, , , ,6,7,14, ,2, , , , , , , , , , , , , , ,69156,8, ,68873, , , , ,69207,68723306496,17,17,17,17, , , , , , , , , , , , , , , , , , , , , , , , , , , , , , , , ,69207,1729363674327,,, , , , , , , , , ,3145728,69156, , , , , , , , , , , , ,3, , , ,1, , , , , , , , , , , , , , , , , , , , , ,115097328,2, , , , , , ,4, , , , , , , , , , , , , , , , , , , , , , , , , , , , , , , , , ,4, , , , , , , , , , , 
2024-10-19 20:20:56.607 UTC, , , , , , , , , ,125,3221373,72720,2800, ,12, ,4, , , , , , , , , ,12,12, , , ,6,7,14, ,2, , , , , , , , , , , , , , ,69156,8, ,68873, , , , ,69207,68722352128,17,17,17,17, , , , , , , , , , , , , , , , , , , , , , , , , , , , , , , , ,69207,1729363674327,,, , , , , , , , , ,3145728,69156, , , , , , , , , , , , ,3, , , ,1, , , , , , , , , , , , , , , , , , , ,1,7,63672840,2, , , , , , ,4, , , , , , , , , , , , , , , , , , , , , , , , , , , , , , , , , ,4, , , , , , , , , , , 
2024-10-19 20:21:56.626 UTC, , , , , , , , , ,125,3221373,72720,2800, ,12, ,4, , , , , , , , , ,12,12, , , ,6,7,14, ,2, , , , , , , , , , , , , , ,69156,8, ,68873, , , , ,69207,67101564928,17,17,17,17, , , , , , , , , , , , , , , , , , , , , , , , , , , , , , , , ,69207,1729363674327,,, , , , , , , , , ,3145728,69156, , , , , , , , , , , , ,3, , , ,1, , , , , , , , , , , , , , , , , , , , , ,116101640,2, , , , , , ,4, , , , , , , , , , , , , , , , , , , , , , , , , , , , , , , , , ,4, , , , , , , , , , , 
2024-10-19 20:22:56.651 UTC, , , , , , , , , ,125,3221373,72720,2800, ,12, ,4, , , , , , , , , ,12,12, , , ,6,7,14, ,2, , , , , , , , , , , , , , ,69156,8, ,68873, , , , ,69207,68171468800,17,17,17,17, , , , , , , , , , , , , , , , , , , , , , , , , , , , , , , , ,69207,1729363674327,,, , , , , , , , , ,3145728,69156, , , , , , , , , , , , ,3, , , ,1, , , , , , , , , , , , , , , , , , , ,1,19,65828928,2, , , , , , ,4, , , , , , , , , , , , , , , , , , , , , , , , , , , , , , , , , ,4, , , , , , , , , , , 
2024-10-19 20:23:56.663 UTC, , , , , , , , , ,125,3221373,72720,2800, ,12, ,4, , , , , , , , , ,12,12, , , ,6,7,14, ,2, , , , , , , , , , , , , , ,69156,8, ,68873, , , , ,69207,68192411648,17,17,17,17, , , , , , , , , , , , , , , , , , , , , , , , , , , , , , , , ,69207,1729363674327,,, , , , , , , , , ,3145728,69156, , , , , , , , , , , , ,3, , , ,1, , , , , , , , , , , , , , , , , , , , , ,118257728,2, , , , , , ,4, , , , , , , , , , , , , , , , , , , , , , , , , , , , , , , , , ,4, , , , , , , , , , , 
2024-10-19 20:24:56.684 UTC, , , , , , , , , ,125,3221373,72720,2800, ,12, ,2, , , , , , , , , ,12,12, , , ,6,7,14, ,1, , , , , , , , , , , , , , ,69156,8, ,68873, , , , ,69207,68192096256,17,17,17,17, , , , , , , , , , , , , , , , , , , , , , , , , , , , , , , , ,69207,1729363674327,,, , , , , , , , , ,3145728,69156, , , , , , , , , , , , ,3, , , ,1, , , , , , , , , , , , , , , , , , , ,1,20,66936800,2, , , , , , ,2, , , , , , , , , , , , , , , , , , , , , , , , , , , , , , , , , ,2, , , , , , , , , , , 
2024-10-19 20:25:56.709 UTC, , , , , , , , , ,125,3221373,72720,2800, ,12, ,4, , , , , , , , , ,12,12, , , ,6,7,14, ,2, , , , , , , , , , , , , , ,69156,8, ,68873, , , , ,69207,67104395264,17,17,17,17, , , , , , , , , , , , , , , , , , , , , , , , , , , , , , , , ,69207,1729363674327,,, , , , , , , , , ,3145728,69156, , , , , , , , , , , , ,3, , , ,1, , , , , , , , , , , , , , , , , , , , , ,119365600,2, , , , , , ,4, , , , , , , , , , , , , , , , , , , , , , , , , , , , , , , , , ,4, , , , , , , , , , , 
2024-10-19 20:26:56.733 UTC, , , , , , , , , ,125,3221373,72720,2800, ,12, ,4, , , , , , , , , ,12,12, , , ,6,7,14, ,2, , , , , , , , , , , , , , ,69156,8, ,68873, , , , ,69207,68166598656,17,17,17,17, , , , , , , , , , , , , , , , , , , , , , , , , , , , , , , , ,69207,1729363674327,,, , , , , , , , , ,3145728,69156, , , , , , , , , , , , ,3, , , ,1, , , , , , , , , , , , , , , , , , , ,1,22,67934152,2, , , , , , ,4, , , , , , , , , , , , , , , , , , , , , , , , , , , , , , , , , ,4, , , , , , , , , , , 
2024-10-19 20:27:56.755 UTC, , , , , , , , , ,125,3221373,72720,2800, ,12, ,4, , , , , , , , , ,12,12, , , ,6,7,14, ,2, , , , , , , , , , , , , , ,69156,8, ,68873, , , , ,69207,68161892352,17,17,17,17, , , , , , , , , , , , , , , , , , , , , , , , , , , , , , , , ,69207,1729363674327,,, , , , , , , , , ,3145728,69156, , , , , , , , , , , , ,3, , , ,1, , , , , , , , , , , , , , , , , , , , , ,121411528,2, , , , , , ,4, , , , , , , , , , , , , , , , , , , , , , , , , , , , , , , , , ,4, , , , , , , , , , , 
2024-10-19 20:28:56.779 UTC, , , , , , , , , ,125,3221373,72720,2800, ,12, ,4, , , , , , , , , ,12,12, , , ,6,7,14, ,2, , , , , , , , , , , , , , ,69156,8, ,68873, , , , ,69207,68152037376,17,17,17,17, , , , , , , , , , , , , , , , , , , , , , , , , , , , , , , , ,69207,1729363674327,,, , , , , , , , , ,3145728,69156, , , , , , , , , , , , ,3, , , ,1, , , , , , , , , , , , , , , , , , , ,1,12,70038520,2, , , , , , ,4, , , , , , , , , , , , , , , , , , , , , , , , , , , , , , , , , ,4, , , , , , , , , , , 
2024-10-19 20:29:56.799 UTC, , , , , , , , , ,125,3221373,72720,2800, ,12, ,4, , , , , , , , , ,12,12, , , ,6,7,14, ,2, , , , , , , , , , , , , , ,69156,8, ,68873, , , , ,69207,68129255424,17,17,17,17, , , , , , , , , , , , , , , , , , , , , , , , , , , , , , , , ,69207,1729363674327,,, , , , , , , , , ,3145728,69156, , , , , , , , , , , , ,3, , , ,1, , , , , , , , , , , , , , , , , , , , , ,122467320,2, , , , , , ,4, , , , , , , , , , , , , , , , , , , , , , , , , , , , , , , , , ,4, , , , , , , , , , , 
2024-10-19 20:30:56.825 UTC, , , , , , , , , ,125,3221373,72720,2800, ,12, ,4, , , , , , , , , ,12,12, , , ,6,7,14, ,2, , , , , , , , , , , , , , ,69156,8, ,68873, , , , ,69207,68133986304,17,17,17,17, , , , , , , , , , , , , , , , , , , , , , , , , , , , , , , , ,69207,1729363674327,,, , , , , , , , , ,3145728,69156, , , , , , , , , , , , ,3, , , ,1, , , , , , , , , , , , , , , , , , , ,1,11,72087240,3, , , , , , ,4, , , , , , , , , , , , , , , , , , , , , , , , , , , , , , , , , ,4, , , , , , , , , , , 
2024-10-19 20:31:56.838 UTC, , , , , , , , , ,125,3221373,72720,2800, ,12, ,4, , , , , , , , , ,12,12, , , ,6,7,14, ,2, , , , , , , , , , , , , , ,69156,8, ,68873, , , , ,69207,68125130752,17,17,17,17, , , , , , , , , , , , , , , , , , , , , , , , , , , , , , , , ,69207,1729363674327,,, , , , , , , , , ,3145728,69156, , , , , , , , , , , , ,3, , , ,1, , , , , , , , , , , , , , , , , , , , , ,124516040,2, , , , , , ,4, , , , , , , , , , , , , , , , , , , , , , , , , , , , , , , , , ,4, , , , , , , , , , , 
2024-10-19 20:32:56.875 UTC, , , , , , , , , ,125,3221373,72720,2800, ,12, ,4, , , , , , , , , ,12,12, , , ,6,7,14, ,2, , , , , , , , , , , , , , ,69156,8, ,68873, , , , ,69207,68128772096,17,17,17,17, , , , , , , , , , , , , , , , , , , , , , , , , , , , , , , , ,69207,1729363674327,,, , , , , , , , , ,3145728,69156, , , , , , , , , , , , ,3, , , ,1, , , , , , , , , , , , , , , , , , , ,1,14,74271848,2, , , , , , ,4, , , , , , , , , , , , , , , , , , , , , , , , , , , , , , , , , ,4, , , , , , , , , , , 
2024-10-19 20:33:56.893 UTC, , , , , , , , , ,125,3221373,72720,2800, ,12, ,4, , , , , , , , , ,12,12, , , ,6,7,14, ,2, , , , , , , , , , , , , , ,69156,8, ,68873, , , , ,69207,68113711104,17,17,17,17, , , , , , , , , , , , , , , , , , , , , , , , , , , , , , , , ,69207,1729363674327,,, , , , , , , , , ,3145728,69156, , , , , , , , , , , , ,3, , , ,1, , , , , , , , , , , , , , , , , , , , , ,126700648,2, , , , , , ,4, , , , , , , , , , , , , , , , , , , , , , , , , , , , , , , , , ,4, , , , , , , , , , , 
2024-10-19 20:34:56.909 UTC, , , , , , , , , ,125,3221373,72720,2800, ,12, ,4, , , , , , , , , ,12,12, , , ,6,7,14, ,2, , , , , , , , , , , , , , ,69156,8, ,68873, , , , ,69207,68093906944,17,17,17,17, , , , , , , , , , , , , , , , , , , , , , , , , , , , , , , , ,69207,1729363674327,,, , , , , , , , , ,3145728,69156, , , , , , , , , , , , ,3, , , ,1, , , , , , , , , , , , , , , , , , , ,1,11,75286528,2, , , , , , ,4, , , , , , , , , , , , , , , , , , , , , , , , , , , , , , , , , ,4, , , , , , , , , , , 
2024-10-19 20:35:56.926 UTC, , , , , , , , , ,125,3221373,72720,2800, ,12, ,4, , , , , , , , , ,12,12, , , ,6,7,14, ,2, , , , , , , , , , , , , , ,69156,8, ,68873, , , , ,69207,68080128000,17,17,17,17, , , , , , , , , , , , , , , , , , , , , , , , , , , , , , , , ,69207,1729363674327,,, , , , , , , , , ,3145728,69156, , , , , , , , , , , , ,3, , , ,1, , , , , , , , , , , , , , , , , , , , , ,127715328,2, , , , , , ,4, , , , , , , , , , , , , , , , , , , , , , , , , , , , , , , , , ,4, , , , , , , , , , , 
2024-10-19 20:36:56.940 UTC, , , , , , , , , ,125,3221373,72720,2800, ,12, ,4, , , , , , , , , ,12,12, , , ,6,7,14, ,2, , , , , , , , , , , , , , ,69156,8, ,68873, , , , ,69207,68055621632,17,17,17,17, , , , , , , , , , , , , , , , , , , , , , , , , , , , , , , , ,69207,1729363674327,,, , , , , , , , , ,3145728,69156, , , , , , , , , , , , ,3, , , ,1, , , , , , , , , , , , , , , , , , , ,1,22,77380336,2, , , , , , ,4, , , , , , , , , , , , , , , , , , , , , , , , , , , , , , , , , ,4, , , , , , , , , , , 
2024-10-19 20:37:56.955 UTC, , , , , , , , , ,125,3221373,72720,2800, ,12, ,2, , , , , , , , , ,12,12, , , ,6,7,14, ,1, , , , , , , , , , , , , , ,69156,8, ,68873, , , , ,69207,68045750272,17,17,17,17, , , , , , , , , , , , , , , , , , , , , , , , , , , , , , , , ,69207,1729363674327,,, , , , , , , , , ,3145728,69156, , , , , , , , , , , , ,3, , , ,1, , , , , , , , , , , , , , , , , , , , , ,128760560,2, , , , , , ,2, , , , , , , , , , , , , , , , , , , , , , , , , , , , , , , , , ,2, , , , , , , , , , , 
2024-10-19 20:38:56.976 UTC, , , , , , , , , ,125,3221373,72720,2800, ,12, ,4, , , , , , , , , ,12,12, , , ,6,7,14, ,2, , , , , , , , , , , , , , ,69156,8, ,68873, , , , ,69207,68030824448,17,17,17,17, , , , , , , , , , , , , , , , , , , , , , , , , , , , , , , , ,69207,1729363674327,,, , , , , , , , , ,3145728,69156, , , , , , , , , , , , ,3, , , ,1, , , , , , , , , , , , , , , , , , , ,1,18,78421152,2, , , , , , ,4, , , , , , , , , , , , , , , , , , , , , , , , , , , , , , , , , ,4, , , , , , , , , , , 
2024-10-19 20:39:57.005 UTC, , , , , , , , , ,125,3221373,72720,2800, ,12, ,4, , , , , , , , , ,12,12, , , ,6,7,14, ,2, , , , , , , , , , , , , , ,69156,8, ,68873, , , , ,69207,68037230592,17,17,17,17, , , , , , , , , , , , , , , , , , , , , , , , , , , , , , , , ,69207,1729363674327,,, , , , , , , , , ,3145728,69156, , , , , , , , , , , , ,3, , , ,1, , , , , , , , , , , , , , , , , , , , , ,130849952,2, , , , , , ,4, , , , , , , , , , , , , , , , , , , , , , , , , , , , , , , , , ,4, , , , , , , , , , , 
2024-10-19 20:40:57.022 UTC, , , , , , , , , ,125,3221373,72720,2800, ,12, ,4, , , , , , , , , ,12,12, , , ,6,7,14, ,2, , , , , , , , , , , , , , ,69156,8, ,68873, , , , ,69207,68030308352,17,17,17,17, , , , , , , , , , , , , , , , , , , , , , , , , , , , , , , , ,69207,1729363674327,,, , , , , , , , , ,3145728,69156, , , , , , , , , , , , ,3, , , ,1, , , , , , , , , , , , , , , , , , , ,1,10,79437128,2, , , , , , ,4, , , , , , , , , , , , , , , , , , , , , , , , , , , , , , , , , ,4, , , , , , , , , , , 
2024-10-19 20:41:57.032 UTC, , , , , , , , , ,125,3221373,72720,2800, ,12, ,4, , , , , , , , , ,12,12, , , ,6,7,14, ,2, , , , , , , , , , , , , , ,69156,8, ,68873, , , , ,69207,68043550720,17,17,17,17, , , , , , , , , , , , , , , , , , , , , , , , , , , , , , , , ,69207,1729363674327,,, , , , , , , , , ,3145728,69156, , , , , , , , , , , , ,3, , , ,1, , , , , , , , , , , , , , , , , , , , , ,131865928,2, , , , , , ,4, , , , , , , , , , , , , , , , , , , , , , , , , , , , , , , , , ,4, , , , , , , , , , , 
2024-10-19 20:42:57.045 UTC, , , , , , , , , ,125,3221373,72720,2800, ,12, ,4, , , , , , , , , ,12,12, , , ,6,7,14, ,2, , , , , , , , , , , , , , ,69156,8, ,68873, , , , ,69207,68036907008,17,17,17,17, , , , , , , , , , , , , , , , , , , , , , , , , , , , , , , , ,69207,1729363674327,,, , , , , , , , , ,3145728,69156, , , , , , , , , , , , ,3, , , ,1, , , , , , , , , , , , , , , , , , , ,1,14,81582176,2, , , , , , ,4, , , , , , , , , , , , , , , , , , , , , , , , , , , , , , , , , ,4, , , , , , , , , , , 
2024-10-19 20:43:57.110 UTC, , , , , , , , , ,125,3221373,72720,2800, ,12, ,4, , , , , , , , , ,12,12, , , ,6,7,14, ,2, , , , , , , , , , , , , , ,69156,8, ,68873, , , , ,69207,66952855552,17,17,17,17, , , , , , , , , , , , , , , , , , , , , , , , , , , , , , , , ,69207,1729363674327,,, , , , , , , , , ,3145728,69156, , , , , , , , , , , , ,3, , , ,1, , , , , , , , , , , , , , , , , , , , , ,134010976,2, , , , , , ,4, , , , , , , , , , , , , , , , , , , , , , , , , , , , , , , , , ,4, , , , , , , , , , , 
2024-10-19 20:44:57.130 UTC, , , , , , , , , ,125,3221373,72720,2800, ,12, ,4, , , , , , , , , ,12,12, , , ,6,7,14, ,2, , , , , , , , , , , , , , ,69156,8, ,68873, , , , ,69207,66957709312,17,17,17,17, , , , , , , , , , , , , , , , , , , , , , , , , , , , , , , , ,69207,1729363674327,,, , , , , , , , , ,3145728,69156, , , , , , , , , , , , ,3, , , ,1, , , , , , , , , , , , , , , , , , , ,1,18,82640888,2, , , , , , ,4, , , , , , , , , , , , , , , , , , , , , , , , , , , , , , , , , ,4, , , , , , , , , , , 
2024-10-19 20:45:57.144 UTC, , , , , , , , , ,125,3221373,72720,2800, ,12, ,4, , , , , , , , , ,12,12, , , ,6,7,14, ,2, , , , , , , , , , , , , , ,69156,8, ,68873, , , , ,69207,68043554816,17,17,17,17, , , , , , , , , , , , , , , , , , , , , , , , , , , , , , , , ,69207,1729363674327,,, , , , , , , , , ,3145728,69156, , , , , , , , , , , , ,3, , , ,1, , , , , , , , , , , , , , , , , , , , , ,135069688,2, , , , , , ,4, , , , , , , , , , , , , , , , , , , , , , , , , , , , , , , , , ,4, , , , , , , , , , , 
2024-10-19 20:46:57.159 UTC, , , , , , , , , ,125,3221373,72720,2800, ,12, ,4, , , , , , , , , ,12,12, , , ,6,7,14, ,2, , , , , , , , , , , , , , ,69156,8, ,68873, , , , ,69207,68054216704,17,17,17,17, , , , , , , , , , , , , , , , , , , , , , , , , , , , , , , , ,69207,1729363674327,,, , , , , , , , , ,3145728,69156, , , , , , , , , , , , ,3, , , ,1, , , , , , , , , , , , , , , , , , , ,1,8,84749040,2, , , , , , ,4, , , , , , , , , , , , , , , , , , , , , , , , , , , , , , , , , ,4, , , , , , , , , , , 
2024-10-19 20:47:57.173 UTC, , , , , , , , , ,125,3221373,72720,2800, ,12, ,4, , , , , , , , , ,12,12, , , ,6,7,14, ,2, , , , , , , , , , , , , , ,69156,8, ,68873, , , , ,69207,68048486400,17,17,17,17, , , , , , , , , , , , , , , , , , , , , , , , , , , , , , , , ,69207,1729363674327,,, , , , , , , , , ,3145728,69156, , , , , , , , , , , , ,3, , , ,1, , , , , , , , , , , , , , , , , , , , , ,137177840,2, , , , , , ,4, , , , , , , , , , , , , , , , , , , , , , , , , , , , , , , , , ,4, , , , , , , , , , , 
2024-10-19 20:48:57.185 UTC, , , , , , , , , ,125,3221373,72720,2800, ,12, ,4, , , , , , , , , ,12,12, , , ,6,7,14, ,2, , , , , , , , , , , , , , ,69156,8, ,68873, , , , ,69207,68036767744,17,17,17,17, , , , , , , , , , , , , , , , , , , , , , , , , , , , , , , , ,69207,1729363674327,,, , , , , , , , , ,3145728,69156, , , , , , , , , , , , ,3, , , ,1, , , , , , , , , , , , , , , , , , , ,1,15,86793832,2, , , , , , ,4, , , , , , , , , , , , , , , , , , , , , , , , , , , , , , , , , ,4, , , , , , , , , , , 
2024-10-19 20:49:57.196 UTC, , , , , , , , , ,125,3221373,72720,2800, ,12, ,4, , , , , , , , , ,12,12, , , ,6,7,14, ,2, , , , , , , , , , , , , , ,69156,8, ,68873, , , , ,69207,68046438400,17,17,17,17, , , , , , , , , , , , , , , , , , , , , , , , , , , , , , , , ,69207,1729363674327,,, , , , , , , , , ,3145728,69156, , , , , , , , , , , , ,3, , , ,1, , , , , , , , , , , , , , , , , , , , , ,139222632,3, , , , , , ,4, , , , , , , , , , , , , , , , , , , , , , , , , , , , , , , , , ,4, , , , , , , , , , , 
2024-10-19 20:50:57.214 UTC, , , , , , , , , ,125,3221373,72720,2800, ,12, ,2, , , , , , , , , ,12,12, , , ,6,7,14, ,1, , , , , , , , , , , , , , ,69156,8, ,68873, , , , ,69207,68037386240,17,17,17,17, , , , , , , , , , , , , , , , , , , , , , , , , , , , , , , , ,69207,1729363674327,,, , , , , , , , , ,3145728,69156, , , , , , , , , , , , ,3, , , ,1, , , , , , , , , , , , , , , , , , , ,1,15,87895960,2, , , , , , ,2, , , , , , , , , , , , , , , , , , , , , , , , , , , , , , , , , ,2, , , , , , , , , , , 
2024-10-19 20:51:57.231 UTC, , , , , , , , , ,125,3221373,72720,2800, ,12, ,4, , , , , , , , , ,12,12, , , ,6,7,14, ,2, , , , , , , , , , , , , , ,69156,8, ,68873, , , , ,69207,68053405696,17,17,17,17, , , , , , , , , , , , , , , , , , , , , , , , , , , , , , , , ,69207,1729363674327,,, , , , , , , , , ,3145728,69156, , , , , , , , , , , , ,3, , , ,1, , , , , , , , , , , , , , , , , , , , , ,140324760,3, , , , , , ,4, , , , , , , , , , , , , , , , , , , , , , , , , , , , , , , , , ,4, , , , , , , , , , , 
2024-10-19 21:22:25.583 UTC, , , , , , , , , ,125,3221373,72720,2800, ,12, ,4, , , , , , , , , ,12,12, , , ,6,7,14, ,2, , , , , , , , , , , , , , ,69156,8, ,68873, , , , ,69207,68057145344,17,17,17,17, , , , , , , , , , , , , , , , , , , , , , , , , , , , , , , , ,69207,1729363674327,,, , , , , , , , , ,3145728,69156, , , , , , , , , , , , ,3, , , ,1, , , , , , , , , , , , , , , , , , , ,1,21,88938280,2, , , , , , ,4, , , , , , , , , , , , , , , , , , , , , , , , , , , , , , , , , ,4, , , , , , , , , , , 
2024-10-19 22:35:00.716 UTC, , , , , , , , , ,125,3221373,72720,2800, ,12, ,4, , , , , , , , , ,12,12, , , ,6,7,14, ,2, , , , , , , , , , , , , , ,69156,8, ,68873, , , , ,69207,68074094592,17,17,17,17, , , , , , , , , , , , , , , , , , , , , , , , , , , , , , , , ,69207,1729363674327,,, , , , , , , , , ,3145728,69156, , , , , , , , , , , , ,3, , , ,1, , , , , , , , , , , , , , , , , , , , , ,142415656,2, , , , , , ,4, , , , , , , , , , , , , , , , , , , , , , , , , , , , , , , , , ,4, , , , , , , , , , , 
2024-10-19 23:35:54.462 UTC, , , , , , , , , ,125,3221373,72720,2800, ,12, ,4, , , , , , , , , ,12,12, , , ,6,7,14, ,2, , , , , , , , , , , , , , ,69156,8, ,68873, , , , ,69207,68693532672,17,17,17,17, , , , , , , , , , , , , , , , , , , , , , , , , , , , , , , , ,69207,1729363674327,,, , , , , , , , , ,3145728,69156, , , , , , , , , , , , ,3, , , ,1, , , , , , , , , , , , , , , , , , , ,1,20,91052728,2, , , , , , ,4, , , , , , , , , , , , , , , , , , , , , , , , , , , , , , , , , ,4, , , , , , , , , , , 
2024-10-20 00:31:57.431 UTC, , , , , , , , , ,125,3221373,72720,2800, ,12, ,4, , , , , , , , , ,12,12, , , ,6,7,14, ,2, , , , , , , , , , , , , , ,69156,8, ,68873, , , , ,69207,68677689344,17,17,17,17, , , , , , , , , , , , , , , , , , , , , , , , , , , , , , , , ,69207,1729363674327,,, , , , , , , , , ,3145728,69156, , , , , , , , , , , , ,3, , , ,1, , , , , , , , , , , , , , , , , , , , , ,143481528,2, , , , , , ,4, , , , , , , , , , , , , , , , , , , , , , , , , , , , , , , , , ,4, , , , , , , , , , , 
2024-10-20 01:24:51.165 UTC, , , , , , , , , ,125,3221373,72720,2800, ,12, ,4, , , , , , , , , ,12,12, , , ,6,7,14, ,2, , , , , , , , , , , , , , ,69156,8, ,68873, , , , ,69207,68634238976,17,17,17,17, , , , , , , , , , , , , , , , , , , , , , , , , , , , , , , , ,69207,1729363674327,,, , , , , , , , , ,3145728,69156, , , , , , , , , , , , ,3, , , ,1, , , , , , , , , , , , , , , , , , , ,1,8,93146320,2, , , , , , ,4, , , , , , , , , , , , , , , , , , , , , , , , , , , , , , , , , ,4, , , , , , , , , , , 
2024-10-20 01:56:27.324 UTC, , , , , , , , , ,125,3221373,72720,2800, ,12, ,4, , , , , , , , , ,12,12, , , ,6,7,14, ,2, , , , , , , , , , , , , , ,69156,8, ,68873, , , , ,69207,68673740800,17,17,17,17, , , , , , , , , , , , , , , , , , , , , , , , , , , , , , , , ,69207,1729363674327,,, , , , , , , , , ,3145728,69156, , , , , , , , , , , , ,3, , , ,1, , , , , , , , , , , , , , , , , , , , , ,145575120,2, , , , , , ,4, , , , , , , , , , , , , , , , , , , , , , , , , , , , , , , , , ,4, , , , , , , , , , , 
2024-10-20 02:26:28.801 UTC, , , , , , , , , ,125,3221373,72720,2800, ,12, ,4, , , , , , , , , ,12,12, , , ,6,7,14, ,2, , , , , , , , , , , , , , ,69156,8, ,68873, , , , ,69207,68663128064,17,17,17,17, , , , , , , , , , , , , , , , , , , , , , , , , , , , , , , , ,69207,1729363674327,,, , , , , , , , , ,3145728,69156, , , , , , , , , , , , ,3, , , ,1, , , , , , , , , , , , , , , , , , , ,1,10,94202416,2, , , , , , ,4, , , , , , , , , , , , , , , , , , , , , , , , , , , , , , , , , ,4, , , , , , , , , , , 
2024-10-20 03:09:50.964 UTC, , , , , , , , , ,125,3221373,72720,2800, ,12, ,4, , , , , , , , , ,12,12, , , ,6,7,14, ,2, , , , , , , , , , , , , , ,69156,8, ,68873, , , , ,69207,68619968512,17,17,17,17, , , , , , , , , , , , , , , , , , , , , , , , , , , , , , , , ,69207,1729363674327,,, , , , , , , , , ,3145728,69156, , , , , , , , , , , , ,3, , , ,1, , , , , , , , , , , , , , , , , , , , , ,146631216,2, , , , , , ,4, , , , , , , , , , , , , , , , , , , , , , , , , , , , , , , , , ,4, , , , , , , , , , , 
2024-10-20 03:40:22.590 UTC, , , , , , , , , ,125,3221373,72720,2800, ,12, ,4, , , , , , , , , ,12,12, , , ,6,7,14, ,2, , , , , , , , , , , , , , ,69156,8, ,68873, , , , ,69207,68585615360,17,17,17,17, , , , , , , , , , , , , , , , , , , , , , , , , , , , , , , , ,69207,1729363674327,,, , , , , , , , , ,3145728,69156, , , , , , , , , , , , ,3, , , ,1, , , , , , , , , , , , , , , , , , , ,1,14,96293704,2, , , , , , ,4, , , , , , , , , , , , , , , , , , , , , , , , , , , , , , , , , ,4, , , , , , , , , , , 
2024-10-20 03:54:59.906 UTC, , , , , , , , , ,125,3221373,72720,2800, ,12, ,4, , , , , , , , , ,12,12, , , ,6,7,14, ,2, , , , , , , , , , , , , , ,69156,8, ,68873, , , , ,69207,68606664704,17,17,17,17, , , , , , , , , , , , , , , , , , , , , , , , , , , , , , , , ,69207,1729363674327,,, , , , , , , , , ,3145728,69156, , , , , , , , , , , , ,3, , , ,1, , , , , , , , , , , , , , , , , , , , , ,148722504,2, , , , , , ,4, , , , , , , , , , , , , , , , , , , , , , , , , , , , , , , , , ,4, , , , , , , , , , , 
2024-10-20 04:06:31.646 UTC, , , , , , , , , ,125,3221373,72720,2800, ,12, ,2, , , , , , , , , ,12,12, , , ,6,7,14, ,1, , , , , , , , , , , , , , ,69156,8, ,68873, , , , ,69207,68592066560,17,17,17,17, , , , , , , , , , , , , , , , , , , , , , , , , , , , , , , , ,69207,1729363674327,,, , , , , , , , , ,3145728,69156, , , , , , , , , , , , ,3, , , ,1, , , , , , , , , , , , , , , , , , , ,1,12,96298792,2, , , , , , ,2, , , , , , , , , , , , , , , , , , , , , , , , , , , , , , , , , ,2, , , , , , , , , , , 
2024-10-20 05:12:40.111 UTC, , , , , , , , , ,125,3221373,72720,2800, ,12, ,4, , , , , , , , , ,12,12, , , ,6,7,14, ,2, , , , , , , , , , , , , , ,69156,8, ,68873, , , , ,69207,68600147968,17,17,17,17, , , , , , , , , , , , , , , , , , , , , , , , , , , , , , , , ,69207,1729363674327,,, , , , , , , , , ,3145728,69156, , , , , , , , , , , , ,3, , , ,1, , , , , , , , , , , , , , , , , , , , , ,149776168,2, , , , , , ,4, , , , , , , , , , , , , , , , , , , , , , , , , , , , , , , , , ,4, , , , , , , , , , , 
2024-10-20 05:51:15.897 UTC, , , , , , , , , ,125,3221373,72720,2800, ,12, ,4, , , , , , , , , ,12,12, , , ,6,7,14, ,2, , , , , , , , , , , , , , ,69156,8, ,68873, , , , ,69207,68584325120,17,17,17,17, , , , , , , , , , , , , , , , , , , , , , , , , , , , , , , , ,69207,1729363674327,,, , , , , , , , , ,3145728,69156, , , , , , , , , , , , ,3, , , ,1, , , , , , , , , , , , , , , , , , , ,1,21,98402616,3, , , , , , ,4, , , , , , , , , , , , , , , , , , , , , , , , , , , , , , , , , ,4, , , , , , , , , , , 
2024-10-20 06:36:25.603 UTC, , , , , , , , , ,125,3221373,72720,2800, ,12, ,4, , , , , , , , , ,12,12, , , ,6,7,14, ,2, , , , , , , , , , , , , , ,69156,8, ,68873, , , , ,69207,68553060352,17,17,17,17, , , , , , , , , , , , , , , , , , , , , , , , , , , , , , , , ,69207,1729363674327,,, , , , , , , , , ,3145728,69156, , , , , , , , , , , , ,3, , , ,1, , , , , , , , , , , , , , , , , , , , , ,150831416,3, , , , , , ,4, , , , , , , , , , , , , , , , , , , , , , , , , , , , , , , , , ,4, , , , , , , , , , , 
2024-10-20 06:37:25.626 UTC, , , , , , , , , ,125,3221373,72720,2800, ,12, ,4, , , , , , , , , ,12,12, , , ,6,7,14, ,2, , , , , , , , , , , , , , ,69156,8, ,68873, , , , ,69207,68535169024,17,17,17,17, , , , , , , , , , , , , , , , , , , , , , , , , , , , , , , , ,69207,1729363674327,,, , , , , , , , , ,3145728,69156, , , , , , , , , , , , ,3, , , ,1, , , , , , , , , , , , , , , , , , , ,1,13,99444064,2, , , , , , ,4, , , , , , , , , , , , , , , , , , , , , , , , , , , , , , , , , ,4, , , , , , , , , , , 
2024-10-20 06:38:25.648 UTC, , , , , , , , , ,125,3221373,72720,2800, ,12, ,4, , , , , , , , , ,12,12, , , ,6,7,14, ,2, , , , , , , , , , , , , , ,69156,8, ,68873, , , , ,69207,68553822208,17,17,17,17, , , , , , , , , , , , , , , , , , , , , , , , , , , , , , , , ,69207,1729363674327,,, , , , , , , , , ,3145728,69156, , , , , , , , , , , , ,3, , , ,1, , , , , , , , , , , , , , , , , , , , , ,151872864,2, , , , , , ,4, , , , , , , , , , , , , , , , , , , , , , , , , , , , , , , , , ,4, , , , , , , , , , , 
2024-10-20 06:39:25.646 UTC, , , , , , , , , ,125,3221373,72720,2800, ,12, ,4, , , , , , , , , ,12,12, , , ,6,7,14, ,2, , , , , , , , , , , , , , ,69156,8, ,68873, , , , ,69207,68547391488,17,17,17,17, , , , , , , , , , , , , , , , , , , , , , , , , , , , , , , , ,69207,1729363674327,,, , , , , , , , , ,3145728,69156, , , , , , , , , , , , ,3, , , ,1, , , , , , , , , , , , , , , , , , , ,1,19,101553976,2, , , , , , ,4, , , , , , , , , , , , , , , , , , , , , , , , , , , , , , , , , ,4, , , , , , , , , , , 
2024-10-20 06:40:25.647 UTC, , , , , , , , , ,125,3221373,72720,2800, ,12, ,4, , , , , , , , , ,12,12, , , ,6,7,14, ,2, , , , , , , , , , , , , , ,69156,8, ,68873, , , , ,69207,68547194880,17,17,17,17, , , , , , , , , , , , , , , , , , , , , , , , , , , , , , , , ,69207,1729363674327,,, , , , , , , , , ,3145728,69156, , , , , , , , , , , , ,3, , , ,1, , , , , , , , , , , , , , , , , , , , , ,153982776,2, , , , , , ,4, , , , , , , , , , , , , , , , , , , , , , , , , , , , , , , , , ,4, , , , , , , , , , , 
2024-10-20 06:41:25.681 UTC, , , , , , , , , ,125,3221373,72720,2800, ,12, ,4, , , , , , , , , ,12,12, , , ,6,7,14, ,2, , , , , , , , , , , , , , ,69156,8, ,68873, , , , ,69207,68540555264,17,17,17,17, , , , , , , , , , , , , , , , , , , , , , , , , , , , , , , , ,69207,1729363674327,,, , , , , , , , , ,3145728,69156, , , , , , , , , , , , ,3, , , ,1, , , , , , , , , , , , , , , , , , , ,1,23,102600344,2, , , , , , ,4, , , , , , , , , , , , , , , , , , , , , , , , , , , , , , , , , ,4, , , , , , , , , , , 
2024-10-20 06:42:25.692 UTC, , , , , , , , , ,125,3221373,72720,2800, ,12, ,4, , , , , , , , , ,12,12, , , ,6,7,14, ,2, , , , , , , , , , , , , , ,69156,8, ,68873, , , , ,69207,68537368576,17,17,17,17, , , , , , , , , , , , , , , , , , , , , , , , , , , , , , , , ,69207,1729363674327,,, , , , , , , , , ,3145728,69156, , , , , , , , , , , , ,3, , , ,1, , , , , , , , , , , , , , , , , , , , , ,155029144,3, , , , , , ,4, , , , , , , , , , , , , , , , , , , , , , , , , , , , , , , , , ,4, , , , , , , , , , , 
2024-10-20 06:43:25.713 UTC, , , , , , , , , ,125,3221373,72720,2800, ,12, ,4, , , , , , , , , ,12,12, , , ,6,7,14, ,2, , , , , , , , , , , , , , ,69156,8, ,68873, , , , ,69207,68537507840,17,17,17,17, , , , , , , , , , , , , , , , , , , , , , , , , , , , , , , , ,69207,1729363674327,,, , , , , , , , , ,3145728,69156, , , , , , , , , , , , ,3, , , ,1, , , , , , , , , , , , , , , , , , , ,1,24,104702256,2, , , , , , ,4, , , , , , , , , , , , , , , , , , , , , , , , , , , , , , , , , ,4, , , , , , , , , , , 
2024-10-20 06:44:25.733 UTC, , , , , , , , , ,125,3221373,72720,2800, ,12, ,4, , , , , , , , , ,12,12, , , ,6,7,14, ,2, , , , , , , , , , , , , , ,69156,8, ,68873, , , , ,69207,68546224128,17,17,17,17, , , , , , , , , , , , , , , , , , , , , , , , , , , , , , , , ,69207,1729363674327,,, , , , , , , , , ,3145728,69156, , , , , , , , , , , , ,3, , , ,1, , , , , , , , , , , , , , , , , , , , , ,157131056,2, , , , , , ,4, , , , , , , , , , , , , , , , , , , , , , , , , , , , , , , , , ,4, , , , , , , , , , , 
2024-10-20 06:45:25.745 UTC, , , , , , , , , ,125,3221373,72720,2800, ,12, ,4, , , , , , , , , ,12,12, , , ,6,7,14, ,2, , , , , , , , , , , , , , ,69156,8, ,68873, , , , ,69207,68542242816,17,17,17,17, , , , , , , , , , , , , , , , , , , , , , , , , , , , , , , , ,69207,1729363674327,,, , , , , , , , , ,3145728,69156, , , , , , , , , , , , ,3, , , ,1, , , , , , , , , , , , , , , , , , , ,1,16,105815920,3, , , , , , ,4, , , , , , , , , , , , , , , , , , , , , , , , , , , , , , , , , ,4, , , , , , , , , , , 
2024-10-20 06:46:25.760 UTC, , , , , , , , , ,125,3221373,72720,2800, ,12, ,2, , , , , , , , , ,12,12, , , ,6,7,14, ,1, , , , , , , , , , , , , , ,69156,8, ,68873, , , , ,69207,67437223936,17,17,17,17, , , , , , , , , , , , , , , , , , , , , , , , , , , , , , , , ,69207,1729363674327,,, , , , , , , , , ,3145728,69156, , , , , , , , , , , , ,3, , , ,1, , , , , , , , , , , , , , , , , , , ,1,20,54330384,2, , , , , , ,2, , , , , , , , , , , , , , , , , , , , , , , , , , , , , , , , , ,2, , , , , , , , , , , 
2024-10-20 06:47:25.779 UTC, , , , , , , , , ,125,3221373,72720,2800, ,12, ,4, , , , , , , , , ,12,12, , , ,6,7,14, ,2, , , , , , , , , , , , , , ,69156,8, ,68873, , , , ,69207,68497104896,17,17,17,17, , , , , , , , , , , , , , , , , , , , , , , , , , , , , , , , ,69207,1729363674327,,, , , , , , , , , ,3145728,69156, , , , , , , , , , , , ,3, , , ,1, , , , , , , , , , , , , , , , , , , , , ,106759184,2, , , , , , ,4, , , , , , , , , , , , , , , , , , , , , , , , , , , , , , , , , ,4, , , , , , , , , , , 
2024-10-20 06:48:25.797 UTC, , , , , , , , , ,125,3221373,72720,2800, ,12, ,4, , , , , , , , , ,12,12, , , ,6,7,14, ,2, , , , , , , , , , , , , , ,69156,8, ,68873, , , , ,69207,68069027840,17,17,17,17, , , , , , , , , , , , , , , , , , , , , , , , , , , , , , , , ,69207,1729363674327,,, , , , , , , , , ,3145728,69156, , , , , , , , , , , , ,3, , , ,1, , , , , , , , , , , , , , , , , , , ,1,15,56475328,2, , , , , , ,4, , , , , , , , , , , , , , , , , , , , , , , , , , , , , , , , , ,4, , , , , , , , , , , 
2024-10-20 06:49:25.816 UTC, , , , , , , , , ,125,3221373,72720,2800, ,12, ,4, , , , , , , , , ,12,12, , , ,6,7,14, ,2, , , , , , , , , , , , , , ,69156,8, ,68873, , , , ,69207,68067385344,17,17,17,17, , , , , , , , , , , , , , , , , , , , , , , , , , , , , , , , ,69207,1729363674327,,, , , , , , , , , ,3145728,69156, , , , , , , , , , , , ,3, , , ,1, , , , , , , , , , , , , , , , , , , , , ,108904128,2, , , , , , ,4, , , , , , , , , , , , , , , , , , , , , , , , , , , , , , , , , ,4, , , , , , , , , , , 
2024-10-20 06:50:25.836 UTC, , , , , , , , , ,125,3221373,72720,2800, ,12, ,4, , , , , , , , , ,12,12, , , ,6,7,14, ,2, , , , , , , , , , , , , , ,69156,8, ,68873, , , , ,69207,68044288000,17,17,17,17, , , , , , , , , , , , , , , , , , , , , , , , , , , , , , , , ,69207,1729363674327,,, , , , , , , , , ,3145728,69156, , , , , , , , , , , , ,3, , , ,1, , , , , , , , , , , , , , , , , , , ,1,15,57531280,2, , , , , , ,4, , , , , , , , , , , , , , , , , , , , , , , , , , , , , , , , , ,4, , , , , , , , , , , 
2024-10-20 06:51:25.892 UTC, , , , , , , , , ,125,3221373,72720,2800, ,12, ,4, , , , , , , , , ,12,12, , , ,6,7,14, ,2, , , , , , , , , , , , , , ,69156,8, ,68873, , , , ,69207,68047585280,17,17,17,17, , , , , , , , , , , , , , , , , , , , , , , , , , , , , , , , ,69207,1729363674327,,, , , , , , , , , ,3145728,69156, , , , , , , , , , , , ,3, , , ,1, , , , , , , , , , , , , , , , , , , , , ,109960080,3, , , , , , ,4, , , , , , , , , , , , , , , , , , , , , , , , , , , , , , , , , ,4, , , , , , , , , , , 
2024-10-20 06:52:25.937 UTC, , , , , , , , , ,125,3221373,72720,2800, ,12, ,4, , , , , , , , , ,12,12, , , ,6,7,14, ,2, , , , , , , , , , , , , , ,69156,8, ,68873, , , , ,69207,68033785856,17,17,17,17, , , , , , , , , , , , , , , , , , , , , , , , , , , , , , , , ,69207,1729363674327,,, , , , , , , , , ,3145728,69156, , , , , , , , , , , , ,3, , , ,1, , , , , , , , , , , , , , , , , , , ,1,12,59682376,2, , , , , , ,4, , , , , , , , , , , , , , , , , , , , , , , , , , , , , , , , , ,4, , , , , , , , , , , 
2024-10-20 06:53:25.963 UTC, , , , , , , , , ,125,3221373,72720,2800, ,12, ,4, , , , , , , , , ,12,12, , , ,6,7,14, ,2, , , , , , , , , , , , , , ,69156,8, ,68873, , , , ,69207,68026593280,17,17,17,17, , , , , , , , , , , , , , , , , , , , , , , , , , , , , , , , ,69207,1729363674327,,, , , , , , , , , ,3145728,69156, , , , , , , , , , , , ,3, , , ,1, , , , , , , , , , , , , , , , , , , , , ,112111176,2, , , , , , ,4, , , , , , , , , , , , , , , , , , , , , , , , , , , , , , , , , ,4, , , , , , , , , , , 
2024-10-20 06:54:25.994 UTC, , , , , , , , , ,125,3221373,72720,2800, ,12, ,27, , , , , , , , , ,12,12, , , ,6,7,14, ,14, , , , , , , , , , , , , , ,69156,8, ,68873, , , , ,69207,68031156224,17,17,17,17, , , , , , , , , , , , , , , , , , , , , , , , , , , , , , , , ,69207,1729363674327,,, , , , , , , , , ,3145728,69156, , , , , , , , , , , , ,3, , , ,1, , , , , , , , , , , , , , , , , , , ,1,12,61802704,2, , , , , , ,26, , , , , , , , , , , , , , , , , , , , , , , , , , , , , , , , , ,26,1, , , , , , , , , , 
2024-10-20 06:55:26.013 UTC, , , , , , , , , ,125,3221373,72720,2800, ,12, ,4, , , , , , , , , ,12,12, , , ,6,7,14, ,2, , , , , , , , , , , , , , ,69156,8, ,68873, , , , ,69207,66952433664,17,17,17,17, , , , , , , , , , , , , , , , , , , , , , , , , , , , , , , , ,69207,1729363674327,,, , , , , , , , , ,3145728,69156, , , , , , , , , , , , ,3, , , ,1, , , , , , , , , , , , , , , , , , , , , ,114231504,2, , , , , , ,4, , , , , , , , , , , , , , , , , , , , , , , , , , , , , , , , , ,4, , , , , , , , , , , 
2024-10-20 06:56:26.055 UTC, , , , , , , , , ,125,3221373,72720,2800, ,12, ,4, , , , , , , , , ,12,12, , , ,6,7,14, ,2, , , , , , , , , , , , , , ,69156,8, ,68873, , , , ,69207,66939772928,17,17,17,17, , , , , , , , , , , , , , , , , , , , , , , , , , , , , , , , ,69207,1729363674327,,, , , , , , , , , ,3145728,69156, , , , , , , , , , , , ,3, , , ,1, , , , , , , , , , , , , , , , , , , ,1,17,62639464,2, , , , , , ,4, , , , , , , , , , , , , , , , , , , , , , , , , , , , , , , , , ,4, , , , , , , , , , , 
2024-10-20 06:57:26.079 UTC, , , , , , , , , ,125,3221373,72720,2800, ,12, ,27, , , , , , , , , ,12,12, , , ,6,7,14, ,14, , , , , , , , , , , , , , ,69156,8, ,68873, , , , ,69207,66930982912,17,17,17,17, , , , , , , , , , , , , , , , , , , , , , , , , , , , , , , , ,69207,1729363674327,,, , , , , , , , , ,3145728,69156, , , , , , , , , , , , ,3, , , ,1, , , , , , , , , , , , , , , , , , , , , ,116116840,2, , , , , , ,26, , , , , , , , , , , , , , , , , , , , , , , , , , , , , , , , , ,26,1, , , , , , , , , , 
2024-10-20 06:58:26.114 UTC, , , , , , , , , ,125,3221373,72720,2800, ,12, ,2, , , , , , , , , ,12,12, , , ,6,7,14, ,1, , , , , , , , , , , , , , ,69156,8, ,68873, , , , ,69207,65819013120,17,17,17,17, , , , , , , , , , , , , , , , , , , , , , , , , , , , , , , , ,69207,1729363674327,,, , , , , , , , , ,3145728,69156, , , , , , , , , , , , ,3, , , ,1, , , , , , , , , , , , , , , , , , , ,1,201,64938288,2, , , , , , ,2, , , , , , , , , , , , , , , , , , , , , , , , , , , , , , , , , ,2, , , , , , , , , , , 
2024-10-20 06:59:26.136 UTC, , , , , , , , , ,125,3221373,72720,2800, ,12, ,4, , , , , , , , , ,12,12, , , ,6,7,14, ,2, , , , , , , , , , , , , , ,69156,8, ,68873, , , , ,69207,66879709184,17,17,17,17, , , , , , , , , , , , , , , , , , , , , , , , , , , , , , , , ,69207,1729363674327,,, , , , , , , , , ,3145728,69156, , , , , , , , , , , , ,3, , , ,1, , , , , , , , , , , , , , , , , , , , , ,117367088,2, , , , , , ,4, , , , , , , , , , , , , , , , , , , , , , , , , , , , , , , , , ,4, , , , , , , , , , , 
2024-10-20 07:00:26.154 UTC, , , , , , , , , ,125,3221373,72720,2800, ,12, ,4, , , , , , , , , ,12,12, , , ,6,7,14, ,2, , , , , , , , , , , , , , ,69156,8, ,68873, , , , ,69207,66867580928,17,17,17,17, , , , , , , , , , , , , , , , , , , , , , , , , , , , , , , , ,69207,1729363674327,,, , , , , , , , , ,3145728,69156, , , , , , , , , , , , ,3, , , ,1, , , , , , , , , , , , , , , , , , , ,1,14,66989520,2, , , , , , ,4, , , , , , , , , , , , , , , , , , , , , , , , , , , , , , , , , ,4, , , , , , , , , , , 
2024-10-20 07:01:26.180 UTC, , , , , , , , , ,125,3221373,72720,2800, ,12, ,4, , , , , , , , , ,12,12, , , ,6,7,14, ,2, , , , , , , , , , , , , , ,69156,8, ,68873, , , , ,69207,66867503104,17,17,17,17, , , , , , , , , , , , , , , , , , , , , , , , , , , , , , , , ,69207,1729363674327,,, , , , , , , , , ,3145728,69156, , , , , , , , , , , , ,3, , , ,1, , , , , , , , , , , , , , , , , , , , , ,119418320,2, , , , , , ,4, , , , , , , , , , , , , , , , , , , , , , , , , , , , , , , , , ,4, , , , , , , , , , , 
2024-10-20 07:02:26.204 UTC, , , , , , , , , ,125,3221373,72720,2800, ,12, ,4, , , , , , , , , ,12,12, , , ,6,7,14, ,2, , , , , , , , , , , , , , ,69156,8, ,68873, , , , ,69207,66864975872,17,17,17,17, , , , , , , , , , , , , , , , , , , , , , , , , , , , , , , , ,69207,1729363674327,,, , , , , , , , , ,3145728,69156, , , , , , , , , , , , ,3, , , ,1, , , , , , , , , , , , , , , , , , , ,1,14,68083880,2, , , , , , ,4, , , , , , , , , , , , , , , , , , , , , , , , , , , , , , , , , ,4, , , , , , , , , , , 
2024-10-20 07:03:26.237 UTC, , , , , , , , , ,125,3221373,72720,2800, ,12, ,4, , , , , , , , , ,12,12, , , ,6,7,14, ,2, , , , , , , , , , , , , , ,69156,8, ,68873, , , , ,69207,66855022592,17,17,17,17, , , , , , , , , , , , , , , , , , , , , , , , , , , , , , , , ,69207,1729363674327,,, , , , , , , , , ,3145728,69156, , , , , , , , , , , , ,3, , , ,1, , , , , , , , , , , , , , , , , , , , , ,120512680,2, , , , , , ,4, , , , , , , , , , , , , , , , , , , , , , , , , , , , , , , , , ,4, , , , , , , , , , , 
2024-10-20 07:04:09.629 UTC, , , , , , , , , ,125,3218573,72720, , ,12, ,2, , , , , , , , , ,12,12, , , ,6,7,14, ,1, , , , , , , , , , , , , , ,69156,8, ,68873, , , , ,69207,66856574976,17,17,17,17, , , , , , , , , , , , , , , , , , , , , , , , , , , , , , , , ,69207,1729363674327,,, , , , , , , , , ,3145728,69156, , , , , , , , , , , , ,3, , , ,1, , , , , , , , , , , , , , , , , , , ,1,21,58613424,2, , , , , , ,2, , , , , , , , , , , , , , , , , , , , , , , , , , , , , , , , , ,2, , , , , , , , , , , 
2024-10-20 07:04:42.876 UTC, , , , , , , , , ,125,3182573,36336,384, ,5,1,47,5,0.11,1, , , , , , ,5,5, ,2,1,4,2,6, ,56,37, , , , , , , , , , , , , ,69156,8, ,68873, , , , ,69207,66983936000,17,17,17,17, , , , , ,1,1046, , , , , , , , , , , , , , , , , , , , , , , , , ,69207,1729407882198,,, , , , , , , , , ,3145728,69156, , , , , , ,44, , ,2, , ,3, , ,44, ,4096,1, , , , , ,21035942,55, , , , , , ,2,17, , ,8,286,56211136,2, , , , , , ,39, , , , , ,1, , , , , , , , , , , , , , , , , , , , , , , , , , ,3, , , , , , , , , , , , 
2024-10-20 07:05:42.910 UTC, , , , , , , , , ,125,3216893,68240,2800, ,11,1,115,6,0.05, , , , , , , ,11,11, , ,1,6,6,14, ,60,39, , , , , , , , , , , , , ,69156,8, ,68873, , , , ,69207,65762226176,17,17,17,17, , , , , , , , , , , , , , , , , , , , , , , , , , , , , , , , ,69207,1729407882198,,, , , , , , , , , ,3145728,69156, , , , , , ,58, , ,1, , ,3, , ,58,1, , , , , , , ,56008,59, , , , , , ,2,55, , ,2,428,105131800,3, , , , , , ,206, , , , , , , , , , , , , , , , , , , , , , , , , , , , , , , , ,94,43,15, , , , , , , , , , 
2024-10-20 07:06:42.931 UTC, , , , , , , , , ,125,3216893,68240,2800, ,11, ,4, , , , , , , , , ,11,11, , , ,6,6,14, ,2, , , , , , , , , , , , , , ,69156,8, ,68873, , , , ,69207,66832773120,17,17,17,17, , , , , , , , , , , , , , , , , , , , , , , , , , , , , , , , ,69207,1729407882198,,, , , , , , , , , ,3145728,69156, , , , , , , , , , , , ,3, , , ,1, , , , , , , , , , , , , , , , , , , ,1,30,75682632,2, , , , , , ,4, , , , , , , , , , , , , , , , , , , , , , , , , , , , , , , , , ,4, , , , , , , , , , , 
2024-10-20 07:07:42.947 UTC, , , , , , , , , ,125,3216893,68240,2800, ,11, ,2, , , , , , , , , ,11,11, , , ,6,6,14, ,1, , , , , , , , , , , , , , ,69156,8, ,68873, , , , ,69207,66837565440,17,17,17,17, , , , , , , , , , , , , , , , , , , , , , , , , , , , , , , , ,69207,1729407882198,,, , , , , , , , , ,3145728,69156, , , , , , , , , , , , ,3, , , ,1, , , , , , , , , , , , , , , , , , , , , ,128111432,2, , , , , , ,2, , , , , , , , , , , , , , , , , , , , , , , , , , , , , , , , , ,2, , , , , , , , , , , 
2024-10-20 07:08:42.982 UTC, , , , , , , , , ,125,3216893,68240,2800, ,11, ,4, , , , , , , , , ,11,11, , , ,6,6,14, ,2, , , , , , , , , , , , , , ,69156,8, ,68873, , , , ,69207,66833313792,17,17,17,17, , , , , , , , , , , , , , , , , , , , , , , , , , , , , , , , ,69207,1729407882198,,, , , , , , , , , ,3145728,69156, , , , , , , , , , , , ,3, , , ,1, , , , , , , , , , , , , , , , , , , ,1,19,95034328,2, , , , , , ,4, , , , , , , , , , , , , , , , , , , , , , , , , , , , , , , , , ,4, , , , , , , , , , , 
2024-10-20 07:09:43.001 UTC, , , , , , , , , ,125,3216893,68240,2800, ,11, ,4, , , , , , , , , ,11,11, , , ,6,6,14, ,2, , , , , , , , , , , , , , ,69156,8, ,68873, , , , ,69207,66831564800,17,17,17,17, , , , , , , , , , , , , , , , , , , , , , , , , , , , , , , , ,69207,1729407882198,,, , , , , , , , , ,3145728,69156, , , , , , , , , , , , ,3, , , ,1, , , , , , , , , , , , , , , , , , , ,1,28,55416648,2, , , , , , ,4, , , , , , , , , , , , , , , , , , , , , , , , , , , , , , , , , ,4, , , , , , , , , , , 
2024-10-20 07:10:43.024 UTC, , , , , , , , , ,125,3216893,68240,2800, ,11, ,4, , , , , , , , , ,11,11, , , ,6,6,14, ,2, , , , , , , , , , , , , , ,69156,8, ,68873, , , , ,69207,66836414464,17,17,17,17, , , , , , , , , , , , , , , , , , , , , , , , , , , , , , , , ,69207,1729407882198,,, , , , , , , , , ,3145728,69156, , , , , , , , , , , , ,3, , , ,1, , , , , , , , , , , , , , , , , , , , , ,108894024,2, , , , , , ,4, , , , , , , , , , , , , , , , , , , , , , , , , , , , , , , , , ,4, , , , , , , , , , , 
2024-10-20 07:11:43.041 UTC, , , , , , , , , ,125,3216893,68240,2800, ,11, ,4, , , , , , , , , ,11,11, , , ,6,6,14, ,2, , , , , , , , , , , , , , ,69156,8, ,68873, , , , ,69207,66837684224,17,17,17,17, , , , , , , , , , , , , , , , , , , , , , , , , , , , , , , , ,69207,1729407882198,,, , , , , , , , , ,3145728,69156, , , , , , , , , , , , ,3, , , ,1, , , , , , , , , , , , , , , , , , , ,1,14,71258568,2, , , , , , ,4, , , , , , , , , , , , , , , , , , , , , , , , , , , , , , , , , ,4, , , , , , , , , , , 
2024-10-20 07:12:43.052 UTC, , , , , , , , , ,125,3216893,68240,2800, ,11, ,4, , , , , , , , , ,11,11, , , ,6,6,14, ,2, , , , , , , , , , , , , , ,69156,8, ,68873, , , , ,69207,66836721664,17,17,17,17, , , , , , , , , , , , , , , , , , , , , , , , , , , , , , , , ,69207,1729407882198,,, , , , , , , , , ,3145728,69156, , , , , , , , , , , , ,3, , , ,1, , , , , , , , , , , , , , , , , , , , , ,123687368,2, , , , , , ,4, , , , , , , , , , , , , , , , , , , , , , , , , , , , , , , , , ,4, , , , , , , , , , , 
2024-10-20 07:13:42.825 UTC, , , , , , , , , ,125,3214093,68240, , ,11, ,4, , , , , , , , , ,11,11, , , ,6,6,14, ,2, , , , , , , , , , , , , , ,69156,8, ,68873, , , , ,69207,66837721088,17,17,17,17, , , , , , , , , , , , , , , , , , , , , , , , , , , , , , , , ,69207,1729407882198,,, , , , , , , , , ,3145728,69156, , , , , , , , , , , , ,3, , , ,1, , , , , , , , , , , , , , , , , , , ,1,21,87989184,2, , , , , , ,4, , , , , , , , , , , , , , , , , , , , , , , , , , , , , , , , , ,4, , , , , , , , , , , 
2024-10-20 08:44:26.412 UTC, , , , , , , , , ,125,3185621,39544,224, ,6,1,50,6,0.12,1, , , , , , ,6,6, ,2,1,5,2,8, ,60,41, , , , , , , , , , , , , ,69156,8, ,68873, , , , ,69207,68004028416,17,17,17,17, , , , , ,1,1046, , , , , , , , , , , , , , , , , , , , , , , , , ,69207,1729413865608,,, , , , , , , , , ,3145728,69156, , , , , , ,56, , ,3, , ,3, , ,56,1,4096,1, , , , , ,21044294,68, , , , , , ,2,7, , ,9,164,47510520,2, , , , , , ,52, , , , , ,1, , , , , , , , , , , , , , , , , , , , , , , , , , ,16, , , , , , , , , , , , 
2024-10-20 08:45:26.431 UTC, , , , , , , , , ,125,3216893,68240,2800, ,11,1,112,5,0.04, , , , , , , ,11,11, , ,1,6,6,14, ,56,35, , , , , , , , , , , , , ,69156,8, ,68873, , , , ,69207,67784413184,17,17,17,17, , , , , , , , , , , , , , , , , , , , , , , , , , , , , , , , ,69207,1729413865608,,, , , , , , , , , ,3145728,69156, , , , , , ,46, , , , , ,3, , ,46,1, , , , , , , ,47656,46, , , , , , ,2,21, , ,2,54,106044120,2, , , , , , ,193, , , , , , , , , , , , , , , , , , , , , , , , , , , , , , , , ,81,43,15, , , , , , , , , , 
2024-10-20 08:46:26.443 UTC, , , , , , , , , ,125,3216893,68240,2800, ,11, ,4, , , , , , , , , ,11,11, , , ,6,6,14, ,2, , , , , , , , , , , , , , ,69156,8, ,68873, , , , ,69207,67790991360,17,17,17,17, , , , , , , , , , , , , , , , , , , , , , , , , , , , , , , , ,69207,1729413865608,,, , , , , , , , , ,3145728,69156, , , , , , , , , , , , ,3, , , ,1, , , , , , , , , , , , , , , , , , , ,1,32,76815136,2, , , , , , ,4, , , , , , , , , , , , , , , , , , , , , , , , , , , , , , , , , ,4, , , , , , , , , , , 
2024-10-20 08:47:26.448 UTC, , , , , , , , , ,125,3216893,68240,2800, ,11, ,4, , , , , , , , , ,11,11, , , ,6,6,14, ,2, , , , , , , , , , , , , , ,69156,8, ,68873, , , , ,69207,67814858752,17,17,17,17, , , , , , , , , , , , , , , , , , , , , , , , , , , , , , , , ,69207,1729413865608,,, , , , , , , , , ,3145728,69156, , , , , , , , , , , , ,3, , , ,1, , , , , , , , , , , , , , , , , , , , , ,128195360,2, , , , , , ,4, , , , , , , , , , , , , , , , , , , , , , , , , , , , , , , , , ,4, , , , , , , , , , , 
2024-10-20 09:06:42.079 UTC, , , , , , , , , ,125,3216893,68240,2800, ,11, ,2, , , , , , , , , ,11,11, , , ,6,6,14, ,1, , , , , , , , , , , , , , ,69156,8, ,68873, , , , ,69207,66752360448,17,17,17,17, , , , , , , , , , , , , , , , , , , , , , , , , , , , , , , , ,69207,1729413865608,,, , , , , , , , , ,3145728,69156, , , , , , , , , , , , ,3, , , ,1, , , , , , , , , , , , , , , , , , , ,1,31,94406920,2, , , , , , ,2, , , , , , , , , , , , , , , , , , , , , , , , , , , , , , , , , ,2, , , , , , , , , , , 
2024-10-20 10:04:59.240 UTC, , , , , , , , , ,125,3216893,68240,2800, ,11, ,4, , , , , , , , , ,11,11, , , ,6,6,14, ,2, , , , , , , , , , , , , , ,69156,8, ,68873, , , , ,69207,66733502464,17,17,17,17, , , , , , , , , , , , , , , , , , , , , , , , , , , , , , , , ,69207,1729413865608,,, , , , , , , , , ,3145728,69156, , , , , , , , , , , , ,3, , , ,1, , , , , , , , , , , , , , , , , , , ,1,20,54672520,2, , , , , , ,4, , , , , , , , , , , , , , , , , , , , , , , , , , , , , , , , , ,4, , , , , , , , , , , 
2024-10-20 10:28:04.265 UTC, , , , , , , , , ,125,3216893,68240,2800, ,11, ,4, , , , , , , , , ,11,11, , , ,6,6,14, ,2, , , , , , , , , , , , , , ,69156,8, ,68873, , , , ,69207,66672156672,17,17,17,17, , , , , , , , , , , , , , , , , , , , , , , , , , , , , , , , ,69207,1729413865608,,, , , , , , , , , ,3145728,69156, , , , , , , , , , , , ,3, , , ,1, , , , , , , , , , , , , , , , , , , , , ,108149896,3, , , , , , ,4, , , , , , , , , , , , , , , , , , , , , , , , , , , , , , , , , ,4, , , , , , , , , , , 
2024-10-20 11:16:12.415 UTC, , , , , , , , , ,125,3216893,68240,2800, ,11, ,4, , , , , , , , , ,11,11, , , ,6,6,14, ,2, , , , , , , , , , , , , , ,69156,8, ,68873, , , , ,69207,66671177728,17,17,17,17, , , , , , , , , , , , , , , , , , , , , , , , , , , , , , , , ,69207,1729413865608,,, , , , , , , , , ,3145728,69156, , , , , , , , , , , , ,3, , , ,1, , , , , , , , , , , , , , , , , , , ,1,23,66280464,3, , , , , , ,4, , , , , , , , , , , , , , , , , , , , , , , , , , , , , , , , , ,4, , , , , , , , , , , 
2024-10-20 12:42:04.066 UTC, , , , , , , , , ,125,3216893,68240,2800, ,11, ,4, , , , , , , , , ,11,11, , , ,6,6,14, ,2, , , , , , , , , , , , , , ,69156,8, ,68873, , , , ,69207,66706419712,17,17,17,17, , , , , , , , , , , , , , , , , , , , , , , , , , , , , , , , ,69207,1729413865608,,, , , , , , , , , ,3145728,69156, , , , , , , , , , , , ,3, , , ,1, , , , , , , , , , , , , , , , , , , , , ,118709264,2, , , , , , ,4, , , , , , , , , , , , , , , , , , , , , , , , , , , , , , , , , ,4, , , , , , , , , , , 
2024-10-20 13:54:18.758 UTC, , , , , , , , , ,125,3216893,68240,2800, ,11, ,4, , , , , , , , , ,11,11, , , ,6,6,14, ,2, , , , , , , , , , , , , , ,69156,8, ,68873, , , , ,69207,66706280448,17,17,17,17, , , , , , , , , , , , , , , , , , , , , , , , , , , , , , , , ,69207,1729413865608,,, , , , , , , , , ,3145728,69156, , , , , , , , , , , , ,3, , , ,1, , , , , , , , , , , , , , , , , , , ,1,32,76832960,3, , , , , , ,4, , , , , , , , , , , , , , , , , , , , , , , , , , , , , , , , , ,4, , , , , , , , , , , 
2024-10-20 14:55:10.772 UTC, , , , , , , , , ,125,3216893,68240,2800, ,11, ,4, , , , , , , , , ,11,11, , , ,6,6,14, ,2, , , , , , , , , , , , , , ,69156,8, ,68873, , , , ,69207,66696241152,17,17,17,17, , , , , , , , , , , , , , , , , , , , , , , , , , , , , , , , ,69207,1729413865608,,, , , , , , , , , ,3145728,69156, , , , , , , , , , , , ,3, , , ,1, , , , , , , , , , , , , , , , , , , , , ,129261760,3, , , , , , ,4, , , , , , , , , , , , , , , , , , , , , , , , , , , , , , , , , ,4, , , , , , , , , , , 
2024-10-20 15:23:22.427 UTC, , , , , , , , , ,125,3216893,68240,2800, ,11, ,4, , , , , , , , , ,11,11, , , ,6,6,14, ,2, , , , , , , , , , , , , , ,69156,8, ,68873, , , , ,69207,66692710400,17,17,17,17, , , , , , , , , , , , , , , , , , , , , , , , , , , , , , , , ,69207,1729413865608,,, , , , , , , , , ,3145728,69156, , , , , , , , , , , , ,3, , , ,1, , , , , , , , , , , , , , , , , , , ,1,30,88367296,3, , , , , , ,4, , , , , , , , , , , , , , , , , , , , , , , , , , , , , , , , , ,4, , , , , , , , , , , 
2024-10-20 15:49:06.734 UTC, , , , , , , , , ,125,3214093,68240, , ,11, ,2, , , , , , , , , ,11,11, , , ,6,6,14, ,1, , , , , , , , , , , , , , ,69156,8, ,68873, , , , ,69207,66701443072,17,17,17,17, , , , , , , , , , , , , , , , , , , , , , , , , , , , , , , , ,69207,1729413865608,,, , , , , , , , , ,3145728,69156, , , , , , , , , , , , ,3, , , ,1, , , , , , , , , , , , , , , , , , , , , ,125067456,3, , , , , , ,2, , , , , , , , , , , , , , , , , , , , , , , , , , , , , , , , , ,2, , , , , , , , , , , 
2024-10-25 04:58:46.543 UTC, , , , , , , , , ,125,3185701,39544,304, ,6,1,49,6,0.12,1, , , , , , ,6,6, ,2,1,5,2,8, ,57,38, , , , , , , , , , , , , ,69156,8, ,68873, , , , ,69207,84850085888,17,17,17,17, , , , , ,1,1046, , , , , , , , , , , , , , , , , , , , , , , , , ,69207,1729832325911,,, , , , , , , , , ,3145728,69156, , , , , , ,52, , ,3, , ,3, , ,52,1,4096,1, , , , , ,21044174,64, , , , , , ,2,8, , ,9,167,111493408, , , , , , , ,46, , , , , ,1, , , , , , , , , , , , , , , , , , , , , , , , , , ,10, , , , , , , , , , , , 
2024-10-25 04:59:46.557 UTC, , , , , , , , , ,125,3216893,68240,2800, ,11,1,113,5,0.04, , , , , , , ,11,11, , ,1,6,6,14, ,59,38, , , , , , , , , , , , , ,69156,8, ,68873, , , , ,69207,83469381632,17,17,17,17, , , , , , , , , , , , , , , , , , , , , , , , , , , , , , , , ,69207,1729832325911,,, , , , , , , , , ,3145728,69156, , , , , , ,50, , , , , ,3, , ,50,1, , , , , , , ,47776,50, , , , , , ,2,17, , ,4,88,62989824,3, , , , , , ,199, , , , , , , , , , , , , , , , , , , , , , , , , , , , , , , , ,87,43,15, , , , , , , , , , 
2024-10-25 05:00:46.563 UTC, , , , , , , , , ,125,3221373,72720,2800, ,12,1,27,1,0.04, , , , , , , ,12,12, , ,1,6,7,14, ,14,3, , , , , , , , , , , , , ,69156,8, ,68873, , , , ,69207,84921044992,17,17,17,17, , , , , , , , , , , , , , , , , , , , , , , , , , , , , , , , ,69207,1729832325911,,, , , , , , , , , ,3145728,69156, , , , , , ,6, , , , , ,3, , ,6,1, , , , , , , ,13180,6, , , , , , , , , , , , ,121710080,3, , , , , , ,26, , , , , , , , , , , , , , , , , , , , , , , , , , , , , , , , , ,26,1, , , , , , , , , , 
2024-10-25 05:01:46.591 UTC, , , , , , , , , ,589,3221837,72720,2800, ,12, ,16, , , , , , , , , ,12,12, , , ,6,7,14, ,7, , , , , , , , , , , , , , ,69156,8, ,68873, , , , ,69657,83787698176,17,17,17,17, , , , , , , , , , , , , , , , , , , , , , , , , , , , , , , , ,69657,1729832325911,,, , , , , , , , , ,3145728,69628,5,5,5,5, , , , , ,2,1, ,3,1, , ,1, , , , , , , ,8192,2,450,1, , , , , , , , ,1,17,114061568,2, , , , , , ,16, , , , , , , , , , , , , , , , , , , , , , , , , , , , , , , , , ,15, ,1, , , , , , , , , 
2024-10-25 05:02:46.607 UTC, , , , , , , , , ,589,3221837,72720,2800, ,12, ,2, , , , , , , , , ,12,12, , , ,6,7,14, ,1, , , , , , , , , , , , , , ,69156,8, ,68873, , , , ,69657,83086114816,17,17,17,17, , , , , , , , , , , , , , , , , , , , , , , , , , , , , , , , ,69657,1729832325911,,, , , , , , , , , ,3145728,69628, , , , , , , , , , , , ,3, , , ,1, , , , , , , , , , , , , , , , , , , ,1,21,100692840,2, , , , , , ,2, , , , , , , , , , , , , , , , , , , , , , , , , , , , , , , , , ,2, , , , , , , , , , , 
2024-10-25 05:03:46.697 UTC, , , , , , , , , ,589,3221837,72720,2800, ,12, ,4, , , , , , , , , ,12,12, , , ,6,7,14, ,2, , , , , , , , , , , , , , ,69156,8, ,68873, , , , ,69657,83058868224,17,17,17,17, , , , , , , , , , , , , , , , , , , , , , , , , , , , , , , , ,69657,1729832325911,,, , , , , , , , , ,3145728,69628, , , , , , , , , , , , ,3, , , ,1, , , , , , , , , , , , , , , , , , , ,1,26,83878984,2, , , , , , ,4, , , , , , , , , , , , , , , , , , , , , , , , , , , , , , , , , ,4, , , , , , , , , , , 
2024-10-25 05:04:46.718 UTC, , , , , , , , , ,589,3221837,72720,2800, ,12, ,4, , , , , , , , , ,12,12, , , ,6,7,14, ,2, , , , , , , , , , , , , , ,69156,8, ,68873, , , , ,69657,82141511680,17,17,17,17, , , , , , , , , , , , , , , , , , , , , , , , , , , , , , , , ,69657,1729832325911,,, , , , , , , , , ,3145728,69628, , , , , , , , , , , , ,3, , , ,1, , , , , , , , , , , , , , , , , , , ,1,23,61126656,2, , , , , , ,4, , , , , , , , , , , , , , , , , , , , , , , , , , , , , , , , , ,4, , , , , , , , , , , 
2024-10-25 05:05:46.732 UTC, , , , , , , , , ,589,3221837,72720,2800, ,12, ,27, , , , , , , , , ,12,12, , , ,6,7,14, ,14, , , , , , , , , , , , , , ,69156,8, ,68873, , , , ,69657,82165661696,17,17,17,17, , , , , , , , , , , , , , , , , , , , , , , , , , , , , , , , ,69657,1729832325911,,, , , , , , , , , ,3145728,69628, , , , , , , , , , , , ,3, , , ,1, , , , , , , , , , , , , , , , , , , , , ,119846912,3, , , , , , ,26, , , , , , , , , , , , , , , , , , , , , , , , , , , , , , , , , ,26,1, , , , , , , , , , 
2024-10-25 05:06:46.749 UTC, , , , , , , , , ,589,3221837,72720,2800, ,12, ,4, , , , , , , , , ,12,12, , , ,6,7,14, ,2, , , , , , , , , , , , , , ,69156,8, ,68873, , , , ,69657,82162335744,17,17,17,17, , , , , , , , , , , , , , , , , , , , , , , , , , , , , , , , ,69657,1729832325911,,, , , , , , , , , ,3145728,69628, , , , , , , , , , , , ,3, , , ,1, , , , , , , , , , , , , , , , , , , ,1,10,97938608,2, , , , , , ,4, , , , , , , , , , , , , , , , , , , , , , , , , , , , , , , , , ,4, , , , , , , , , , , 
2024-10-25 05:07:46.785 UTC, , , , , , , , , ,589,3221837,72720,2800, ,12, ,4, , , , , , , , , ,12,12, , , ,6,7,14, ,2, , , , , , , , , , , , , , ,69156,8, ,68873, , , , ,69657,82145767424,17,17,17,17, , , , , , , , , , , , , , , , , , , , , , , , , , , , , , , , ,69657,1729832325911,,, , , , , , , , , ,3145728,69628, , , , , , , , , , , , ,3, , , ,1, , , , , , , , , , , , , , , , , , , ,1,20,75700384,2, , , , , , ,4, , , , , , , , , , , , , , , , , , , , , , , , , , , , , , , , , ,4, , , , , , , , , , , 
2024-10-25 05:08:46.801 UTC, , , , , , , , , ,589,3221837,72720,2800, ,12, ,4, , , , , , , , , ,12,12, , , ,6,7,14, ,2, , , , , , , , , , , , , , ,69156,8, ,68873, , , , ,69657,82150780928,17,17,17,17, , , , , , , , , , , , , , , , , , , , , , , , , , , , , , , , ,69657,1729832325911,,, , , , , , , , , ,3145728,69628, , , , , , , , , , , , ,3, , , ,1, , , , , , , , , , , , , , , , , , , , , ,133372064,2, , , , , , ,4, , , , , , , , , , , , , , , , , , , , , , , , , , , , , , , , , ,4, , , , , , , , , , , 
2024-10-25 05:09:46.823 UTC, , , , , , , , , ,589,3221837,72720,2800, ,12, ,10, , , , , , , , , ,12,12, , , ,6,7,14, ,5, , , , , , , , , , , , , , ,69156,8, ,68873, , , , ,69657,82133262336,17,17,17,17, , , , , , , , , , , , , , , , , , , , , , , , , , , , , , , , ,69657,1729832325911,,, , , , , , , , , ,3145728,69628, , , , , , , , , , , , ,3, , , ,1, , , , , , , , , , , , , , , , , , , ,1,43,111451256,2, , , , , , ,10, , , , , , , , , , , , , , , , , , , , , , , , , , , , , , , , , ,10, , , , , , , , , , , 
2024-10-25 05:10:46.844 UTC, , , , , , , , , ,589,3221837,72720,2800, ,12, ,81, , , , , , , , , ,12,12, , , ,6,7,14, ,40, , , , , , , , , , , , , , ,69156,8, ,68873, , , , ,70037,82113757184,17,17,17,17, , , , , , , , , , , , , , , , , , , , , , , , , , , , , , , , ,70037,1729832325911,,, , , , , , , , , ,3145728,70008,1,1,1,1, , , , , , ,1, ,3,1, , ,1, , , , , , , , , ,380,1, , , , , , , , ,1,19,91752224,2, , , , , , ,80, , , , , , , , , , , , , , , , , , , , , , , , , , , , , , , , , ,79,1,1, , , , , , , , , 
2024-10-25 05:11:46.858 UTC, , , , , , , , , ,589,3221837,72720,2800, ,12, ,54, , , , , , , , , ,12,12, , , ,6,7,14, ,27, , , , , , , , , , , , , , ,69156,8, ,68873, , , , ,70037,82090598400,17,17,17,17, , , , , , , , , , , , , , , , , , , , , , , , , , , , , , , , ,70037,1729832325911,,, , , , , , , , , ,3145728,70008, , , , , , , , , , , , ,3, , , ,1, , , , , , , , , , , , , , , , , , , ,1,23,76113840,3, , , , , , ,54, , , , , , , , , , , , , , , , , , , , , , , , , , , , , , , , , ,54, , , , , , , , , , , 
2024-10-25 05:12:46.871 UTC, , , , , , , , , ,589,3221837,72720,2800, ,12, ,34, , , , , , , , , ,12,12, , , ,6,7,14, ,17, , , , , , , , , , , , , , ,69156,8, ,68873, , , , ,70037,82088284160,17,17,17,17, , , , , , , , , , , , , , , , , , , , , , , , , , , , , , , , ,70037,1729832325911,,, , , , , , , , , ,3145728,70008, , , , , , , , , , , , ,3, , , ,1, , , , , , , , , , , , , , , , , , , ,1,50,56953000,3, , , , , , ,34, , , , , , , , , , , , , , , , , , , , , , , , , , , , , , , , , ,34, , , , , , , , , , , 
2024-10-25 05:13:46.893 UTC, , , , , , , , , ,589,3221837,72720,2800, ,12, ,4, , , , , , , , , ,12,12, , , ,6,7,14, ,2, , , , , , , , , , , , , , ,69156,8, ,68873, , , , ,70037,82046730240,17,17,17,17, , , , , , , , , , , , , , , , , , , , , , , , , , , , , , , , ,70037,1729832325911,,, , , , , , , , , ,3145728,70008, , , , , , , , , , , , ,3, , , ,1, , , , , , , , , , , , , , , , , , , , , ,115673256,3, , , , , , ,4, , , , , , , , , , , , , , , , , , , , , , , , , , , , , , , , , ,4, , , , , , , , , , , 
2024-10-25 05:14:46.906 UTC, , , , , , , , , ,589,3221837,72720,2800, ,12, ,21, , , , , , , , , ,12,12, , , ,6,7,14, ,11, , , , , , , , , , , , , , ,69156,8, ,68873, , , , ,70037,82006966272,17,17,17,17, , , , , , , , , , , , , , , , , , , , , , , , , , , , , , , , ,70037,1729832325911,,, , , , , , , , , ,3145728,70008, , , , , , , , , , , , ,3, , , ,1, , , , , , , , , , , , , , , , , , , ,1,26,93600888,2, , , , , , ,20, , , , , , , , , , , , , , , , , , , , , , , , , , , , , , , , , ,20,1, , , , , , , , , , 
2024-10-25 05:15:46.969 UTC, , , , , , , , , ,589,3221837,72720,2800, ,12, ,4, , , , , , , , , ,12,12, , , ,6,7,14, ,2, , , , , , , , , , , , , , ,69156,8, ,68873, , , , ,70037,81954684928,17,17,17,17, , , , , , , , , , , , , , , , , , , , , , , , , , , , , , , , ,70037,1729832325911,,, , , , , , , , , ,3145728,70008, , , , , , , , , , , , ,3, , , ,1, , , , , , , , , , , , , , , , , , , ,1,27,71937480,3, , , , , , ,4, , , , , , , , , , , , , , , , , , , , , , , , , , , , , , , , , ,4, , , , , , , , , , , 
2024-10-25 05:16:46.994 UTC, , , , , , , , , ,589,3221837,72720,2800, ,12, ,4, , , , , , , , , ,12,12, , , ,6,7,14, ,2, , , , , , , , , , , , , , ,69156,8, ,68873, , , , ,70037,81923399680,17,17,17,17, , , , , , , , , , , , , , , , , , , , , , , , , , , , , , , , ,70037,1729832325911,,, , , , , , , , , ,3145728,70008, , , , , , , , , , , , ,3, , , ,1, , , , , , , , , , , , , , , , , , , , , ,129609160,2, , , , , , ,4, , , , , , , , , , , , , , , , , , , , , , , , , , , , , , , , , ,4, , , , , , , , , , , 
2024-10-25 05:17:47.014 UTC, , , , , , , , , ,589,3221837,72720,2800, ,12, ,4, , , , , , , , , ,12,12, , , ,6,7,14, ,2, , , , , , , , , , , , , , ,69156,8, ,68873, , , , ,70037,81899663360,17,17,17,17, , , , , , , , , , , , , , , , , , , , , , , , , , , , , , , , ,70037,1729832325911,,, , , , , , , , , ,3145728,70008, , , , , , , , , , , , ,3, , , ,1, , , , , , , , , , , , , , , , , , , ,1,20,109370032,3, , , , , , ,4, , , , , , , , , , , , , , , , , , , , , , , , , , , , , , , , , ,4, , , , , , , , , , , 
2024-10-25 05:18:47.031 UTC, , , , , , , , , ,589,3221837,72720,2800, ,12, ,4, , , , , , , , , ,12,12, , , ,6,7,14, ,2, , , , , , , , , , , , , , ,69156,8, ,68873, , , , ,70037,81845358592,17,17,17,17, , , , , , , , , , , , , , , , , , , , , , , , , , , , , , , , ,70037,1729832325911,,, , , , , , , , , ,3145728,70008, , , , , , , , , , , , ,3, , , ,1, , , , , , , , , , , , , , , , , , , ,1,32,86368488,4, , , , , , ,4, , , , , , , , , , , , , , , , , , , , , , , , , , , , , , , , , ,4, , , , , , , , , , , 
2024-10-25 05:19:47.040 UTC, , , , , , , , , ,589,3221837,72720,2800, ,12, ,4, , , , , , , , , ,12,12, , , ,6,7,14, ,2, , , , , , , , , , , , , , ,69156,8, ,68873, , , , ,70037,81849077760,17,17,17,17, , , , , , , , , , , , , , , , , , , , , , , , , , , , , , , , ,70037,1729832325911,,, , , , , , , , , ,3145728,70008, , , , , , , , , , , , ,3, , , ,1, , , , , , , , , , , , , , , , , , , ,1,40,65571736,3, , , , , , ,4, , , , , , , , , , , , , , , , , , , , , , , , , , , , , , , , , ,4, , , , , , , , , , , 
2024-10-25 05:20:47.067 UTC, , , , , , , , , ,589,3221837,72720,2800, ,12, ,4, , , , , , , , , ,12,12, , , ,6,7,14, ,2, , , , , , , , , , , , , , ,69156,8, ,68873, , , , ,70037,81833566208,17,17,17,17, , , , , , , , , , , , , , , , , , , , , , , , , , , , , , , , ,70037,1729832325911,,, , , , , , , , , ,3145728,70008, , , , , , , , , , , , ,3, , , ,1, , , , , , , , , , , , , , , , , , , , , ,123243416,2, , , , , , ,4, , , , , , , , , , , , , , , , , , , , , , , , , , , , , , , , , ,4, , , , , , , , , , , 
2024-10-25 05:21:47.089 UTC, , , , , , , , , ,589,3225005,75888,2800, ,13, ,9,1,0.11, , , , , , , ,13,13, , , ,6,8,15, ,4, , , , , , , , , , , , , , ,69156,8, ,68873, , , , ,70037,81781813248,17,17,17,17, , , , , , , , , , , , , , , , , , , , , , , , , , , , , , , , ,70037,1729832325911,,, , , , , , , , , ,3145728,70008, , , , , , ,2, , , , , ,3, , ,2,1, , , , , , , ,8192,2, , , , , , , , , , ,1,17,98995144,2, , , , , , ,8, , , , , , , , , , , , , , , , , , , , , , , , , , , , , , , , , ,8,1, , , , , , , , , , 
2024-10-25 05:22:47.106 UTC, , , , , , , , , ,589,3225005,75888,2800, ,13, ,4, , , , , , , , , ,13,13, , , ,6,8,15, ,2, , , , , , , , , , , , , , ,69156,8, ,68873, , , , ,70037,81719824384,17,17,17,17, , , , , , , , , , , , , , , , , , , , , , , , , , , , , , , , ,70037,1729832325911,,, , , , , , , , , ,3145728,70008, , , , , , , , , , , , ,3, , , ,1, , , , , , , , , , , , , , , , , , , ,1,28,74926584,2, , , , , , ,4, , , , , , , , , , , , , , , , , , , , , , , , , , , , , , , , , ,4, , , , , , , , , , , 
2024-10-25 05:23:47.125 UTC, , , , , , , , , ,589,3225005,75888,2800, ,13, ,4, , , , , , , , , ,13,13, , , ,6,8,15, ,2, , , , , , , , , , , , , , ,69156,8, ,68873, , , , ,70037,81686704128,17,17,17,17, , , , , , , , , , , , , , , , , , , , , , , , , , , , , , , , ,70037,1729832325911,,, , , , , , , , , ,3145728,70008, , , , , , , , , , , , ,3, , , ,1, , , , , , , , , , , , , , , , , , , , , ,133646840,2, , , , , , ,4, , , , , , , , , , , , , , , , , , , , , , , , , , , , , , , , , ,4, , , , , , , , , , , 
2024-10-25 05:24:47.138 UTC, , , , , , , , , ,589,3225005,75888,2800, ,13, ,4, , , , , , , , , ,13,13, , , ,6,8,15, ,2, , , , , , , , , , , , , , ,69156,8, ,68873, , , , ,70037,81717743616,17,17,17,17, , , , , , , , , , , , , , , , , , , , , , , , , , , , , , , , ,70037,1729832325911,,, , , , , , , , , ,3145728,70008, , , , , , , , , , , , ,3, , , ,1, , , , , , , , , , , , , , , , , , , ,1,18,107439728,2, , , , , , ,4, , , , , , , , , , , , , , , , , , , , , , , , , , , , , , , , , ,4, , , , , , , , , , , 
2024-10-25 05:25:47.154 UTC, , , , , , , , , ,589,3225005,75888,2800, ,13, ,4, , , , , , , , , ,13,13, , , ,6,8,15, ,2, , , , , , , , , , , , , , ,69156,8, ,68873, , , , ,70037,81676492800,17,17,17,17, , , , , , , , , , , , , , , , , , , , , , , , , , , , , , , , ,70037,1729832325911,,, , , , , , , , , ,3145728,70008, , , , , , , , , , , , ,3, , , ,1, , , , , , , , , , , , , , , , , , , ,1,20,82248352,2, , , , , , ,4, , , , , , , , , , , , , , , , , , , , , , , , , , , , , , , , , ,4, , , , , , , , , , , 
2024-10-25 05:26:47.162 UTC, , , , , , , , , ,589,3225005,75888,2800, ,13, ,2, , , , , , , , , ,13,13, , , ,6,8,15, ,1, , , , , , , , , , , , , , ,69156,8, ,68873, , , , ,70037,81614589952,17,17,17,17, , , , , , , , , , , , , , , , , , , , , , , , , , , , , , , , ,70037,1729832325911,,, , , , , , , , , ,3145728,70008, , , , , , , , , , , , ,3, , , ,1, , , , , , , , , , , , , , , , , , , ,1,30,55986352,2, , , , , , ,2, , , , , , , , , , , , , , , , , , , , , , , , , , , , , , , , , ,2, , , , , , , , , , , 
2024-10-25 05:27:47.177 UTC, , , , , , , , , ,589,3225005,75888,2800, ,13, ,4, , , , , , , , , ,13,13, , , ,6,8,15, ,2, , , , , , , , , , , , , , ,69156,8, ,68873, , , , ,70037,80468041728,17,17,17,17, , , , , , , , , , , , , , , , , , , , , , , , , , , , , , , , ,70037,1729832325911,,, , , , , , , , , ,3145728,70008, , , , , , , , , , , , ,3, , , ,1, , , , , , , , , , , , , , , , , , , , , ,112609456,2, , , , , , ,4, , , , , , , , , , , , , , , , , , , , , , , , , , , , , , , , , ,4, , , , , , , , , , , 
2024-10-25 05:28:47.198 UTC, , , , , , , , , ,589,3225005,75888,2800, ,13, ,4, , , , , , , , , ,13,13, , , ,6,8,15, ,2, , , , , , , , , , , , , , ,69156,8, ,68873, , , , ,70037,80410898432,17,17,17,17, , , , , , , , , , , , , , , , , , , , , , , , , , , , , , , , ,70037,1729832325911,,, , , , , , , , , ,3145728,70008, , , , , , , , , , , , ,3, , , ,1, , , , , , , , , , , , , , , , , , , ,1,21,88549440,2, , , , , , ,4, , , , , , , , , , , , , , , , , , , , , , , , , , , , , , , , , ,4, , , , , , , , , , , 
2024-10-25 05:29:47.219 UTC, , , , , , , , , ,589,3225005,75888,2800, ,13, ,4, , , , , , , , , ,13,13, , , ,6,8,15, ,2, , , , , , , , , , , , , , ,69156,8, ,68873, , , , ,70037,80269742080,17,17,17,17, , , , , , , , , , , , , , , , , , , , , , , , , , , , , , , , ,70037,1729832325911,,, , , , , , , , , ,3145728,70008, , , , , , , , , , , , ,3, , , ,1, , , , , , , , , , , , , , , , , , , ,1,16,63402728,2, , , , , , ,4, , , , , , , , , , , , , , , , , , , , , , , , , , , , , , , , , ,4, , , , , , , , , , , 
2024-10-25 05:30:47.234 UTC, , , , , , , , , ,589,3225005,75888,2800, ,13, ,4, , , , , , , , , ,13,13, , , ,6,8,15, ,2, , , , , , , , , , , , , , ,69156,8, ,68873, , , , ,70037,80099205120,17,17,17,17, , , , , , , , , , , , , , , , , , , , , , , , , , , , , , , , ,70037,1729832325911,,, , , , , , , , , ,3145728,70008, , , , , , , , , , , , ,3, , , ,1, , , , , , , , , , , , , , , , , , , , , ,121074408,2, , , , , , ,4, , , , , , , , , , , , , , , , , , , , , , , , , , , , , , , , , ,4, , , , , , , , , , , 
2024-10-25 05:31:47.255 UTC, , , , , , , , , ,589,3225005,75888,2800, ,13, ,4, , , , , , , , , ,13,13, , , ,6,8,15, ,2, , , , , , , , , , , , , , ,69156,8, ,68873, , , , ,70037,80082374656,17,17,17,17, , , , , , , , , , , , , , , , , , , , , , , , , , , , , , , , ,70037,1729832325911,,, , , , , , , , , ,3145728,70008, , , , , , , , , , , , ,3, , , ,1, , , , , , , , , , , , , , , , , , , ,1,26,95919984,2, , , , , , ,4, , , , , , , , , , , , , , , , , , , , , , , , , , , , , , , , , ,4, , , , , , , , , , , 
2024-10-25 05:32:47.280 UTC, , , , , , , , , ,589,3225005,75888,2800, ,13, ,4, , , , , , , , , ,13,13, , , ,6,8,15, ,2, , , , , , , , , , , , , , ,69156,8, ,68873, , , , ,70037,80040607744,17,17,17,17, , , , , , , , , , , , , , , , , , , , , , , , , , , , , , , , ,70037,1729832325911,,, , , , , , , , , ,3145728,70008, , , , , , , , , , , , ,3, , , ,1, , , , , , , , , , , , , , , , , , , ,1,10,69652664,2, , , , , , ,4, , , , , , , , , , , , , , , , , , , , , , , , , , , , , , , , , ,4, , , , , , , , , , , 
2024-10-25 05:33:47.296 UTC, , , , , , , , , ,589,3225005,75888,2800, ,13, ,4, , , , , , , , , ,13,13, , , ,6,8,15, ,2, , , , , , , , , , , , , , ,69156,8, ,68873, , , , ,70037,79987609600,17,17,17,17, , , , , , , , , , , , , , , , , , , , , , , , , , , , , , , , ,70037,1729832325911,,, , , , , , , , , ,3145728,70008, , , , , , , , , , , , ,3, , , ,1, , , , , , , , , , , , , , , , , , , , , ,127324344,2, , , , , , ,4, , , , , , , , , , , , , , , , , , , , , , , , , , , , , , , , , ,4, , , , , , , , , , , 
2024-10-25 05:34:47.383 UTC, , , , , , , , , ,589,3225005,75888,2800, ,13, ,4, , , , , , , , , ,13,13, , , ,6,8,15, ,2, , , , , , , , , , , , , , ,69156,8, ,68873, , , , ,70037,80058904576,17,17,17,17, , , , , , , , , , , , , , , , , , , , , , , , , , , , , , , , ,70037,1729832325911,,, , , , , , , , , ,3145728,70008, , , , , , , , , , , , ,3, , , ,1, , , , , , , , , , , , , , , , , , , ,1,18,102206048,2, , , , , , ,4, , , , , , , , , , , , , , , , , , , , , , , , , , , , , , , , , ,4, , , , , , , , , , , 
2024-10-25 05:35:47.397 UTC, , , , , , , , , ,589,3225005,75888,2800, ,13, ,4, , , , , , , , , ,13,13, , , ,6,8,15, ,2, , , , , , , , , , , , , , ,69156,8, ,68873, , , , ,70037,79675269120,17,17,17,17, , , , , , , , , , , , , , , , , , , , , , , , , , , , , , , , ,70037,1729832325911,,, , , , , , , , , ,3145728,70008, , , , , , , , , , , , ,3, , , ,1, , , , , , , , , , , , , , , , , , , ,1,19,77050736,2, , , , , , ,4, , , , , , , , , , , , , , , , , , , , , , , , , , , , , , , , , ,4, , , , , , , , , , , 
2024-10-25 05:36:47.410 UTC, , , , , , , , , ,589,3225005,75888,2800, ,13, ,4, , , , , , , , , ,13,13, , , ,6,8,15, ,2, , , , , , , , , , , , , , ,69156,8, ,68873, , , , ,70037,79668985856,17,17,17,17, , , , , , , , , , , , , , , , , , , , , , , , , , , , , , , , ,70037,1729832325911,,, , , , , , , , , ,3145728,70008, , , , , , , , , , , , ,3, , , ,1, , , , , , , , , , , , , , , , , , , , , ,134722416,2, , , , , , ,4, , , , , , , , , , , , , , , , , , , , , , , , , , , , , , , , , ,4, , , , , , , , , , , 
2024-10-25 05:37:47.434 UTC, , , , , , , , , ,589,3225005,75888,2800, ,13, ,4, , , , , , , , , ,13,13, , , ,6,8,15, ,2, , , , , , , , , , , , , , ,69156,8, ,68873, , , , ,70037,79655198720,17,17,17,17, , , , , , , , , , , , , , , , , , , , , , , , , , , , , , , , ,70037,1729832325911,,, , , , , , , , , ,3145728,70008, , , , , , , , , , , , ,3, , , ,1, , , , , , , , , , , , , , , , , , , ,1,25,108563672,2, , , , , , ,4, , , , , , , , , , , , , , , , , , , , , , , , , , , , , , , , , ,4, , , , , , , , , , , 
2024-10-25 05:38:47.450 UTC, , , , , , , , , ,589,3225005,75888,2800, ,13, ,2, , , , , , , , , ,13,13, , , ,6,8,15, ,1, , , , , , , , , , , , , , ,69156,8, ,68873, , , , ,70037,79638360064,17,17,17,17, , , , , , , , , , , , , , , , , , , , , , , , , , , , , , , , ,70037,1729832325911,,, , , , , , , , , ,3145728,70008, , , , , , , , , , , , ,3, , , ,1, , , , , , , , , , , , , , , , , , , ,1,7,82305144,2, , , , , , ,2, , , , , , , , , , , , , , , , , , , , , , , , , , , , , , , , , ,2, , , , , , , , , , , 
2024-10-25 05:39:47.477 UTC, , , , , , , , , ,589,3225005,75888,2800, ,13, ,4, , , , , , , , , ,13,13, , , ,6,8,15, ,2, , , , , , , , , , , , , , ,69156,8, ,68873, , , , ,70037,79650078720,17,17,17,17, , , , , , , , , , , , , , , , , , , , , , , , , , , , , , , , ,70037,1729832325911,,, , , , , , , , , ,3145728,70008, , , , , , , , , , , , ,3, , , ,1, , , , , , , , , , , , , , , , , , , ,1,11,57109032,2, , , , , , ,4, , , , , , , , , , , , , , , , , , , , , , , , , , , , , , , , , ,4, , , , , , , , , , , 
2024-10-25 05:40:47.490 UTC, , , , , , , , , ,589,3225005,75888,2800, ,13, ,4, , , , , , , , , ,13,13, , , ,6,8,15, ,2, , , , , , , , , , , , , , ,69156,8, ,68873, , , , ,70037,79662694400,17,17,17,17, , , , , , , , , , , , , , , , , , , , , , , , , , , , , , , , ,70037,1729832325911,,, , , , , , , , , ,3145728,70008, , , , , , , , , , , , ,3, , , ,1, , , , , , , , , , , , , , , , , , , , , ,114780712,2, , , , , , ,4, , , , , , , , , , , , , , , , , , , , , , , , , , , , , , , , , ,4, , , , , , , , , , , 
2024-10-25 05:41:47.515 UTC, , , , , , , , , ,589,3225005,75888,2800, ,13, ,4, , , , , , , , , ,13,13, , , ,6,8,15, ,2, , , , , , , , , , , , , , ,69156,8, ,68873, , , , ,70037,79645728768,17,17,17,17, , , , , , , , , , , , , , , , , , , , , , , , , , , , , , , , ,70037,1729832325911,,, , , , , , , , , ,3145728,70008, , , , , , , , , , , , ,3, , , ,1, , , , , , , , , , , , , , , , , , , ,1,11,88629904,2, , , , , , ,4, , , , , , , , , , , , , , , , , , , , , , , , , , , , , , , , , ,4, , , , , , , , , , , 
2024-10-25 05:42:43.899 UTC, , , , , , , , , ,589,3222205,75888, , ,13, ,4, , , , , , , , , ,13,13, , , ,6,8,15, ,2, , , , , , , , , , , , , , ,69156,8, ,68873, , , , ,70037,79632949248,17,17,17,17, , , , , , , , , , , , , , , , , , , , , , , , , , , , , , , , ,70037,1729832325911,,, , , , , , , , , ,3145728,70008, , , , , , , , , , , , ,3, , , ,1, , , , , , , , , , , , , , , , , , , ,1,10,64516264,2, , , , , , ,4, , , , , , , , , , , , , , , , , , , , , , , , , , , , , , , , , ,4, , , , , , , , , , , 
2024-10-25 05:44:23.110 UTC, , , , , , , , , ,125,3182573,36336,384, ,5,2,51,5,0.10, , , , , , , ,5,5, ,2,2,4,3,5, ,59,36, , , , , , , , , , , , , ,70863,9, ,70116, , , , ,70914,79772938240,17,17,17,17, , , , , ,1,1058, , , , , , , , , , , , , , , , , , , , , , , , , ,70914,1729835062178,,, , , , , , , , , ,3145728,70863, , , , , , ,50, , ,3, , ,3, , ,50,1,4096,1, , , , , ,21040076,62, , , , , , ,2,13, , ,9,390,51182616,2, , , , , , ,41, , , , , ,1, , , , , , , , , , , , , , , , , , , , , , , , , , ,2, , , , , , , , , , , , 
2024-10-25 05:45:23.131 UTC, , , , , , , , , ,125,3216821,68168,2800, ,11, ,115,6,0.05, , , , , , , ,11,11, , , ,6,6,14, ,62,41, , , , , , , , , , , , , ,70863,9, ,70116, , , , ,70914,79624880128,17,17,17,17, , , , , , , , , , , , , , , , , , , , , , , , , , , , , , , , ,70914,1729835062178,,, , , , , , , , , ,3145728,70863, , , , , , ,53, , , , , ,3, , ,53,1, , , , , , , ,52127,53, , , , , , ,2,18, , ,2,53,115852920,3, , , , , , ,207, , , , , , , , , , , , , , , , , , , , , , , , , , , , , , , , ,95,43,15, , , , , , , , , , 
2024-10-25 05:45:30.131 UTC, , , , , , , , , ,125,3214021,68168, , ,11, , , , , , , , , , , ,11,11, , , ,6,6,14, , , , , , , , , , , , , , , , ,70863,9, ,70116, , , , ,70914,79624802304,17,17,17,17, , , , , , , , , , , , , , , , , , , , , , , , , , , , , , , , ,70914,1729835062178,,, , , , , , , , , ,3145728,70863, , , , , , , , , , , , ,3, , , ,1, , , , , , , , , , , , , , , , , , , , , ,126338680,3, , , , , , , , , , , , , , , , , , , , , , , , , , , , , , , , , , , , , , , , , , , , , , , , , , , , 
2024-10-25 05:45:50.053 UTC, , , , , , , , , ,125,3185621,39544,224, ,6,2,54,6,0.11, , , , , , , ,6,6, ,2,2,5,2,8, ,65,42, , , , , , , , , , , , , ,70863,9, ,70116, , , , ,70914,79760707584,17,17,17,17, , , , , ,1,1058, , , , , , , , , , , , , , , , , , , , , , , , , ,70914,1729835149229,,, , , , , , , , , ,3145728,70863, , , , , , ,58, , ,3, , ,3, , ,58,1,4096,1, , , , , ,21048501,70, , , , , , ,2,21, , ,11,187,47880200,4, , , , , , ,55, , , , , ,1, , , , , , , , , , , , , , , , , , , , , , , , , , ,16, , , , , , , , , , , , 
2024-10-25 05:46:50.083 UTC, , , , , , , , , ,125,3216821,68168,2800, ,11, ,112,5,0.04, , , , , , , ,11,11, , , ,6,6,14, ,56,35, , , , , , , , , , , , , ,70863,9, ,70116, , , , ,70914,79638192128,17,17,17,17, , , , , , , , , , , , , , , , , , , , , , , , , , , , , , , , ,70914,1729835149229,,, , , , , , , , , ,3145728,70863, , , , , , ,45, , , , , ,3, , ,45,1, , , , , , , ,43702,45, , , , , , ,2,38, , ,1,36,109840328,3, , , , , , ,193, , , , , , , , , , , , , , , , , , , , , , , , , , , , , , , , ,81,43,15, , , , , , , , , , 
2024-10-25 05:47:12.572 UTC, , , , , , , , , ,125,3214021,68168, , ,11, , , , , , , , , , , ,11,11, , , ,6,6,14, , , , , , , , , , , , , , , , ,70863,9, ,70116, , , , ,70914,79772905472,17,17,17,17, , , , , , , , , , , , , , , , , , , , , , , , , , , , , , , , ,70914,1729835149229,,, , , , , , , , , ,3145728,70863, , , , , , , , , , , , ,3, , , ,1, , , , , , , , , , , , , , , , , , , ,1,85,54166840,3, , , , , , , , , , , , , , , , , , , , , , , , , , , , , , , , , , , , , , , , , , , , , , , , , , , , 
2024-10-25 05:52:17.408 UTC, , , , , , , , , ,125,3190557,43920,784, ,7,2,66,7,0.11, , , , , , , ,7,7, ,2,2,5,2,10, ,77,50, , , , , , , , , , , , , ,70863,9, ,70116, , , , ,70914,79591350272,17,17,17,17, , , , , ,1,1058, , , , , , , , , , , , , , , , , , , , , , , , , ,70914,1729835536623,,, , , , , , , , , ,3145728,70863, , , , , , ,68, , ,3, , ,3, , ,68,1,4096,1, , , , , ,21057445,80, , , , , , ,2,21, , ,9,256,58018776,2, , , , , , ,72, , , , , ,1, , , , , , , , , , , , , , , , , , , , , , , , , , ,18, , , , , , , , , , , , 
2024-10-25 05:53:17.429 UTC, , , , , , , , , ,125,3216821,68168,2800, ,11, ,100,4,0.04, , , , , , , ,11,11, , , ,6,6,14, ,44,27, , , , , , , , , , , , , ,70863,9, ,70116, , , , ,70914,79734345728,17,17,17,17, , , , , , , , , , , , , , , , , , , , , , , , , , , , , , , , ,70914,1729835536623,,, , , , , , , , , ,3145728,70863, , , , , , ,35, , , , , ,3, , ,35,1, , , , , , , ,34758,35, , , , , , ,2,15, , ,2,63,110473648,3, , , , , , ,176, , , , , , , , , , , , , , , , , , , , , , , , , , , , , , , , ,79,43,15, , , , , , , , , , 
2024-10-25 05:55:00.346 UTC, , , , , , , , , ,125,3216821,68168,2800, ,11, ,4, , , , , , , , , ,11,11, , , ,6,6,14, ,2, , , , , , , , , , , , , , ,70863,9, ,70116, , , , ,70914,79748837376,17,17,17,17, , , , , , , , , , , , , , , , , , , , , , , , , , , , , , , , ,70914,1729835536623,,, , , , , , , , , ,3145728,70863, , , , , , , , , , , , ,3, , , ,1, , , , , , , , , , , , , , , , , , , ,1,28,94656936,3, , , , , , ,4, , , , , , , , , , , , , , , , , , , , , , , , , , , , , , , , , ,4, , , , , , , , , , , 
2024-10-25 06:11:45.550 UTC, , , , , , , , , ,125,3216821,68168,2800, ,11, ,4, , , , , , , , , ,11,11, , , ,6,6,14, ,2, , , , , , , , , , , , , , ,70863,9, ,70116, , , , ,70914,79808802816,17,17,17,17, , , , , , , , , , , , , , , , , , , , , , , , , , , , , , , , ,70914,1729835536623,,, , , , , , , , , ,3145728,70863, , , , , , , , , , , , ,3, , , ,1, , , , , , , , , , , , , , , , , , , ,1,18,70859456,2, , , , , , ,4, , , , , , , , , , , , , , , , , , , , , , , , , , , , , , , , , ,4, , , , , , , , , , , 
2024-10-25 06:12:45.569 UTC, , , , , , , , , ,125,3216821,68168,2800, ,11, ,2, , , , , , , , , ,11,11, , , ,6,6,14, ,1, , , , , , , , , , , , , , ,70863,9, ,70116, , , , ,70914,79714398208,17,17,17,17, , , , , , , , , , , , , , , , , , , , , , , , , , , , , , , , ,70914,1729835536623,,, , , , , , , , , ,3145728,70863, , , , , , , , , , , , ,3, , , ,1, , , , , , , , , , , , , , , , , , , , , ,127482560,2, , , , , , ,2, , , , , , , , , , , , , , , , , , , , , , , , , , , , , , , , , ,2, , , , , , , , , , , 
2024-10-25 06:13:45.584 UTC, , , , , , , , , ,125,3216821,68168,2800, ,11, ,4, , , , , , , , , ,11,11, , , ,6,6,14, ,2, , , , , , , , , , , , , , ,70863,9, ,70116, , , , ,70914,79624597504,17,17,17,17, , , , , , , , , , , , , , , , , , , , , , , , , , , , , , , , ,70914,1729835536623,,, , , , , , , , , ,3145728,70863, , , , , , , , , , , , ,3, , , ,1, , , , , , , , , , , , , , , , , , , ,1,21,99162728,2, , , , , , ,4, , , , , , , , , , , , , , , , , , , , , , , , , , , , , , , , , ,4, , , , , , , , , , , 
2024-10-25 06:14:45.603 UTC, , , , , , , , , ,125,3216821,68168,2800, ,11, ,4, , , , , , , , , ,11,11, , , ,6,6,14, ,2, , , , , , , , , , , , , , ,70863,9, ,70116, , , , ,70914,79569256448,17,17,17,17, , , , , , , , , , , , , , , , , , , , , , , , , , , , , , , , ,70914,1729835536623,,, , , , , , , , , ,3145728,70863, , , , , , , , , , , , ,3, , , ,1, , , , , , , , , , , , , , , , , , , ,1,15,68649144,2, , , , , , ,4, , , , , , , , , , , , , , , , , , , , , , , , , , , , , , , , , ,4, , , , , , , , , , , 
2024-10-25 06:15:45.625 UTC, , , , , , , , , ,125,3216821,68168,2800, ,11, ,4, , , , , , , , , ,11,11, , , ,6,6,14, ,2, , , , , , , , , , , , , , ,70863,9, ,70116, , , , ,70914,79496658944,17,17,17,17, , , , , , , , , , , , , , , , , , , , , , , , , , , , , , , , ,70914,1729835536623,,, , , , , , , , , ,3145728,70863, , , , , , , , , , , , ,3, , , ,1, , , , , , , , , , , , , , , , , , , , , ,127369400,2, , , , , , ,4, , , , , , , , , , , , , , , , , , , , , , , , , , , , , , , , , ,4, , , , , , , , , , , 
2024-10-25 06:16:45.594 UTC, , , , , , , , , ,125,3216821,68168,2800, ,11, ,4, , , , , , , , , ,11,11, , , ,6,6,14, ,2, , , , , , , , , , , , , , ,70863,9, ,70116, , , , ,70914,79428415488,17,17,17,17, , , , , , , , , , , , , , , , , , , , , , , , , , , , , , , , ,70914,1729835536623,,, , , , , , , , , ,3145728,70863, , , , , , , , , , , , ,3, , , ,1, , , , , , , , , , , , , , , , , , , ,1,18,94971688,2, , , , , , ,4, , , , , , , , , , , , , , , , , , , , , , , , , , , , , , , , , ,4, , , , , , , , , , , 
2024-10-25 06:17:45.614 UTC, , , , , , , , , ,125,3216821,68168,2800, ,11, ,4, , , , , , , , , ,11,11, , , ,6,6,14, ,2, , , , , , , , , , , , , , ,70863,9, ,70116, , , , ,70914,79358173184,17,17,17,17, , , , , , , , , , , , , , , , , , , , , , , , , , , , , , , , ,70914,1729835536623,,, , , , , , , , , ,3145728,70863, , , , , , , , , , , , ,3, , , ,1, , , , , , , , , , , , , , , , , , , ,1,14,63490160,2, , , , , , ,4, , , , , , , , , , , , , , , , , , , , , , , , , , , , , , , , , ,4, , , , , , , , , , , 
2024-10-25 06:18:45.631 UTC, , , , , , , , , ,125,3216821,68168,2800, ,11, ,4, , , , , , , , , ,11,11, , , ,6,6,14, ,2, , , , , , , , , , , , , , ,70863,9, ,70116, , , , ,70914,79328260096,17,17,17,17, , , , , , , , , , , , , , , , , , , , , , , , , , , , , , , , ,70914,1729835536623,,, , , , , , , , , ,3145728,70863, , , , , , , , , , , , ,3, , , ,1, , , , , , , , , , , , , , , , , , , , , ,121161840,2, , , , , , ,4, , , , , , , , , , , , , , , , , , , , , , , , , , , , , , , , , ,4, , , , , , , , , , , 
2024-10-25 06:19:45.652 UTC, , , , , , , , , ,125,3216821,68168,2800, ,11, ,4, , , , , , , , , ,11,11, , , ,6,6,14, ,2, , , , , , , , , , , , , , ,70863,9, ,70116, , , , ,70914,79302737920,17,17,17,17, , , , , , , , , , , , , , , , , , , , , , , , , , , , , , , , ,70914,1729835536623,,, , , , , , , , , ,3145728,70863, , , , , , , , , , , , ,3, , , ,1, , , , , , , , , , , , , , , , , , , ,1,19,90900984,2, , , , , , ,4, , , , , , , , , , , , , , , , , , , , , , , , , , , , , , , , , ,4, , , , , , , , , , , 
2024-10-25 06:20:45.672 UTC, , , , , , , , , ,125,3216821,68168,2800, ,11, ,4, , , , , , , , , ,11,11, , , ,6,6,14, ,2, , , , , , , , , , , , , , ,70863,9, ,70116, , , , ,70914,79246872576,17,17,17,17, , , , , , , , , , , , , , , , , , , , , , , , , , , , , , , , ,70914,1729835536623,,, , , , , , , , , ,3145728,70863, , , , , , , , , , , , ,3, , , ,1, , , , , , , , , , , , , , , , , , , ,1,15,59359648,2, , , , , , ,4, , , , , , , , , , , , , , , , , , , , , , , , , , , , , , , , , ,4, , , , , , , , , , , 
2024-10-25 06:21:45.689 UTC, , , , , , , , , ,125,3216821,68168,2800, ,11, ,4, , , , , , , , , ,11,11, , , ,6,6,14, ,2, , , , , , , , , , , , , , ,70863,9, ,70116, , , , ,70914,79214804992,17,17,17,17, , , , , , , , , , , , , , , , , , , , , , , , , , , , , , , , ,70914,1729835536623,,, , , , , , , , , ,3145728,70863, , , , , , , , , , , , ,3, , , ,1, , , , , , , , , , , , , , , , , , , , , ,118079904,2, , , , , , ,4, , , , , , , , , , , , , , , , , , , , , , , , , , , , , , , , , ,4, , , , , , , , , , , 
2024-10-25 06:22:45.711 UTC, , , , , , , , , ,125,3216821,68168,2800, ,11, ,4, , , , , , , , , ,11,11, , , ,6,6,14, ,2, , , , , , , , , , , , , , ,70863,9, ,70116, , , , ,70914,79127437312,17,17,17,17, , , , , , , , , , , , , , , , , , , , , , , , , , , , , , , , ,70914,1729835536623,,, , , , , , , , , ,3145728,70863, , , , , , , , , , , , ,3, , , ,1, , , , , , , , , , , , , , , , , , , ,1,12,86835856,2, , , , , , ,4, , , , , , , , , , , , , , , , , , , , , , , , , , , , , , , , , ,4, , , , , , , , , , , 
2024-10-25 06:23:45.731 UTC, , , , , , , , , ,125,3216821,68168,2800, ,11, ,4, , , , , , , , , ,11,11, , , ,6,6,14, ,2, , , , , , , , , , , , , , ,70863,9, ,70116, , , , ,70914,79088517120,17,17,17,17, , , , , , , , , , , , , , , , , , , , , , , , , , , , , , , , ,70914,1729835536623,,, , , , , , , , , ,3145728,70863, , , , , , , , , , , , ,3, , , ,1, , , , , , , , , , , , , , , , , , , ,1,13,55094576,2, , , , , , ,4, , , , , , , , , , , , , , , , , , , , , , , , , , , , , , , , , ,4, , , , , , , , , , , 
2024-10-25 06:24:45.775 UTC, , , , , , , , , ,125,3216821,68168,2800, ,11, ,2, , , , , , , , , ,11,11, , , ,6,6,14, ,1, , , , , , , , , , , , , , ,70863,9, ,70116, , , , ,70914,79060467712,17,17,17,17, , , , , , , , , , , , , , , , , , , , , , , , , , , , , , , , ,70914,1729835536623,,, , , , , , , , , ,3145728,70863, , , , , , , , , , , , ,3, , , ,1, , , , , , , , , , , , , , , , , , , , , ,112766256,2, , , , , , ,2, , , , , , , , , , , , , , , , , , , , , , , , , , , , , , , , , ,2, , , , , , , , , , , 
2024-10-25 06:25:45.822 UTC, , , , , , , , , ,125,3216821,68168,2800, ,11, ,4, , , , , , , , , ,11,11, , , ,6,6,14, ,2, , , , , , , , , , , , , , ,70863,9, ,70116, , , , ,70914,79127142400,17,17,17,17, , , , , , , , , , , , , , , , , , , , , , , , , , , , , , , , ,70914,1729835536623,,, , , , , , , , , ,3145728,70863, , , , , , , , , , , , ,3, , , ,1, , , , , , , , , , , , , , , , , , , ,1,6,81382048,2, , , , , , ,4, , , , , , , , , , , , , , , , , , , , , , , , , , , , , , , , , ,4, , , , , , , , , , , 
2024-10-25 06:26:45.843 UTC, , , , , , , , , ,125,3216821,68168,2800, ,11, ,4, , , , , , , , , ,11,11, , , ,6,6,14, ,2, , , , , , , , , , , , , , ,70863,9, ,70116, , , , ,70914,79082442752,17,17,17,17, , , , , , , , , , , , , , , , , , , , , , , , , , , , , , , , ,70914,1729835536623,,, , , , , , , , , ,3145728,70863, , , , , , , , , , , , ,3, , , ,1, , , , , , , , , , , , , , , , , , , , , ,140102304,2, , , , , , ,4, , , , , , , , , , , , , , , , , , , , , , , , , , , , , , , , , ,4, , , , , , , , , , , 
2024-10-25 06:27:45.865 UTC, , , , , , , , , ,125,3216821,68168,2800, ,11, ,4, , , , , , , , , ,11,11, , , ,6,6,14, ,2, , , , , , , , , , , , , , ,70863,9, ,70116, , , , ,70914,79066243072,17,17,17,17, , , , , , , , , , , , , , , , , , , , , , , , , , , , , , , , ,70914,1729835536623,,, , , , , , , , , ,3145728,70863, , , , , , , , , , , , ,3, , , ,1, , , , , , , , , , , , , , , , , , , ,1,18,109632480,2, , , , , , ,4, , , , , , , , , , , , , , , , , , , , , , , , , , , , , , , , , ,4, , , , , , , , , , , 
2024-10-25 06:28:45.896 UTC, , , , , , , , , ,125,3216821,68168,2800, ,11, ,4, , , , , , , , , ,11,11, , , ,6,6,14, ,2, , , , , , , , , , , , , , ,70863,9, ,70116, , , , ,70914,78958845952,17,17,17,17, , , , , , , , , , , , , , , , , , , , , , , , , , , , , , , , ,70914,1729835536623,,, , , , , , , , , ,3145728,70863, , , , , , , , , , , , ,3, , , ,1, , , , , , , , , , , , , , , , , , , ,1,19,77188576,2, , , , , , ,4, , , , , , , , , , , , , , , , , , , , , , , , , , , , , , , , , ,4, , , , , , , , , , , 
2024-10-25 06:29:45.929 UTC, , , , , , , , , ,125,3216821,68168,2800, ,11, ,4, , , , , , , , , ,11,11, , , ,6,6,14, ,2, , , , , , , , , , , , , , ,70863,9, ,70116, , , , ,70914,77519446016,17,17,17,17, , , , , , , , , , , , , , , , , , , , , , , , , , , , , , , , ,70914,1729835536623,,, , , , , , , , , ,3145728,70863, , , , , , , , , , , , ,3, , , ,1, , , , , , , , , , , , , , , , , , , , , ,134860256,2, , , , , , ,4, , , , , , , , , , , , , , , , , , , , , , , , , , , , , , , , , ,4, , , , , , , , , , , 
2024-10-25 06:30:45.951 UTC, , , , , , , , , ,125,3216821,68168,2800, ,11, ,4, , , , , , , , , ,11,11, , , ,6,6,14, ,2, , , , , , , , , , , , , , ,70863,9, ,70116, , , , ,70914,77492330496,17,17,17,17, , , , , , , , , , , , , , , , , , , , , , , , , , , , , , , , ,70914,1729835536623,,, , , , , , , , , ,3145728,70863, , , , , , , , , , , , ,3, , , ,1, , , , , , , , , , , , , , , , , , , ,1,19,105561848,2, , , , , , ,4, , , , , , , , , , , , , , , , , , , , , , , , , , , , , , , , , ,4, , , , , , , , , , , 
2024-10-25 06:31:45.960 UTC, , , , , , , , , ,125,3216821,68168,2800, ,11, ,4, , , , , , , , , ,11,11, , , ,6,6,14, ,2, , , , , , , , , , , , , , ,70863,9, ,70116, , , , ,70914,77452337152,17,17,17,17, , , , , , , , , , , , , , , , , , , , , , , , , , , , , , , , ,70914,1729835536623,,, , , , , , , , , ,3145728,70863, , , , , , , , , , , , ,3, , , ,1, , , , , , , , , , , , , , , , , , , ,1,18,74096280,2, , , , , , ,4, , , , , , , , , , , , , , , , , , , , , , , , , , , , , , , , , ,4, , , , , , , , , , , 
2024-10-25 06:32:45.975 UTC, , , , , , , , , ,125,3216821,68168,2800, ,11, ,4, , , , , , , , , ,11,11, , , ,6,6,14, ,2, , , , , , , , , , , , , , ,70863,9, ,70116, , , , ,70914,77454286848,17,17,17,17, , , , , , , , , , , , , , , , , , , , , , , , , , , , , , , , ,70914,1729835536623,,, , , , , , , , , ,3145728,70863, , , , , , , , , , , , ,3, , , ,1, , , , , , , , , , , , , , , , , , , , , ,132816536,2, , , , , , ,4, , , , , , , , , , , , , , , , , , , , , , , , , , , , , , , , , ,4, , , , , , , , , , , 
2024-10-25 06:33:45.993 UTC, , , , , , , , , ,125,3216821,68168,2800, ,11, ,4, , , , , , , , , ,11,11, , , ,6,6,14, ,2, , , , , , , , , , , , , , ,70863,9, ,70116, , , , ,70914,77414559744,17,17,17,17, , , , , , , , , , , , , , , , , , , , , , , , , , , , , , , , ,70914,1729835536623,,, , , , , , , , , ,3145728,70863, , , , , , , , , , , , ,3, , , ,1, , , , , , , , , , , , , , , , , , , ,1,27,101307632,2, , , , , , ,4, , , , , , , , , , , , , , , , , , , , , , , , , , , , , , , , , ,4, , , , , , , , , , , 
2024-10-25 06:34:46.014 UTC, , , , , , , , , ,125,3216821,68168,2800, ,11, ,4, , , , , , , , , ,11,11, , , ,6,6,14, ,2, , , , , , , , , , , , , , ,70863,9, ,70116, , , , ,70914,77399482368,17,17,17,17, , , , , , , , , , , , , , , , , , , , , , , , , , , , , , , , ,70914,1729835536623,,, , , , , , , , , ,3145728,70863, , , , , , , , , , , , ,3, , , ,1, , , , , , , , , , , , , , , , , , , ,1,16,68891320,2, , , , , , ,4, , , , , , , , , , , , , , , , , , , , , , , , , , , , , , , , , ,4, , , , , , , , , , , 
2024-10-25 06:35:46.031 UTC, , , , , , , , , ,125,3216821,68168,2800, ,11, ,4, , , , , , , , , ,11,11, , , ,6,6,14, ,2, , , , , , , , , , , , , , ,70863,9, ,70116, , , , ,70914,76740960256,17,17,17,17, , , , , , , , , , , , , , , , , , , , , , , , , , , , , , , , ,70914,1729835536623,,, , , , , , , , , ,3145728,70863, , , , , , , , , , , , ,3, , , ,1, , , , , , , , , , , , , , , , , , , , , ,126563000,2, , , , , , ,4, , , , , , , , , , , , , , , , , , , , , , , , , , , , , , , , , ,4, , , , , , , , , , , 
2024-10-25 06:36:46.046 UTC, , , , , , , , , ,125,3216821,68168,2800, ,11, ,2, , , , , , , , , ,11,11, , , ,6,6,14, ,1, , , , , , , , , , , , , , ,70863,9, ,70116, , , , ,70914,71060684800,17,17,17,17, , , , , , , , , , , , , , , , , , , , , , , , , , , , , , , , ,70914,1729835536623,,, , , , , , , , , ,3145728,70863, , , , , , , , , , , , ,3, , , ,1, , , , , , , , , , , , , , , , , , , ,1,14,93050096,3, , , , , , ,2, , , , , , , , , , , , , , , , , , , , , , , , , , , , , , , , , ,2, , , , , , , , , , , 
2024-10-25 06:37:46.061 UTC, , , , , , , , , ,125,3216821,68168,2800, ,11, ,4, , , , , , , , , ,11,11, , , ,6,6,14, ,2, , , , , , , , , , , , , , ,70863,9, ,70116, , , , ,70914,71051866112,17,17,17,17, , , , , , , , , , , , , , , , , , , , , , , , , , , , , , , , ,70914,1729835536623,,, , , , , , , , , ,3145728,70863, , , , , , , , , , , , ,3, , , ,1, , , , , , , , , , , , , , , , , , , ,1,9,58413440,2, , , , , , ,4, , , , , , , , , , , , , , , , , , , , , , , , , , , , , , , , , ,4, , , , , , , , , , , 
2024-10-25 06:38:46.069 UTC, , , , , , , , , ,125,3216821,68168,2800, ,11, ,4, , , , , , , , , ,11,11, , , ,6,6,14, ,2, , , , , , , , , , , , , , ,70863,9, ,70116, , , , ,70914,71035682816,17,17,17,17, , , , , , , , , , , , , , , , , , , , , , , , , , , , , , , , ,70914,1729835536623,,, , , , , , , , , ,3145728,70863, , , , , , , , , , , , ,3, , , ,1, , , , , , , , , , , , , , , , , , , , , ,117133696,2, , , , , , ,4, , , , , , , , , , , , , , , , , , , , , , , , , , , , , , , , , ,4, , , , , , , , , , , 
2024-10-25 06:39:46.093 UTC, , , , , , , , , ,125,3216821,68168,2800, ,11, ,4, , , , , , , , , ,11,11, , , ,6,6,14, ,2, , , , , , , , , , , , , , ,70863,9, ,70116, , , , ,70914,71478964224,17,17,17,17, , , , , , , , , , , , , , , , , , , , , , , , , , , , , , , , ,70914,1729835536623,,, , , , , , , , , ,3145728,70863, , , , , , , , , , , , ,3, , , ,1, , , , , , , , , , , , , , , , , , , ,1,10,81522072,2, , , , , , ,4, , , , , , , , , , , , , , , , , , , , , , , , , , , , , , , , , ,4, , , , , , , , , , , 
2024-10-25 06:40:46.102 UTC, , , , , , , , , ,125,3216821,68168,2800, ,11, ,4, , , , , , , , , ,11,11, , , ,6,6,14, ,2, , , , , , , , , , , , , , ,70863,9, ,70116, , , , ,70914,70222581760,17,17,17,17, , , , , , , , , , , , , , , , , , , , , , , , , , , , , , , , ,70914,1729835536623,,, , , , , , , , , ,3145728,70863, , , , , , , , , , , , ,3, , , ,1, , , , , , , , , , , , , , , , , , , , , ,139193752,2, , , , , , ,4, , , , , , , , , , , , , , , , , , , , , , , , , , , , , , , , , ,4, , , , , , , , , , , 
2024-10-25 06:41:46.118 UTC, , , , , , , , , ,125,3216821,68168,2800, ,11, ,4, , , , , , , , , ,11,11, , , ,6,6,14, ,2, , , , , , , , , , , , , , ,70863,9, ,70116, , , , ,70914,68800757760,17,17,17,17, , , , , , , , , , , , , , , , , , , , , , , , , , , , , , , , ,70914,1729835536623,,, , , , , , , , , ,3145728,70863, , , , , , , , , , , , ,3, , , ,1, , , , , , , , , , , , , , , , , , , ,1,14,104556848,2, , , , , , ,4, , , , , , , , , , , , , , , , , , , , , , , , , , , , , , , , , ,4, , , , , , , , , , , 
2024-10-25 06:42:46.136 UTC, , , , , , , , , ,125,3216821,68168,2800, ,11, ,4, , , , , , , , , ,11,11, , , ,6,6,14, ,2, , , , , , , , , , , , , , ,70863,9, ,70116, , , , ,70914,68712013824,17,17,17,17, , , , , , , , , , , , , , , , , , , , , , , , , , , , , , , , ,70914,1729835536623,,, , , , , , , , , ,3145728,70863, , , , , , , , , , , , ,3, , , ,1, , , , , , , , , , , , , , , , , , , ,1,7,69969064,2, , , , , , ,4, , , , , , , , , , , , , , , , , , , , , , , , , , , , , , , , , ,4, , , , , , , , , , , 
2024-10-25 06:43:46.158 UTC, , , , , , , , , ,125,3216821,68168,2800, ,11, ,4, , , , , , , , , ,11,11, , , ,6,6,14, ,2, , , , , , , , , , , , , , ,70863,9, ,70116, , , , ,70914,68606287872,17,17,17,17, , , , , , , , , , , , , , , , , , , , , , , , , , , , , , , , ,70914,1729835536623,,, , , , , , , , , ,3145728,70863, , , , , , , , , , , , ,3, , , ,1, , , , , , , , , , , , , , , , , , , , , ,127640744,3, , , , , , ,4, , , , , , , , , , , , , , , , , , , , , , , , , , , , , , , , , ,4, , , , , , , , , , , 
2024-10-25 06:44:46.180 UTC, , , , , , , , , ,125,3216821,68168,2800, ,11, ,4, , , , , , , , , ,11,11, , , ,6,6,14, ,2, , , , , , , , , , , , , , ,70863,9, ,70116, , , , ,70914,68517572608,17,17,17,17, , , , , , , , , , , , , , , , , , , , , , , , , , , , , , , , ,70914,1729835536623,,, , , , , , , , , ,3145728,70863, , , , , , , , , , , , ,3, , , ,1, , , , , , , , , , , , , , , , , , , ,1,13,93088856,2, , , , , , ,4, , , , , , , , , , , , , , , , , , , , , , , , , , , , , , , , , ,4, , , , , , , , , , , 
2024-10-25 06:45:46.193 UTC, , , , , , , , , ,125,3216821,68168,2800, ,11, ,4, , , , , , , , , ,11,11, , , ,6,6,14, ,2, , , , , , , , , , , , , , ,70863,9, ,70116, , , , ,70914,68502831104,17,17,17,17, , , , , , , , , , , , , , , , , , , , , , , , , , , , , , , , ,70914,1729835536623,,, , , , , , , , , ,3145728,70863, , , , , , , , , , , , ,3, , , ,1, , , , , , , , , , , , , , , , , , , ,1,19,59496920,2, , , , , , ,4, , , , , , , , , , , , , , , , , , , , , , , , , , , , , , , , , ,4, , , , , , , , , , , 
2024-10-25 06:46:46.209 UTC, , , , , , , , , ,125,3216821,68168,2800, ,11, ,4, , , , , , , , , ,11,11, , , ,6,6,14, ,2, , , , , , , , , , , , , , ,70863,9, ,70116, , , , ,70914,68504854528,17,17,17,17, , , , , , , , , , , , , , , , , , , , , , , , , , , , , , , , ,70914,1729835536623,,, , , , , , , , , ,3145728,70863, , , , , , , , , , , , ,3, , , ,1, , , , , , , , , , , , , , , , , , , , , ,117168600,3, , , , , , ,4, , , , , , , , , , , , , , , , , , , , , , , , , , , , , , , , , ,4, , , , , , , , , , , 
2024-10-25 06:47:46.267 UTC, , , , , , , , , ,125,3216821,68168,2800, ,11, ,4, , , , , , , , , ,11,11, , , ,6,6,14, ,2, , , , , , , , , , , , , , ,70863,9, ,70116, , , , ,70914,68505784320,17,17,17,17, , , , , , , , , , , , , , , , , , , , , , , , , , , , , , , , ,70914,1729835536623,,, , , , , , , , , ,3145728,70863, , , , , , , , , , , , ,3, , , ,1, , , , , , , , , , , , , , , , , , , ,1,6,82584168,3, , , , , , ,4, , , , , , , , , , , , , , , , , , , , , , , , , , , , , , , , , ,4, , , , , , , , , , , 
2024-10-25 06:48:46.284 UTC, , , , , , , , , ,125,3216821,68168,2800, ,11, ,2, , , , , , , , , ,11,11, , , ,6,6,14, ,1, , , , , , , , , , , , , , ,70863,9, ,70116, , , , ,70914,68509327360,17,17,17,17, , , , , , , , , , , , , , , , , , , , , , , , , , , , , , , , ,70914,1729835536623,,, , , , , , , , , ,3145728,70863, , , , , , , , , , , , ,3, , , ,1, , , , , , , , , , , , , , , , , , , , , ,140255848,2, , , , , , ,2, , , , , , , , , , , , , , , , , , , , , , , , , , , , , , , , , ,2, , , , , , , , , , , 
2024-10-25 06:49:46.297 UTC, , , , , , , , , ,125,3216821,68168,2800, ,11, ,4, , , , , , , , , ,11,11, , , ,6,6,14, ,2, , , , , , , , , , , , , , ,70863,9, ,70116, , , , ,70914,68491071488,17,17,17,17, , , , , , , , , , , , , , , , , , , , , , , , , , , , , , , , ,70914,1729835536623,,, , , , , , , , , ,3145728,70863, , , , , , , , , , , , ,3, , , ,1, , , , , , , , , , , , , , , , , , , ,1,17,105661152,2, , , , , , ,4, , , , , , , , , , , , , , , , , , , , , , , , , , , , , , , , , ,4, , , , , , , , , , , 
2024-10-25 06:50:46.328 UTC, , , , , , , , , ,125,3216821,68168,2800, ,11, ,4, , , , , , , , , ,11,11, , , ,6,6,14, ,2, , , , , , , , , , , , , , ,70863,9, ,70116, , , , ,70914,68485562368,17,17,17,17, , , , , , , , , , , , , , , , , , , , , , , , , , , , , , , , ,70914,1729835536623,,, , , , , , , , , ,3145728,70863, , , , , , , , , , , , ,3, , , ,1, , , , , , , , , , , , , , , , , , , ,1,13,72110760,2, , , , , , ,4, , , , , , , , , , , , , , , , , , , , , , , , , , , , , , , , , ,4, , , , , , , , , , , 
2024-10-25 06:51:46.346 UTC, , , , , , , , , ,125,3216821,68168,2800, ,11, ,4, , , , , , , , , ,11,11, , , ,6,6,14, ,2, , , , , , , , , , , , , , ,70863,9, ,70116, , , , ,70914,68472655872,17,17,17,17, , , , , , , , , , , , , , , , , , , , , , , , , , , , , , , , ,70914,1729835536623,,, , , , , , , , , ,3145728,70863, , , , , , , , , , , , ,3, , , ,1, , , , , , , , , , , , , , , , , , , , , ,129782440,2, , , , , , ,4, , , , , , , , , , , , , , , , , , , , , , , , , , , , , , , , , ,4, , , , , , , , , , , 
2024-10-25 06:52:46.375 UTC, , , , , , , , , ,125,3216821,68168,2800, ,11, ,4, , , , , , , , , ,11,11, , , ,6,6,14, ,2, , , , , , , , , , , , , , ,70863,9, ,70116, , , , ,70914,68462325760,17,17,17,17, , , , , , , , , , , , , , , , , , , , , , , , , , , , , , , , ,70914,1729835536623,,, , , , , , , , , ,3145728,70863, , , , , , , , , , , , ,3, , , ,1, , , , , , , , , , , , , , , , , , , ,1,23,95227584,2, , , , , , ,4, , , , , , , , , , , , , , , , , , , , , , , , , , , , , , , , , ,4, , , , , , , , , , , 
2024-10-25 06:53:29.754 UTC, , , , , , , , , ,125,3214021,68168, , ,11, ,2, , , , , , , , , ,11,11, , , ,6,6,14, ,1, , , , , , , , , , , , , , ,70863,9, ,70116, , , , ,70914,68599369728,17,17,17,17, , , , , , , , , , , , , , , , , , , , , , , , , , , , , , , , ,70914,1729835536623,,, , , , , , , , , ,3145728,70863, , , , , , , , , , , , ,3, , , ,1, , , , , , , , , , , , , , , , , , , , , ,141364928,2, , , , , , ,2, , , , , , , , , , , , , , , , , , , , , , , , , , , , , , , , , ,2, , , , , , , , , , , 
2024-10-25 07:23:24.796 UTC, , , , , , , , , ,125,3179397,33408,136, ,4,2,48,4,0.08, , , , , , , ,4,4, ,2,2,3,2,4, ,57,35, , , , , , , , , , , , , ,70863,9, ,70116, , , , ,70914,67447771136,17,17,17,17, , , , , ,1,1058, , , , , , , , , , , , , , , , , , , , , , , , , ,70914,1729841003432,,, , , , , , , , , ,3145728,70863, , , , , , ,47, , ,3, , ,3, , ,47,1,4096,1, , , , , ,21031762,57, , , , , , ,2,11, , ,9,683,57604328,5, , , , , , ,36, , , , , ,1, , , , , , , , , , , , , , , , , , , , , , , , , , , , , , , , , , , , , , , 
2024-10-25 07:24:25.237 UTC, , , , , , , , , ,125,3216821,68168,2800, ,11, ,118,7,0.06, , , , , , , ,11,11, , , ,6,6,14, ,64,42, , , , , , , , , , , , , ,70863,9, ,70116, , , , ,70914,64040472576,17,17,17,17, , , , , , , , , , , , , , , , , , , , , , , , , , , , , , , , ,70914,1729841003432,,, , , , , , , , , ,3145728,70863, , , , , , ,56, , , , , ,3, , ,56,1, , , , , , , ,60441,58, , , , , , ,2,19, , ,2,82,125776208,5, , , , , , ,212, , , , , , , , , , , , , , , , , , , , , , , , , , , , , , , , ,97,43,15, , , , , , , , , , 
2024-10-25 07:25:25.353 UTC, , , , , , , , , ,125,3216821,68168,2800, ,11, ,4, , , , , , , , , ,11,11, , , ,6,6,14, ,2, , , , , , , , , , , , , , ,70863,9, ,70116, , , , ,70914,67677544448,17,17,17,17, , , , , , , , , , , , , , , , , , , , , , , , , , , , , , , , ,70914,1729841003432,,, , , , , , , , , ,3145728,70863, , , , , , , , , , , , ,3, , , ,1, , , , , , , , , , , , , , , , , , , ,1,45,101022504,3, , , , , , ,4, , , , , , , , , , , , , , , , , , , , , , , , , , , , , , , , , ,4, , , , , , , , , , , 
2024-10-25 07:26:25.369 UTC, , , , , , , , , ,125,3216821,68168,2800, ,11, ,4, , , , , , , , , ,11,11, , , ,6,6,14, ,2, , , , , , , , , , , , , , ,70863,9, ,70116, , , , ,70914,67677659136,17,17,17,17, , , , , , , , , , , , , , , , , , , , , , , , , , , , , , , , ,70914,1729841003432,,, , , , , , , , , ,3145728,70863, , , , , , , , , , , , ,3, , , ,1, , , , , , , , , , , , , , , , , , , ,1,30,75526512,2, , , , , , ,4, , , , , , , , , , , , , , , , , , , , , , , , , , , , , , , , , ,4, , , , , , , , , , , 
2024-10-25 07:27:25.385 UTC, , , , , , , , , ,125,3216821,68168,2800, ,11, ,4, , , , , , , , , ,11,11, , , ,6,6,14, ,2, , , , , , , , , , , , , , ,70863,9, ,70116, , , , ,70914,67675983872,17,17,17,17, , , , , , , , , , , , , , , , , , , , , , , , , , , , , , , , ,70914,1729841003432,,, , , , , , , , , ,3145728,70863, , , , , , , , , , , , ,3, , , ,1, , , , , , , , , , , , , , , , , , , , , ,132149616,3, , , , , , ,4, , , , , , , , , , , , , , , , , , , , , , , , , , , , , , , , , ,4, , , , , , , , , , , 
2024-10-25 07:28:25.411 UTC, , , , , , , , , ,125,3216821,68168,2800, ,11, ,4, , , , , , , , , ,11,11, , , ,6,6,14, ,2, , , , , , , , , , , , , , ,70863,9, ,70116, , , , ,70914,67668361216,17,17,17,17, , , , , , , , , , , , , , , , , , , , , , , , , , , , , , , , ,70914,1729841003432,,, , , , , , , , , ,3145728,70863, , , , , , , , , , , , ,3, , , ,1, , , , , , , , , , , , , , , , , , , ,1,22,100820464,2, , , , , , ,4, , , , , , , , , , , , , , , , , , , , , , , , , , , , , , , , , ,4, , , , , , , , , , , 
2024-10-25 07:29:25.429 UTC, , , , , , , , , ,125,3216821,68168,2800, ,11, ,4, , , , , , , , , ,11,11, , , ,6,6,14, ,2, , , , , , , , , , , , , , ,70863,9, ,70116, , , , ,70914,67665522688,17,17,17,17, , , , , , , , , , , , , , , , , , , , , , , , , , , , , , , , ,70914,1729841003432,,, , , , , , , , , ,3145728,70863, , , , , , , , , , , , ,3, , , ,1, , , , , , , , , , , , , , , , , , , ,1,26,64231984,3, , , , , , ,4, , , , , , , , , , , , , , , , , , , , , , , , , , , , , , , , , ,4, , , , , , , , , , , 
2024-10-25 07:30:25.439 UTC, , , , , , , , , ,125,3216821,68168,2800, ,11, ,2, , , , , , , , , ,11,11, , , ,6,6,14, ,1, , , , , , , , , , , , , , ,70863,9, ,70116, , , , ,70914,67665088512,17,17,17,17, , , , , , , , , , , , , , , , , , , , , , , , , , , , , , , , ,70914,1729841003432,,, , , , , , , , , ,3145728,70863, , , , , , , , , , , , ,3, , , ,1, , , , , , , , , , , , , , , , , , , , , ,121903664,3, , , , , , ,2, , , , , , , , , , , , , , , , , , , , , , , , , , , , , , , , , ,2, , , , , , , , , , , 
2024-10-25 07:31:26.526 UTC, , , , , , , , , ,125,3216821,68168,2800, ,11, ,4, , , , , , , , , ,11,11, , , ,6,6,14, ,2, , , , , , , , , , , , , , ,70863,9, ,70116, , , , ,70914,67672670208,17,17,17,17, , , , , , , , , , , , , , , , , , , , , , , , , , , , , , , , ,70914,1729841003432,,, , , , , , , , , ,3145728,70863, , , , , , , , , , , , ,3, , , ,1, , , , , , , , , , , , , , , , , , , ,1,27,84161656,2, , , , , , ,4, , , , , , , , , , , , , , , , , , , , , , , , , , , , , , , , , ,4, , , , , , , , , , , 
2024-10-25 07:40:19.316 UTC, , , , , , , , , ,125,3216821,68168,2800, ,11, ,4, , , , , , , , , ,11,11, , , ,6,6,14, ,2, , , , , , , , , , , , , , ,70863,9, ,70116, , , , ,70914,67669049344,17,17,17,17, , , , , , , , , , , , , , , , , , , , , , , , , , , , , , , , ,70914,1729841003432,,, , , , , , , , , ,3145728,70863, , , , , , , , , , , , ,3, , , ,1, , , , , , , , , , , , , , , , , , , , , ,142881912,3, , , , , , ,4, , , , , , , , , , , , , , , , , , , , , , , , , , , , , , , , , ,4, , , , , , , , , , , 
2024-10-25 07:56:18.757 UTC, , , , , , , , , ,125,3216821,68168,2800, ,11, ,4, , , , , , , , , ,11,11, , , ,6,6,14, ,2, , , , , , , , , , , , , , ,70863,9, ,70116, , , , ,70914,67658616832,17,17,17,17, , , , , , , , , , , , , , , , , , , , , , , , , , , , , , , , ,70914,1729841003432,,, , , , , , , , , ,3145728,70863, , , , , , , , , , , , ,3, , , ,1, , , , , , , , , , , , , , , , , , , ,1,14,104237592,2, , , , , , ,4, , , , , , , , , , , , , , , , , , , , , , , , , , , , , , , , , ,4, , , , , , , , , , , 
2024-10-25 07:57:18.775 UTC, , , , , , , , , ,125,3216821,68168,2800, ,11, ,4, , , , , , , , , ,11,11, , , ,6,6,14, ,2, , , , , , , , , , , , , , ,70863,9, ,70116, , , , ,70914,67632283648,17,17,17,17, , , , , , , , , , , , , , , , , , , , , , , , , , , , , , , , ,70914,1729841003432,,, , , , , , , , , ,3145728,70863, , , , , , , , , , , , ,3, , , ,1, , , , , , , , , , , , , , , , , , , ,1,22,67643240,2, , , , , , ,4, , , , , , , , , , , , , , , , , , , , , , , , , , , , , , , , , ,4, , , , , , , , , , , 
2024-10-25 08:01:34.609 UTC, , , , , , , , , ,125,3216821,68168,2800, ,11, ,4, , , , , , , , , ,11,11, , , ,6,6,14, ,2, , , , , , , , , , , , , , ,70863,9, ,70116, , , , ,70914,67637166080,17,17,17,17, , , , , , , , , , , , , , , , , , , , , , , , , , , , , , , , ,70914,1729841003432,,, , , , , , , , , ,3145728,70863, , , , , , , , , , , , ,3, , , ,1, , , , , , , , , , , , , , , , , , , , , ,125314920,2, , , , , , ,4, , , , , , , , , , , , , , , , , , , , , , , , , , , , , , , , , ,4, , , , , , , , , , , 
2024-10-25 08:02:34.637 UTC, , , , , , , , , ,125,3216821,68168,2800, ,11, ,4, , , , , , , , , ,11,11, , , ,6,6,14, ,2, , , , , , , , , , , , , , ,70863,9, ,70116, , , , ,70914,67638353920,17,17,17,17, , , , , , , , , , , , , , , , , , , , , , , , , , , , , , , , ,70914,1729841003432,,, , , , , , , , , ,3145728,70863, , , , , , , , , , , , ,3, , , ,1, , , , , , , , , , , , , , , , , , , ,1,21,88453192,2, , , , , , ,4, , , , , , , , , , , , , , , , , , , , , , , , , , , , , , , , , ,4, , , , , , , , , , , 
2024-10-25 08:03:34.655 UTC, , , , , , , , , ,125,3216821,68168,2800, ,11, ,4, , , , , , , , , ,11,11, , , ,6,6,14, ,2, , , , , , , , , , , , , , ,70863,9, ,70116, , , , ,70914,67634659328,17,17,17,17, , , , , , , , , , , , , , , , , , , , , , , , , , , , , , , , ,70914,1729841003432,,, , , , , , , , , ,3145728,70863, , , , , , , , , , , , ,3, , , ,1, , , , , , , , , , , , , , , , , , , , , ,146124872,3, , , , , , ,4, , , , , , , , , , , , , , , , , , , , , , , , , , , , , , , , , ,4, , , , , , , , , , , 
2024-10-25 08:13:51.558 UTC, , , , , , , , , ,125,3216821,68168,2800, ,11, ,4, , , , , , , , , ,11,11, , , ,6,6,14, ,2, , , , , , , , , , , , , , ,70863,9, ,70116, , , , ,70914,67654119424,17,17,17,17, , , , , , , , , , , , , , , , , , , , , , , , , , , , , , , , ,70914,1729841003432,,, , , , , , , , , ,3145728,70863, , , , , , , , , , , , ,3, , , ,1, , , , , , , , , , , , , , , , , , , ,1,29,108401248,3, , , , , , ,4, , , , , , , , , , , , , , , , , , , , , , , , , , , , , , , , , ,4, , , , , , , , , , , 
2024-10-25 08:17:56.102 UTC, , , , , , , , , ,125,3216821,68168,2800, ,11, ,4, , , , , , , , , ,11,11, , , ,6,6,14, ,2, , , , , , , , , , , , , , ,70863,9, ,70116, , , , ,70914,67778322432,17,17,17,17, , , , , , , , , , , , , , , , , , , , , , , , , , , , , , , , ,70914,1729841003432,,, , , , , , , , , ,3145728,70863, , , , , , , , , , , , ,3, , , ,1, , , , , , , , , , , , , , , , , , , ,1,15,70697320,3, , , , , , ,4, , , , , , , , , , , , , , , , , , , , , , , , , , , , , , , , , ,4, , , , , , , , , , , 
2024-10-25 08:33:55.594 UTC, , , , , , , , , ,125,3216821,68168,2800, ,11, ,4, , , , , , , , , ,11,11, , , ,6,6,14, ,2, , , , , , , , , , , , , , ,70863,9, ,70116, , , , ,70914,67752951808,17,17,17,17, , , , , , , , , , , , , , , , , , , , , , , , , , , , , , , , ,70914,1729841003432,,, , , , , , , , , ,3145728,70863, , , , , , , , , , , , ,3, , , ,1, , , , , , , , , , , , , , , , , , , , , ,129417576,3, , , , , , ,4, , , , , , , , , , , , , , , , , , , , , , , , , , , , , , , , , ,4, , , , , , , , , , , 
2024-10-25 08:34:56.675 UTC, , , , , , , , , ,125,3216821,68168,2800, ,11, ,4, , , , , , , , , ,11,11, , , ,6,6,14, ,2, , , , , , , , , , , , , , ,70863,9, ,70116, , , , ,70914,67725975552,17,17,17,17, , , , , , , , , , , , , , , , , , , , , , , , , , , , , , , , ,70914,1729841003432,,, , , , , , , , , ,3145728,70863, , , , , , , , , , , , ,3, , , ,1, , , , , , , , , , , , , , , , , , , ,1,23,91707832,3, , , , , , ,4, , , , , , , , , , , , , , , , , , , , , , , , , , , , , , , , , ,4, , , , , , , , , , , 
2024-10-25 08:35:56.692 UTC, , , , , , , , , ,125,3216821,68168,2800, ,11, ,2, , , , , , , , , ,11,11, , , ,6,6,14, ,1, , , , , , , , , , , , , , ,70863,9, ,70116, , , , ,70914,67832250368,17,17,17,17, , , , , , , , , , , , , , , , , , , , , , , , , , , , , , , , ,70914,1729841003432,,, , , , , , , , , ,3145728,70863, , , , , , , , , , , , ,3, , , ,1, , , , , , , , , , , , , , , , , , , , , ,149379512,2, , , , , , ,2, , , , , , , , , , , , , , , , , , , , , , , , , , , , , , , , , ,2, , , , , , , , , , , 
2024-10-25 08:36:56.713 UTC, , , , , , , , , ,125,3216821,68168,2800, ,11, ,4, , , , , , , , , ,11,11, , , ,6,6,14, ,2, , , , , , , , , , , , , , ,70863,9, ,70116, , , , ,70914,67819323392,17,17,17,17, , , , , , , , , , , , , , , , , , , , , , , , , , , , , , , , ,70914,1729841003432,,, , , , , , , , , ,3145728,70863, , , , , , , , , , , , ,3, , , ,1, , , , , , , , , , , , , , , , , , , ,1,21,111710632,2, , , , , , ,4, , , , , , , , , , , , , , , , , , , , , , , , , , , , , , , , , ,4, , , , , , , , , , , 
2024-10-25 08:37:56.732 UTC, , , , , , , , , ,125,3216821,68168,2800, ,11, ,4, , , , , , , , , ,11,11, , , ,6,6,14, ,2, , , , , , , , , , , , , , ,70863,9, ,70116, , , , ,70914,67824873472,17,17,17,17, , , , , , , , , , , , , , , , , , , , , , , , , , , , , , , , ,70914,1729841003432,,, , , , , , , , , ,3145728,70863, , , , , , , , , , , , ,3, , , ,1, , , , , , , , , , , , , , , , , , , ,1,15,74876688,2, , , , , , ,4, , , , , , , , , , , , , , , , , , , , , , , , , , , , , , , , , ,4, , , , , , , , , , , 
2024-10-25 08:38:56.762 UTC, , , , , , , , , ,125,3216821,68168,2800, ,11, ,4, , , , , , , , , ,11,11, , , ,6,6,14, ,2, , , , , , , , , , , , , , ,70863,9, ,70116, , , , ,70914,67811479552,17,17,17,17, , , , , , , , , , , , , , , , , , , , , , , , , , , , , , , , ,70914,1729841003432,,, , , , , , , , , ,3145728,70863, , , , , , , , , , , , ,3, , , ,1, , , , , , , , , , , , , , , , , , , , , ,132548368,2, , , , , , ,4, , , , , , , , , , , , , , , , , , , , , , , , , , , , , , , , , ,4, , , , , , , , , , , 
2024-10-25 08:39:56.793 UTC, , , , , , , , , ,125,3216821,68168,2800, ,11, ,4, , , , , , , , , ,11,11, , , ,6,6,14, ,2, , , , , , , , , , , , , , ,70863,9, ,70116, , , , ,70914,67812540416,17,17,17,17, , , , , , , , , , , , , , , , , , , , , , , , , , , , , , , , ,70914,1729841003432,,, , , , , , , , , ,3145728,70863, , , , , , , , , , , , ,3, , , ,1, , , , , , , , , , , , , , , , , , , ,1,29,95948072,2, , , , , , ,4, , , , , , , , , , , , , , , , , , , , , , , , , , , , , , , , , ,4, , , , , , , , , , , 
2024-10-25 08:40:56.819 UTC, , , , , , , , , ,125,3216821,68168,2800, ,11, ,4, , , , , , , , , ,11,11, , , ,6,6,14, ,2, , , , , , , , , , , , , , ,70863,9, ,70116, , , , ,70914,67812556800,17,17,17,17, , , , , , , , , , , , , , , , , , , , , , , , , , , , , , , , ,70914,1729841003432,,, , , , , , , , , ,3145728,70863, , , , , , , , , , , , ,3, , , ,1, , , , , , , , , , , , , , , , , , , ,1,30,59102088,2, , , , , , ,4, , , , , , , , , , , , , , , , , , , , , , , , , , , , , , , , , ,4, , , , , , , , , , , 
2024-10-25 08:41:56.844 UTC, , , , , , , , , ,125,3216821,68168,2800, ,11, ,4, , , , , , , , , ,11,11, , , ,6,6,14, ,2, , , , , , , , , , , , , , ,70863,9, ,70116, , , , ,70914,67790471168,17,17,17,17, , , , , , , , , , , , , , , , , , , , , , , , , , , , , , , , ,70914,1729841003432,,, , , , , , , , , ,3145728,70863, , , , , , , , , , , , ,3, , , ,1, , , , , , , , , , , , , , , , , , , , , ,116773768,2, , , , , , ,4, , , , , , , , , , , , , , , , , , , , , , , , , , , , , , , , , ,4, , , , , , , , , , , 
2024-10-25 08:42:56.865 UTC, , , , , , , , , ,125,3216821,68168,2800, ,11, ,4, , , , , , , , , ,11,11, , , ,6,6,14, ,2, , , , , , , , , , , , , , ,70863,9, ,70116, , , , ,70914,67787665408,17,17,17,17, , , , , , , , , , , , , , , , , , , , , , , , , , , , , , , , ,70914,1729841003432,,, , , , , , , , , ,3145728,70863, , , , , , , , , , , , ,3, , , ,1, , , , , , , , , , , , , , , , , , , ,1,25,79180848,2, , , , , , ,4, , , , , , , , , , , , , , , , , , , , , , , , , , , , , , , , , ,4, , , , , , , , , , , 
2024-10-25 08:43:56.888 UTC, , , , , , , , , ,125,3216821,68168,2800, ,11, ,4, , , , , , , , , ,11,11, , , ,6,6,14, ,2, , , , , , , , , , , , , , ,70863,9, ,70116, , , , ,70914,67782189056,17,17,17,17, , , , , , , , , , , , , , , , , , , , , , , , , , , , , , , , ,70914,1729841003432,,, , , , , , , , , ,3145728,70863, , , , , , , , , , , , ,3, , , ,1, , , , , , , , , , , , , , , , , , , , , ,137901104,2, , , , , , ,4, , , , , , , , , , , , , , , , , , , , , , , , , , , , , , , , , ,4, , , , , , , , , , , 
2024-10-25 08:44:56.915 UTC, , , , , , , , , ,125,3216821,68168,2800, ,11, ,4, , , , , , , , , ,11,11, , , ,6,6,14, ,2, , , , , , , , , , , , , , ,70863,9, ,70116, , , , ,70914,67787280384,17,17,17,17, , , , , , , , , , , , , , , , , , , , , , , , , , , , , , , , ,70914,1729841003432,,, , , , , , , , , ,3145728,70863, , , , , , , , , , , , ,3, , , ,1, , , , , , , , , , , , , , , , , , , ,1,19,98111624,2, , , , , , ,4, , , , , , , , , , , , , , , , , , , , , , , , , , , , , , , , , ,4, , , , , , , , , , , 
2024-10-25 08:45:56.945 UTC, , , , , , , , , ,125,3216821,68168,2800, ,11, ,4, , , , , , , , , ,11,11, , , ,6,6,14, ,2, , , , , , , , , , , , , , ,70863,9, ,70116, , , , ,70914,67811741696,17,17,17,17, , , , , , , , , , , , , , , , , , , , , , , , , , , , , , , , ,70914,1729841003432,,, , , , , , , , , ,3145728,70863, , , , , , , , , , , , ,3, , , ,1, , , , , , , , , , , , , , , , , , , ,1,12,59330864,2, , , , , , ,4, , , , , , , , , , , , , , , , , , , , , , , , , , , , , , , , , ,4, , , , , , , , , , , 
2024-10-25 08:46:56.956 UTC, , , , , , , , , ,125,3216821,68168,2800, ,11, ,4, , , , , , , , , ,11,11, , , ,6,6,14, ,2, , , , , , , , , , , , , , ,70863,9, ,70116, , , , ,70914,67799986176,17,17,17,17, , , , , , , , , , , , , , , , , , , , , , , , , , , , , , , , ,70914,1729841003432,,, , , , , , , , , ,3145728,70863, , , , , , , , , , , , ,3, , , ,1, , , , , , , , , , , , , , , , , , , , , ,117002544,2, , , , , , ,4, , , , , , , , , , , , , , , , , , , , , , , , , , , , , , , , , ,4, , , , , , , , , , , 
2024-10-25 08:47:56.971 UTC, , , , , , , , , ,125,3216821,68168,2800, ,11, ,4, , , , , , , , , ,11,11, , , ,6,6,14, ,2, , , , , , , , , , , , , , ,70863,9, ,70116, , , , ,70914,67755208704,17,17,17,17, , , , , , , , , , , , , , , , , , , , , , , , , , , , , , , , ,70914,1729841003432,,, , , , , , , , , ,3145728,70863, , , , , , , , , , , , ,3, , , ,1, , , , , , , , , , , , , , , , , , , ,1,14,78147576,2, , , , , , ,4, , , , , , , , , , , , , , , , , , , , , , , , , , , , , , , , , ,4, , , , , , , , , , , 
2024-10-25 08:48:56.993 UTC, , , , , , , , , ,125,3216821,68168,2800, ,11, ,2, , , , , , , , , ,11,11, , , ,6,6,14, ,1, , , , , , , , , , , , , , ,70863,9, ,70116, , , , ,70914,67733471232,17,17,17,17, , , , , , , , , , , , , , , , , , , , , , , , , , , , , , , , ,70914,1729841003432,,, , , , , , , , , ,3145728,70863, , , , , , , , , , , , ,3, , , ,1, , , , , , , , , , , , , , , , , , , , , ,134770680,2, , , , , , ,2, , , , , , , , , , , , , , , , , , , , , , , , , , , , , , , , , ,2, , , , , , , , , , , 
2024-10-25 08:49:57.031 UTC, , , , , , , , , ,125,3216821,68168,2800, ,11, ,4, , , , , , , , , ,11,11, , , ,6,6,14, ,2, , , , , , , , , , , , , , ,70863,9, ,70116, , , , ,70914,67694202880,17,17,17,17, , , , , , , , , , , , , , , , , , , , , , , , , , , , , , , , ,70914,1729841003432,,, , , , , , , , , ,3145728,70863, , , , , , , , , , , , ,3, , , ,1, , , , , , , , , , , , , , , , , , , ,1,25,95996464,2, , , , , , ,4, , , , , , , , , , , , , , , , , , , , , , , , , , , , , , , , , ,4, , , , , , , , , , , 
2024-10-25 08:50:57.067 UTC, , , , , , , , , ,125,3216821,68168,2800, ,11, ,4, , , , , , , , , ,11,11, , , ,6,6,14, ,2, , , , , , , , , , , , , , ,70863,9, ,70116, , , , ,70914,67651637248,17,17,17,17, , , , , , , , , , , , , , , , , , , , , , , , , , , , , , , , ,70914,1729841003432,,, , , , , , , , , ,3145728,70863, , , , , , , , , , , , ,3, , , ,1, , , , , , , , , , , , , , , , , , , , , ,153668144,2, , , , , , ,4, , , , , , , , , , , , , , , , , , , , , , , , , , , , , , , , , ,4, , , , , , , , , , , 
2024-10-25 08:51:57.092 UTC, , , , , , , , , ,125,3216821,68168,2800, ,11, ,4, , , , , , , , , ,11,11, , , ,6,6,14, ,2, , , , , , , , , , , , , , ,70863,9, ,70116, , , , ,70914,67619917824,17,17,17,17, , , , , , , , , , , , , , , , , , , , , , , , , , , , , , , , ,70914,1729841003432,,, , , , , , , , , ,3145728,70863, , , , , , , , , , , , ,3, , , ,1, , , , , , , , , , , , , , , , , , , ,1,25,112769352,3, , , , , , ,4, , , , , , , , , , , , , , , , , , , , , , , , , , , , , , , , , ,4, , , , , , , , , , , 
2024-10-25 08:52:57.112 UTC, , , , , , , , , ,125,3216821,68168,2800, ,11, ,4, , , , , , , , , ,11,11, , , ,6,6,14, ,2, , , , , , , , , , , , , , ,70863,9, ,70116, , , , ,70914,67594645504,17,17,17,17, , , , , , , , , , , , , , , , , , , , , , , , , , , , , , , , ,70914,1729841003432,,, , , , , , , , , ,3145728,70863, , , , , , , , , , , , ,3, , , ,1, , , , , , , , , , , , , , , , , , , ,1,8,73007304,2, , , , , , ,4, , , , , , , , , , , , , , , , , , , , , , , , , , , , , , , , , ,4, , , , , , , , , , , 
2024-10-25 08:53:57.141 UTC, , , , , , , , , ,125,3216821,68168,2800, ,11, ,4, , , , , , , , , ,11,11, , , ,6,6,14, ,2, , , , , , , , , , , , , , ,70863,9, ,70116, , , , ,70914,67558051840,17,17,17,17, , , , , , , , , , , , , , , , , , , , , , , , , , , , , , , , ,70914,1729841003432,,, , , , , , , , , ,3145728,70863, , , , , , , , , , , , ,3, , , ,1, , , , , , , , , , , , , , , , , , , , , ,131727560,2, , , , , , ,4, , , , , , , , , , , , , , , , , , , , , , , , , , , , , , , , , ,4, , , , , , , , , , , 
2024-10-25 08:54:57.162 UTC, , , , , , , , , ,125,3216821,68168,2800, ,11, ,4, , , , , , , , , ,11,11, , , ,6,6,14, ,2, , , , , , , , , , , , , , ,70863,9, ,70116, , , , ,70914,67492851712,17,17,17,17, , , , , , , , , , , , , , , , , , , , , , , , , , , , , , , , ,70914,1729841003432,,, , , , , , , , , ,3145728,70863, , , , , , , , , , , , ,3, , , ,1, , , , , , , , , , , , , , , , , , , ,1,8,90752688,2, , , , , , ,4, , , , , , , , , , , , , , , , , , , , , , , , , , , , , , , , , ,4, , , , , , , , , , , 
2024-10-25 08:55:57.179 UTC, , , , , , , , , ,125,3216821,68168,2800, ,11, ,4, , , , , , , , , ,11,11, , , ,6,6,14, ,2, , , , , , , , , , , , , , ,70863,9, ,70116, , , , ,70914,67441422336,17,17,17,17, , , , , , , , , , , , , , , , , , , , , , , , , , , , , , , , ,70914,1729841003432,,, , , , , , , , , ,3145728,70863, , , , , , , , , , , , ,3, , , ,1, , , , , , , , , , , , , , , , , , , , , ,148424368,2, , , , , , ,4, , , , , , , , , , , , , , , , , , , , , , , , , , , , , , , , , ,4, , , , , , , , , , , 
2024-10-25 08:56:57.213 UTC, , , , , , , , , ,125,3216821,68168,2800, ,11, ,4, , , , , , , , , ,11,11, , , ,6,6,14, ,2, , , , , , , , , , , , , , ,70863,9, ,70116, , , , ,70914,67413303296,17,17,17,17, , , , , , , , , , , , , , , , , , , , , , , , , , , , , , , , ,70914,1729841003432,,, , , , , , , , , ,3145728,70863, , , , , , , , , , , , ,3, , , ,1, , , , , , , , , , , , , , , , , , , ,1,21,108591632,2, , , , , , ,4, , , , , , , , , , , , , , , , , , , , , , , , , , , , , , , , , ,4, , , , , , , , , , , 
2024-10-25 08:57:57.238 UTC, , , , , , , , , ,125,3216821,68168,2800, ,11, ,4, , , , , , , , , ,11,11, , , ,6,6,14, ,2, , , , , , , , , , , , , , ,70863,9, ,70116, , , , ,70914,67394957312,17,17,17,17, , , , , , , , , , , , , , , , , , , , , , , , , , , , , , , , ,70914,1729841003432,,, , , , , , , , , ,3145728,70863, , , , , , , , , , , , ,3, , , ,1, , , , , , , , , , , , , , , , , , , ,1,16,67761864,2, , , , , , ,4, , , , , , , , , , , , , , , , , , , , , , , , , , , , , , , , , ,4, , , , , , , , , , , 
2024-10-25 08:58:57.255 UTC, , , , , , , , , ,125,3216821,68168,2800, ,11, ,4, , , , , , , , , ,11,11, , , ,6,6,14, ,2, , , , , , , , , , , , , , ,70863,9, ,70116, , , , ,70914,67343745024,17,17,17,17, , , , , , , , , , , , , , , , , , , , , , , , , , , , , , , , ,70914,1729841003432,,, , , , , , , , , ,3145728,70863, , , , , , , , , , , , ,3, , , ,1, , , , , , , , , , , , , , , , , , , , , ,126482120,2, , , , , , ,4, , , , , , , , , , , , , , , , , , , , , , , , , , , , , , , , , ,4, , , , , , , , , , , 
2024-10-25 08:59:57.262 UTC, , , , , , , , , ,125,3216821,68168,2800, ,11, ,4, , , , , , , , , ,11,11, , , ,6,6,14, ,2, , , , , , , , , , , , , , ,70863,9, ,70116, , , , ,70914,67282042880,17,17,17,17, , , , , , , , , , , , , , , , , , , , , , , , , , , , , , , , ,70914,1729841003432,,, , , , , , , , , ,3145728,70863, , , , , , , , , , , , ,3, , , ,1, , , , , , , , , , , , , , , , , , , ,1,14,86626096,2, , , , , , ,4, , , , , , , , , , , , , , , , , , , , , , , , , , , , , , , , , ,4, , , , , , , , , , , 
2024-10-25 09:00:57.275 UTC, , , , , , , , , ,125,3216821,68168,2800, ,11, ,2, , , , , , , , , ,11,11, , , ,6,6,14, ,1, , , , , , , , , , , , , , ,70863,9, ,70116, , , , ,70914,67259543552,17,17,17,17, , , , , , , , , , , , , , , , , , , , , , , , , , , , , , , , ,70914,1729841003432,,, , , , , , , , , ,3145728,70863, , , , , , , , , , , , ,3, , , ,1, , , , , , , , , , , , , , , , , , , , , ,143249200,2, , , , , , ,2, , , , , , , , , , , , , , , , , , , , , , , , , , , , , , , , , ,2, , , , , , , , , , , 
2024-10-25 09:01:57.308 UTC, , , , , , , , , ,125,3216821,68168,2800, ,11, ,4, , , , , , , , , ,11,11, , , ,6,6,14, ,2, , , , , , , , , , , , , , ,70863,9, ,70116, , , , ,70914,67244507136,17,17,17,17, , , , , , , , , , , , , , , , , , , , , , , , , , , , , , , , ,70914,1729841003432,,, , , , , , , , , ,3145728,70863, , , , , , , , , , , , ,3, , , ,1, , , , , , , , , , , , , , , , , , , ,1,22,103374144,2, , , , , , ,4, , , , , , , , , , , , , , , , , , , , , , , , , , , , , , , , , ,4, , , , , , , , , , , 
2024-10-25 09:02:57.345 UTC, , , , , , , , , ,125,3216821,68168,2800, ,11, ,4, , , , , , , , , ,11,11, , , ,6,6,14, ,2, , , , , , , , , , , , , , ,70863,9, ,70116, , , , ,70914,67247345664,17,17,17,17, , , , , , , , , , , , , , , , , , , , , , , , , , , , , , , , ,70914,1729841003432,,, , , , , , , , , ,3145728,70863, , , , , , , , , , , , ,3, , , ,1, , , , , , , , , , , , , , , , , , , ,1,14,62539920,2, , , , , , ,4, , , , , , , , , , , , , , , , , , , , , , , , , , , , , , , , , ,4, , , , , , , , , , , 
2024-10-25 09:03:57.370 UTC, , , , , , , , , ,125,3216821,68168,2800, ,11, ,4, , , , , , , , , ,11,11, , , ,6,6,14, ,2, , , , , , , , , , , , , , ,70863,9, ,70116, , , , ,70914,67603193856,17,17,17,17, , , , , , , , , , , , , , , , , , , , , , , , , , , , , , , , ,70914,1729841003432,,, , , , , , , , , ,3145728,70863, , , , , , , , , , , , ,3, , , ,1, , , , , , , , , , , , , , , , , , , , , ,121260176,2, , , , , , ,4, , , , , , , , , , , , , , , , , , , , , , , , , , , , , , , , , ,4, , , , , , , , , , , 
2024-10-25 09:04:37.083 UTC, , , , , , , , , ,125,3214021,68168, , ,11, ,2, , , , , , , , , ,11,11, , , ,6,6,14, ,1, , , , , , , , , , , , , , ,70863,9, ,70116, , , , ,70914,67601301504,17,17,17,17, , , , , , , , , , , , , , , , , , , , , , , , , , , , , , , , ,70914,1729841003432,,, , , , , , , , , ,3145728,70863, , , , , , , , , , , , ,3, , , ,1, , , , , , , , , , , , , , , , , , , ,1,35,63547048,2, , , , , , ,2, , , , , , , , , , , , , , , , , , , , , , , , , , , , , , , , , ,2, , , , , , , , , , , 
2024-10-25 09:05:02.424 UTC, , , , , , , , , ,125,3179261,33408, , ,4,2,46,4,0.09, , , , , , , ,4,4, ,2,2,3,2,5, ,55,34, , , , , , , , , , , , , ,70863,9, ,70116, , , , ,70914,67735379968,17,17,17,17, , , , , ,1,1058, , , , , , , , , , , , , , , , , , , , , , , , , ,70914,1729847101226,,, , , , , , , , , ,3145728,70863, , , , , , ,46, , ,2, , ,3, , ,46, ,4096,1, , , , , ,21027596,57, , , , , , ,2,19, , ,9,514,58818336,6, , , , , , ,33, , , , , ,1, , , , , , , , , , , , , , , , , , , , , , , , , , , , , , , , , , , , , , , 
2024-10-25 09:06:02.458 UTC, , , , , , , , , ,125,3216821,68168,2800, ,11, ,120,7,0.06, , , , , , , ,11,11, , , ,6,6,14, ,66,43, , , , , , , , , , , , , ,70863,9, ,70116, , , , ,70914,67568508928,17,17,17,17, , , , , , , , , , , , , , , , , , , , , , , , , , , , , , , , ,70914,1729847101226,,, , , , , , , , , ,3145728,70863, , , , , , ,57, , ,1, , ,3, , ,57,1, , , , , , , ,64607,58, , , , , , ,2,21, , ,2,95,119961304,4, , , , , , ,215, , , , , , , , , , , , , , , , , , , , , , , , , , , , , , , , ,97,43,15, , , , , , , , , , 
2024-10-25 09:07:02.481 UTC, , , , , , , , , ,125,3216821,68168,2800, ,11, ,4, , , , , , , , , ,11,11, , , ,6,6,14, ,2, , , , , , , , , , , , , , ,70863,9, ,70116, , , , ,70914,67512778752,17,17,17,17, , , , , , , , , , , , , , , , , , , , , , , , , , , , , , , , ,70914,1729847101226,,, , , , , , , , , ,3145728,70863, , , , , , , , , , , , ,3, , , ,1, , , , , , , , , , , , , , , , , , , ,1,36,97836312,3, , , , , , ,4, , , , , , , , , , , , , , , , , , , , , , , , , , , , , , , , , ,4, , , , , , , , , , , 
2024-10-25 09:08:02.501 UTC, , , , , , , , , ,125,3216821,68168,2800, ,11, ,4, , , , , , , , , ,11,11, , , ,6,6,14, ,2, , , , , , , , , , , , , , ,70863,9, ,70116, , , , ,70914,67515977728,17,17,17,17, , , , , , , , , , , , , , , , , , , , , , , , , , , , , , , , ,70914,1729847101226,,, , , , , , , , , ,3145728,70863, , , , , , , , , , , , ,3, , , ,1, , , , , , , , , , , , , , , , , , , ,1,38,75036448,3, , , , , , ,4, , , , , , , , , , , , , , , , , , , , , , , , , , , , , , , , , ,4, , , , , , , , , , , 
2024-10-25 09:09:02.522 UTC, , , , , , , , , ,125,3216821,68168,2800, ,11, ,4, , , , , , , , , ,11,11, , , ,6,6,14, ,2, , , , , , , , , , , , , , ,70863,9, ,70116, , , , ,70914,67504123904,17,17,17,17, , , , , , , , , , , , , , , , , , , , , , , , , , , , , , , , ,70914,1729847101226,,, , , , , , , , , ,3145728,70863, , , , , , , , , , , , ,3, , , ,1, , , , , , , , , , , , , , , , , , , , , ,132708128,2, , , , , , ,4, , , , , , , , , , , , , , , , , , , , , , , , , , , , , , , , , ,4, , , , , , , , , , , 
2024-10-25 09:10:02.541 UTC, , , , , , , , , ,125,3216821,68168,2800, ,11, ,4, , , , , , , , , ,11,11, , , ,6,6,14, ,2, , , , , , , , , , , , , , ,70863,9, ,70116, , , , ,70914,67507535872,17,17,17,17, , , , , , , , , , , , , , , , , , , , , , , , , , , , , , , , ,70914,1729847101226,,, , , , , , , , , ,3145728,70863, , , , , , , , , , , , ,3, , , ,1, , , , , , , , , , , , , , , , , , , ,1,39,101512704,2, , , , , , ,4, , , , , , , , , , , , , , , , , , , , , , , , , , , , , , , , , ,4, , , , , , , , , , , 
2024-10-25 09:11:02.563 UTC, , , , , , , , , ,125,3216821,68168,2800, ,11, ,4, , , , , , , , , ,11,11, , , ,6,6,14, ,2, , , , , , , , , , , , , , ,70863,9, ,70116, , , , ,70914,67508903936,17,17,17,17, , , , , , , , , , , , , , , , , , , , , , , , , , , , , , , , ,70914,1729847101226,,, , , , , , , , , ,3145728,70863, , , , , , , , , , , , ,3, , , ,1, , , , , , , , , , , , , , , , , , , ,1,24,67995296,2, , , , , , ,4, , , , , , , , , , , , , , , , , , , , , , , , , , , , , , , , , ,4, , , , , , , , , , , 
2024-10-25 09:12:02.576 UTC, , , , , , , , , ,125,3216821,68168,2800, ,11, ,2, , , , , , , , , ,11,11, , , ,6,6,14, ,1, , , , , , , , , , , , , , ,70863,9, ,70116, , , , ,70914,67510624256,17,17,17,17, , , , , , , , , , , , , , , , , , , , , , , , , , , , , , , , ,70914,1729847101226,,, , , , , , , , , ,3145728,70863, , , , , , , , , , , , ,3, , , ,1, , , , , , , , , , , , , , , , , , , , , ,125666976,2, , , , , , ,2, , , , , , , , , , , , , , , , , , , , , , , , , , , , , , , , , ,2, , , , , , , , , , , 
2024-10-25 09:13:02.596 UTC, , , , , , , , , ,125,3216821,68168,2800, ,11, ,4, , , , , , , , , ,11,11, , , ,6,6,14, ,2, , , , , , , , , , , , , , ,70863,9, ,70116, , , , ,70914,67475099648,17,17,17,17, , , , , , , , , , , , , , , , , , , , , , , , , , , , , , , , ,70914,1729847101226,,, , , , , , , , , ,3145728,70863, , , , , , , , , , , , ,3, , , ,1, , , , , , , , , , , , , , , , , , , ,1,25,91193384,2, , , , , , ,4, , , , , , , , , , , , , , , , , , , , , , , , , , , , , , , , , ,4, , , , , , , , , , , 
2024-10-25 09:14:02.630 UTC, , , , , , , , , ,125,3216821,68168,2800, ,11, ,4, , , , , , , , , ,11,11, , , ,6,6,14, ,2, , , , , , , , , , , , , , ,70863,9, ,70116, , , , ,70914,67464814592,17,17,17,17, , , , , , , , , , , , , , , , , , , , , , , , , , , , , , , , ,70914,1729847101226,,, , , , , , , , , ,3145728,70863, , , , , , , , , , , , ,3, , , ,1, , , , , , , , , , , , , , , , , , , ,1,22,57756624,3, , , , , , ,4, , , , , , , , , , , , , , , , , , , , , , , , , , , , , , , , , ,4, , , , , , , , , , , 
2024-10-25 09:20:40.607 UTC, , , , , , , , , ,125,3214021,68168, , ,11, ,4, , , , , , , , , ,11,11, , , ,6,6,14, ,2, , , , , , , , , , , , , , ,70863,9, ,70116, , , , ,70914,67480367104,17,17,17,17, , , , , , , , , , , , , , , , , , , , , , , , , , , , , , , , ,70914,1729847101226,,, , , , , , , , , ,3145728,70863, , , , , , , , , , , , ,3, , , ,1, , , , , , , , , , , , , , , , , , , , , ,118574032,3, , , , , , ,4, , , , , , , , , , , , , , , , , , , , , , , , , , , , , , , , , ,4, , , , , , , , , , , 
2024-10-25 09:21:07.729 UTC, , , , , , , , , ,125,3179261,33408, , ,4,2,46,4,0.09, , , , , , , ,4,4, ,2,2,3,2,5, ,55,34, , , , , , , , , , , , , ,70863,9, ,70116, , , , ,70914,67610554368,17,17,17,17, , , , , ,1,1058, , , , , , , , , , , , , , , , , , , , , , , , , ,70914,1729848066185,,, , , , , , , , , ,3145728,70863, , , , , , ,46, , ,2, , ,3, , ,46, ,4096,1, , , , , ,21027596,57, , , , , , ,2,18, , ,9,668,59220456,6, , , , , , ,33, , , , , ,1, , , , , , , , , , , , , , , , , , , , , , , , , , , , , , , , , , , , , , , 
2024-10-25 09:22:05.869 UTC, , , , , , , , , ,125,3214021,68168, , ,11, ,120,7,0.06, , , , , , , ,11,11, , , ,6,6,14, ,66,43, , , , , , , , , , , , , ,70863,9, ,70116, , , , ,70914,67475935232,17,17,17,17, , , , , , , , , , , , , , , , , , , , , , , , , , , , , , , , ,70914,1729848066185,,, , , , , , , , , ,3145728,70863, , , , , , ,57, , ,1, , ,3, , ,57,1, , , , , , , ,64607,58, , , , , , ,2,27, , ,2,129,125911088,5, , , , , , ,215, , , , , , , , , , , , , , , , , , , , , , , , , , , , , , , , ,97,43,15, , , , , , , , , , 
2024-10-25 09:22:32.795 UTC, , , , , , , , , ,125,3185621,39544,224, ,6,2,54,6,0.11, , , , , , , ,6,6, ,2,2,5,2,8, ,65,42, , , , , , , , , , , , , ,70863,9, ,70116, , , , ,70914,67599990784,17,17,17,17, , , , , ,1,1058, , , , , , , , , , , , , , , , , , , , , , , , , ,70914,1729848151712,,, , , , , , , , , ,3145728,70863, , , , , , ,50, , ,3, , ,3, , ,51,1,4096,1, , , , , ,21048501,63, , , , , , ,2,20, , ,9,595,86015688,8, , , , , , ,55, , , , , ,1, , , , , , , , , , , , , , , , , , , , , , , , , , ,16, , , , , , , , , , , , 
2024-10-25 09:23:32.819 UTC, , , , , , , , , ,125,3216821,68168,2800, ,11, ,112,5,0.04, , , , , , , ,11,11, , , ,6,6,14, ,56,35, , , , , , , , , , , , , ,70863,9, ,70116, , , , ,70914,67458744320,17,17,17,17, , , , , , , , , , , , , , , , , , , , , , , , , , , , , , , , ,70914,1729848151712,,, , , , , , , , , ,3145728,70863, , , , , , ,53, , , , , ,3, , ,52,1, , , , , , , ,43702,52, , , , , , ,2,16, , ,2,49,120486824,5, , , , , , ,193, , , , , , , , , , , , , , , , , , , , , , , , , , , , , , , , ,81,43,15, , , , , , , , , , 
2024-10-25 09:24:32.853 UTC, , , , , , , , , ,125,3216821,68168,2800, ,11, ,4, , , , , , , , , ,11,11, , , ,6,6,14, ,2, , , , , , , , , , , , , , ,70863,9, ,70116, , , , ,70914,67463806976,17,17,17,17, , , , , , , , , , , , , , , , , , , , , , , , , , , , , , , , ,70914,1729848151712,,, , , , , , , , , ,3145728,70863, , , , , , , , , , , , ,3, , , ,1, , , , , , , , , , , , , , , , , , , ,1,23,93046480,3, , , , , , ,4, , , , , , , , , , , , , , , , , , , , , , , , , , , , , , , , , ,4, , , , , , , , , , , 
2024-10-25 09:25:32.877 UTC, , , , , , , , , ,125,3216821,68168,2800, ,11, ,4, , , , , , , , , ,11,11, , , ,6,6,14, ,2, , , , , , , , , , , , , , ,70863,9, ,70116, , , , ,70914,67455664128,17,17,17,17, , , , , , , , , , , , , , , , , , , , , , , , , , , , , , , , ,70914,1729848151712,,, , , , , , , , , ,3145728,70863, , , , , , , , , , , , ,3, , , ,1, , , , , , , , , , , , , , , , , , , , , ,150718160,3, , , , , , ,4, , , , , , , , , , , , , , , , , , , , , , , , , , , , , , , , , ,4, , , , , , , , , , , 
2024-10-25 09:26:32.898 UTC, , , , , , , , , ,125,3216821,68168,2800, ,11, ,4, , , , , , , , , ,11,11, , , ,6,6,14, ,2, , , , , , , , , , , , , , ,70863,9, ,70116, , , , ,70914,67465256960,17,17,17,17, , , , , , , , , , , , , , , , , , , , , , , , , , , , , , , , ,70914,1729848151712,,, , , , , , , , , ,3145728,70863, , , , , , , , , , , , ,3, , , ,1, , , , , , , , , , , , , , , , , , , ,1,23,109145192,3, , , , , , ,4, , , , , , , , , , , , , , , , , , , , , , , , , , , , , , , , , ,4, , , , , , , , , , , 
2024-10-25 09:27:32.918 UTC, , , , , , , , , ,125,3216821,68168,2800, ,11, ,4, , , , , , , , , ,11,11, , , ,6,6,14, ,2, , , , , , , , , , , , , , ,70863,9, ,70116, , , , ,70914,67445456896,17,17,17,17, , , , , , , , , , , , , , , , , , , , , , , , , , , , , , , , ,70914,1729848151712,,, , , , , , , , , ,3145728,70863, , , , , , , , , , , , ,3, , , ,1, , , , , , , , , , , , , , , , , , , ,1,17,57871600,2, , , , , , ,4, , , , , , , , , , , , , , , , , , , , , , , , , , , , , , , , , ,4, , , , , , , , , , , 
2024-10-25 09:28:32.932 UTC, , , , , , , , , ,125,3216821,68168,2800, ,11, ,4, , , , , , , , , ,11,11, , , ,6,6,14, ,2, , , , , , , , , , , , , , ,70863,9, ,70116, , , , ,70914,67442786304,17,17,17,17, , , , , , , , , , , , , , , , , , , , , , , , , , , , , , , , ,70914,1729848151712,,, , , , , , , , , ,3145728,70863, , , , , , , , , , , , ,3, , , ,1, , , , , , , , , , , , , , , , , , , , , ,117640432,2, , , , , , ,4, , , , , , , , , , , , , , , , , , , , , , , , , , , , , , , , , ,4, , , , , , , , , , , 
2024-10-25 09:29:32.949 UTC, , , , , , , , , ,125,3216821,68168,2800, ,11, ,2, , , , , , , , , ,11,11, , , ,6,6,14, ,1, , , , , , , , , , , , , , ,70863,9, ,70116, , , , ,70914,67446079488,17,17,17,17, , , , , , , , , , , , , , , , , , , , , , , , , , , , , , , , ,70914,1729848151712,,, , , , , , , , , ,3145728,70863, , , , , , , , , , , , ,3, , , ,1, , , , , , , , , , , , , , , , , , , ,1,22,66208328,2, , , , , , ,2, , , , , , , , , , , , , , , , , , , , , , , , , , , , , , , , , ,2, , , , , , , , , , , 
2024-10-25 09:30:32.961 UTC, , , , , , , , , ,125,3216821,68168,2800, ,11, ,4, , , , , , , , , ,11,11, , , ,6,6,14, ,2, , , , , , , , , , , , , , ,70863,9, ,70116, , , , ,70914,67458498560,17,17,17,17, , , , , , , , , , , , , , , , , , , , , , , , , , , , , , , , ,70914,1729848151712,,, , , , , , , , , ,3145728,70863, , , , , , , , , , , , ,3, , , ,1, , , , , , , , , , , , , , , , , , , , , ,123880008,3, , , , , , ,4, , , , , , , , , , , , , , , , , , , , , , , , , , , , , , , , , ,4, , , , , , , , , , , 
2024-10-25 09:31:32.996 UTC, , , , , , , , , ,125,3216821,68168,2800, ,11, ,4, , , , , , , , , ,11,11, , , ,6,6,14, ,2, , , , , , , , , , , , , , ,70863,9, ,70116, , , , ,70914,67445284864,17,17,17,17, , , , , , , , , , , , , , , , , , , , , , , , , , , , , , , , ,70914,1729848151712,,, , , , , , , , , ,3145728,70863, , , , , , , , , , , , ,3, , , ,1, , , , , , , , , , , , , , , , , , , ,1,19,74776704,3, , , , , , ,4, , , , , , , , , , , , , , , , , , , , , , , , , , , , , , , , , ,4, , , , , , , , , , , 
2024-10-25 09:32:33.015 UTC, , , , , , , , , ,125,3216821,68168,2800, ,11, ,4, , , , , , , , , ,11,11, , , ,6,6,14, ,2, , , , , , , , , , , , , , ,70863,9, ,70116, , , , ,70914,67448987648,17,17,17,17, , , , , , , , , , , , , , , , , , , , , , , , , , , , , , , , ,70914,1729848151712,,, , , , , , , , , ,3145728,70863, , , , , , , , , , , , ,3, , , ,1, , , , , , , , , , , , , , , , , , , , , ,132448384,2, , , , , , ,4, , , , , , , , , , , , , , , , , , , , , , , , , , , , , , , , , ,4, , , , , , , , , , , 
2024-10-25 09:33:33.054 UTC, , , , , , , , , ,125,3216821,68168,2800, ,11, ,4, , , , , , , , , ,11,11, , , ,6,6,14, ,2, , , , , , , , , , , , , , ,70863,9, ,70116, , , , ,70914,67445022720,17,17,17,17, , , , , , , , , , , , , , , , , , , , , , , , , , , , , , , , ,70914,1729848151712,,, , , , , , , , , ,3145728,70863, , , , , , , , , , , , ,3, , , ,1, , , , , , , , , , , , , , , , , , , ,1,28,80958776,2, , , , , , ,4, , , , , , , , , , , , , , , , , , , , , , , , , , , , , , , , , ,4, , , , , , , , , , , 
2024-10-25 09:34:33.084 UTC, , , , , , , , , ,125,3216821,68168,2800, ,11, ,4, , , , , , , , , ,11,11, , , ,6,6,14, ,2, , , , , , , , , , , , , , ,70863,9, ,70116, , , , ,70914,67438956544,17,17,17,17, , , , , , , , , , , , , , , , , , , , , , , , , , , , , , , , ,70914,1729848151712,,, , , , , , , , , ,3145728,70863, , , , , , , , , , , , ,3, , , ,1, , , , , , , , , , , , , , , , , , , , , ,138630456,2, , , , , , ,4, , , , , , , , , , , , , , , , , , , , , , , , , , , , , , , , , ,4, , , , , , , , , , , 
2024-10-25 09:35:33.114 UTC, , , , , , , , , ,125,3216821,68168,2800, ,11, ,4, , , , , , , , , ,11,11, , , ,6,6,14, ,2, , , , , , , , , , , , , , ,70863,9, ,70116, , , , ,70914,67439046656,17,17,17,17, , , , , , , , , , , , , , , , , , , , , , , , , , , , , , , , ,70914,1729848151712,,, , , , , , , , , ,3145728,70863, , , , , , , , , , , , ,3, , , ,1, , , , , , , , , , , , , , , , , , , ,1,30,88581240,2, , , , , , ,4, , , , , , , , , , , , , , , , , , , , , , , , , , , , , , , , , ,4, , , , , , , , , , , 
2024-10-25 09:36:33.136 UTC, , , , , , , , , ,125,3216821,68168,2800, ,11, ,4, , , , , , , , , ,11,11, , , ,6,6,14, ,2, , , , , , , , , , , , , , ,70863,9, ,70116, , , , ,70914,67435417600,17,17,17,17, , , , , , , , , , , , , , , , , , , , , , , , , , , , , , , , ,70914,1729848151712,,, , , , , , , , , ,3145728,70863, , , , , , , , , , , , ,3, , , ,1, , , , , , , , , , , , , , , , , , , , , ,146252920,2, , , , , , ,4, , , , , , , , , , , , , , , , , , , , , , , , , , , , , , , , , ,4, , , , , , , , , , , 
2024-10-25 09:37:33.170 UTC, , , , , , , , , ,125,3216821,68168,2800, ,11, ,4, , , , , , , , , ,11,11, , , ,6,6,14, ,2, , , , , , , , , , , , , , ,70863,9, ,70116, , , , ,70914,67435642880,17,17,17,17, , , , , , , , , , , , , , , , , , , , , , , , , , , , , , , , ,70914,1729848151712,,, , , , , , , , , ,3145728,70863, , , , , , , , , , , , ,3, , , ,1, , , , , , , , , , , , , , , , , , , ,1,20,93605288,2, , , , , , ,4, , , , , , , , , , , , , , , , , , , , , , , , , , , , , , , , , ,4, , , , , , , , , , , 
2024-10-25 09:38:33.193 UTC, , , , , , , , , ,125,3216821,68168,2800, ,11, ,4, , , , , , , , , ,11,11, , , ,6,6,14, ,2, , , , , , , , , , , , , , ,70863,9, ,70116, , , , ,70914,67434893312,17,17,17,17, , , , , , , , , , , , , , , , , , , , , , , , , , , , , , , , ,70914,1729848151712,,, , , , , , , , , ,3145728,70863, , , , , , , , , , , , ,3, , , ,1, , , , , , , , , , , , , , , , , , , , , ,151276968,2, , , , , , ,4, , , , , , , , , , , , , , , , , , , , , , , , , , , , , , , , , ,4, , , , , , , , , , , 
2024-10-25 09:39:33.223 UTC, , , , , , , , , ,125,3216821,68168,2800, ,11, ,4, , , , , , , , , ,11,11, , , ,6,6,14, ,2, , , , , , , , , , , , , , ,70863,9, ,70116, , , , ,70914,67458449408,17,17,17,17, , , , , , , , , , , , , , , , , , , , , , , , , , , , , , , , ,70914,1729848151712,,, , , , , , , , , ,3145728,70863, , , , , , , , , , , , ,3, , , ,1, , , , , , , , , , , , , , , , , , , ,1,27,102007488,2, , , , , , ,4, , , , , , , , , , , , , , , , , , , , , , , , , , , , , , , , , ,4, , , , , , , , , , , 
2024-10-25 09:40:27.635 UTC, , , , , , , , , ,125,3214021,68168, , ,11, ,2, , , , , , , , , ,11,11, , , ,6,6,14, ,1, , , , , , , , , , , , , , ,70863,9, ,70116, , , , ,70914,67593945088,17,17,17,17, , , , , , , , , , , , , , , , , , , , , , , , , , , , , , , , ,70914,1729848151712,,, , , , , , , , , ,3145728,70863, , , , , , , , , , , , ,3, , , ,1, , , , , , , , , , , , , , , , , , , , , ,158630592,2, , , , , , ,2, , , , , , , , , , , , , , , , , , , , , , , , , , , , , , , , , ,2, , , , , , , , , , , 
2024-10-25 09:41:40.193 UTC, , , , , , , , , ,125,3185621,39544,224, ,6,2,54,6,0.11, , , , , , , ,6,6, ,2,2,5,2,8, ,65,42, , , , , , , , , , , , , ,70863,9, ,70116, , , , ,70914,67712544768,17,17,17,17, , , , , ,1,1058, , , , , , , , , , , , , , , , , , , , , , , , , ,70914,1729849298563,,, , , , , , , , , ,3145728,70863, , , , , , ,58, , ,3, , ,3, , ,58,1,4096,1, , , , , ,21048501,70, , , , , , ,2,72, , ,9,643,50544232,5, , , , , , ,55, , , , , ,1, , , , , , , , , , , , , , , , , , , , , , , , , , ,16, , , , , , , , , , , , 
2024-10-25 09:42:40.254 UTC, , , , , , , , , ,125,3216821,68168,2800, ,11, ,112,5,0.04, , , , , , , ,11,11, , , ,6,6,14, ,56,35, , , , , , , , , , , , , ,70863,9, ,70116, , , , ,70914,67495772160,17,17,17,17, , , , , , , , , , , , , , , , , , , , , , , , , , , , , , , , ,70914,1729849298563,,, , , , , , , , , ,3145728,70863, , , , , , ,45, , , , , ,3, , ,45,1, , , , , , , ,43702,45, , , , , , ,2,22, , ,2,116,128026104,4, , , , , , ,193, , , , , , , , , , , , , , , , , , , , , , , , , , , , , , , , ,81,43,15, , , , , , , , , , 
2024-10-25 09:43:22.638 UTC, , , , , , , , , ,125,3214021,68168, , ,11, ,2, , , , , , , , , ,11,11, , , ,6,6,14, ,1, , , , , , , , , , , , , , ,70863,9, ,70116, , , , ,70914,67667369984,17,17,17,17, , , , , , , , , , , , , , , , , , , , , , , , , , , , , , , , ,70914,1729849298563,,, , , , , , , , , ,3145728,70863, , , , , , , , , , , , ,3, , , ,1, , , , , , , , , , , , , , , , , , , ,1,69,82218232,4, , , , , , ,2, , , , , , , , , , , , , , , , , , , , , , , , , , , , , , , , , ,2, , , , , , , , , , , 
